instrument_key,name,isin,cusip,sedol,country,original_status,status,membership_months,first_selection_month,last_selection_month,original_inventory_sha256,existing_symbols,provider_exact_isin_candidate,provider_listing_signatures,provider_any_identifier_candidate,supplemental_id_mapping_symbols,supplemental_id_mapping_verified_historical_primary,current_mic_candidates,trading_currency_candidates,historical_listing_verified,listing_interval_ready,dated_sec_listing_observation,dated_sec_listing_source,dated_sec_listing_filing_date,recovered_vs_cached_overlap_sessions,recovered_vs_cached_max_close_difference_pct,best_price_symbol,first,last,valid_rows,expected_2021_sessions,missing_2021_sessions,unexpected_sessions,missing_through_last_membership_cutoff,missing_during_observed_membership_months,initial_cutoff,initial_available_bars,momentum63_initial_missing,momentum126_initial_missing,momentum252_initial_missing,ema200_minimum_initial_missing,atr14_minimum_initial_missing,initial_ema_seed_missing,price_span_recovered,gics_exploratory_pass,gics_strict_pass,sector,sector_approximation,sector_source,sector_sha256,calendar_diagnostic,calendar_admission_pass,adjusted_close_candidate,legacy_split_record_count,legacy_dividend_record_count,recovered_split_query_completed,recovered_split_record_count,recovered_dividend_record_count,recovered_dividends_with_payment_date,complete_merger_delisting_ledger,price_flags_requiring_review,price_flag_dates,current_adr_primary_category,missing_requirements,required_actions,source_evidence,listing_pass,ohlcv_pass,adjustment_pass,corporate_actions_pass,gics_pass,calendar_timezone_pass,fx_pass,pit_membership_pass
isin:AN8068571086,Schlumberger NV,AN8068571086,806857108,,CW,PARTIALLY_READY,PARTIALLY_READY,2023-10;2023-11;2023-12;2024-01;2024-02;2024-03;2024-04;2024-05;2024-06;2024-07;2024-08;2024-09;2024-10;2024-11;2024-12;2025-01;2025-02;2025-03;2025-04;2025-05;2025-06;2025-07;2025-08;2025-09;2025-10;2025-11;2025-12;2026-01;2026-02;2026-03;2026-04;2026-05;2026-06;2026-07;2026-08;2026-09,2023-10,2026-09,2b660030dbf1b6abe7c2e7990788c9c1b52e515c700e92047558042804e51fb1,SLB,True,1,True,,False,XNYS,USD,False,False,False,,,0,,SLB,2022-11-28,2026-10-01,964,1442,479,0,479,0,2023-09-29,211,0,0,42,0,0,479,False,True,False,Energy,True,https://raw.githubusercontent.com/datasets/s-and-p-500-companies/master/data/constituents.csv,3f9c0fe66d1762a442717029ec5a0ff920e6126a009403281b451ce303c1c901,XNYS,False,False,0,16,False,0,0,0,False,0,,UNVERIFIED; preserve source share class,listing;ohlcv;adjustment;corporate_actions;calendar_timezone,"verify prior-public listing intervals and security representation; validate source clocks/calendars; reconcile split-only OHLC, total-return vintages, dividends/payment dates and merger/delisting ledger; recover seed/warm-up and missing sessions; disclose current-GICS approximation and assess sensitivity; USD identity FX only","[{""symbol"":""SLB"",""file"":""backtests/staged/wf3_prices.json.gz"",""sha256"":""6ab928b5ab5a1226dfecbccd9b50e444766aba9c00f6ce4f372801cbaaab2793"",""observations"":964,""first"":""2022-11-28"",""last"":""2026-10-01""}]",False,False,False,False,True,False,True,True
isin:KR7000660001,SK hynix Inc,KR7000660001,,,KR,PARTIALLY_READY,PARTIALLY_READY,2023-10;2023-11;2023-12;2024-01;2024-02;2024-03;2024-04;2024-05;2024-06;2024-07;2024-08;2024-09;2024-10;2024-11;2024-12;2025-01;2025-02;2025-03;2025-04;2025-05;2025-06;2025-07;2025-08;2025-09;2025-10;2025-11;2025-12;2026-01;2026-02;2026-03;2026-04;2026-05;2026-06;2026-07;2026-08;2026-09,2023-10,2026-09,2b660030dbf1b6abe7c2e7990788c9c1b52e515c700e92047558042804e51fb1,000660.KO,True,1,True,,False,XKRX,KRW,False,False,False,,,0,,000660.KO,2025-10-10,2026-10-08,244,1409,1170,0,1170,491,2023-09-29,0,64,127,253,200,15,679,False,False,False,UNRESOLVED,False,,,XKRX,False,True,0,0,False,0,0,0,False,0,2026-07-31,UNVERIFIED; preserve source share class,listing;ohlcv;adjustment;corporate_actions;gics;calendar_timezone;fx,"verify prior-public listing intervals and security representation; validate source clocks/calendars; reconcile split-only OHLC, total-return vintages, dividends/payment dates and merger/delisting ledger; recover seed/warm-up and missing sessions; source exact-ID current GICS and corrections; source native-USD FX with historical publication times","[{""symbol"":""000660.KO"",""file"":""research/eodhd_output/asia_corporate_actions/000660_KO.csv"",""sha256"":""701b51ff36edaa6a6565e6b0164cef893972a39b3ea412b3212861326453290a"",""observations"":244,""first"":""2025-10-10"",""last"":""2026-10-08""},{""symbol"":""000660.KO"",""file"":""research/eodhd_output/asia_corporate_actions/backtest_inputs/000660_KO_session_filtered.csv"",""sha256"":""098f731b80453378dd0ced06484d4c76174419fd58496d997683eb001dc185d0"",""observations"":244,""first"":""2025-10-10"",""last"":""2026-10-08""}]",False,False,False,False,False,False,False,True
isin:KR7009150004,Samsung Electro-Mechanics Co Ltd,KR7009150004,,,KR,PARTIALLY_READY,PARTIALLY_READY,2026-08;2026-09,2026-08,2026-09,2b660030dbf1b6abe7c2e7990788c9c1b52e515c700e92047558042804e51fb1,009150.KO,True,1,True,,False,XKRX,KRW,False,False,False,,,0,,009150.KO,2025-10-10,2026-10-08,244,1409,1170,0,1170,0,2026-08-31,219,2,2,34,2,0,1170,False,False,False,UNRESOLVED,False,,,XKRX,False,True,0,0,False,0,0,0,False,0,2026-07-31,UNVERIFIED; preserve source share class,listing;ohlcv;adjustment;corporate_actions;gics;calendar_timezone;fx,"verify prior-public listing intervals and security representation; validate source clocks/calendars; reconcile split-only OHLC, total-return vintages, dividends/payment dates and merger/delisting ledger; recover seed/warm-up and missing sessions; source exact-ID current GICS and corrections; source native-USD FX with historical publication times","[{""symbol"":""009150.KO"",""file"":""research/eodhd_output/asia_corporate_actions/009150_KO.csv"",""sha256"":""27673f1e42c6257b91e9b5aabbeed813937c8e325aa65c34360b47f444a80a23"",""observations"":244,""first"":""2025-10-10"",""last"":""2026-10-08""},{""symbol"":""009150.KO"",""file"":""research/eodhd_output/asia_corporate_actions/backtest_inputs/009150_KO_session_filtered.csv"",""sha256"":""0492194750090e7d295d108cd78d94797c2425b58ef293577fbb1a30100041bb"",""observations"":244,""first"":""2025-10-10"",""last"":""2026-10-08""}]",False,False,False,False,False,False,False,True
isin:PA1436583006,Carnival Corp,PA1436583006,143658300,,PA,PARTIALLY_READY,PARTIALLY_READY,2023-10;2023-11;2023-12;2024-01;2024-02;2024-03;2024-04;2024-05;2024-06;2024-07;2024-08;2024-09;2024-10;2024-11;2024-12;2025-01;2025-02;2025-03;2025-04;2025-05;2025-06;2025-07;2025-08;2025-09;2025-10;2025-11;2025-12;2026-01;2026-02;2026-03;2026-04;2026-05;2026-06;2026-07,2023-10,2026-07,2b660030dbf1b6abe7c2e7990788c9c1b52e515c700e92047558042804e51fb1,CCL,False,0,True,CVC1.F;CVC1.STU,False,,,False,False,False,,,0,,CCL,2022-11-28,2026-10-01,964,1442,479,0,479,0,2023-09-29,211,0,0,42,0,0,479,False,False,False,UNRESOLVED,False,,,XNYS,False,False,0,3,False,0,0,0,False,0,,UNVERIFIED; preserve source share class,listing;ohlcv;adjustment;corporate_actions;gics;calendar_timezone,"verify prior-public listing intervals and security representation; validate source clocks/calendars; reconcile split-only OHLC, total-return vintages, dividends/payment dates and merger/delisting ledger; recover seed/warm-up and missing sessions; source exact-ID current GICS and corrections; USD identity FX only","[{""symbol"":""CCL"",""file"":""backtests/staged/wf3_prices.json.gz"",""sha256"":""6ab928b5ab5a1226dfecbccd9b50e444766aba9c00f6ce4f372801cbaaab2793"",""observations"":964,""first"":""2022-11-28"",""last"":""2026-10-01""}]",False,False,False,False,False,False,True,True
isin:TW0002330008,Taiwan Semiconductor Manufacturing Co Ltd,TW0002330008,,,TW,PARTIALLY_READY,PARTIALLY_READY,2026-08;2026-09,2026-08,2026-09,2b660030dbf1b6abe7c2e7990788c9c1b52e515c700e92047558042804e51fb1,2330.TW,True,1,True,,False,XTAI,TWD,False,False,False,,,0,,2330.TW,2025-10-09,2026-10-08,242,1396,1160,0,1160,0,2026-08-31,216,0,0,37,0,0,1160,False,False,False,UNRESOLVED,False,,,XTAI,False,True,0,0,False,0,0,0,False,0,,UNVERIFIED; preserve source share class,listing;ohlcv;adjustment;corporate_actions;gics;calendar_timezone;fx,"verify prior-public listing intervals and security representation; validate source clocks/calendars; reconcile split-only OHLC, total-return vintages, dividends/payment dates and merger/delisting ledger; recover seed/warm-up and missing sessions; source exact-ID current GICS and corrections; source native-USD FX with historical publication times","[{""symbol"":""2330.TW"",""file"":""research/eodhd_output/asia_corporate_actions/2330_TW.csv"",""sha256"":""94cb99c077bff8fb0cd13e9d87755aba6e25f546c7652325f624b90f81235474"",""observations"":242,""first"":""2025-10-09"",""last"":""2026-10-08""},{""symbol"":""2330.TW"",""file"":""research/eodhd_output/asia_corporate_actions/backtest_inputs/2330_TW_session_filtered.csv"",""sha256"":""be5d686368a6636e43ac4331af8eee9de86d541e0c35c667578f2959b4a02d86"",""observations"":242,""first"":""2025-10-09"",""last"":""2026-10-08""}]",False,False,False,False,False,False,False,True
isin:TW0003711008,ASE Technology Holding Co Ltd,TW0003711008,,,TW,PARTIALLY_READY,PARTIALLY_READY,2026-05;2026-06;2026-07;2026-08;2026-09,2026-05,2026-09,2b660030dbf1b6abe7c2e7990788c9c1b52e515c700e92047558042804e51fb1,3711.TW,True,1,True,,False,XTAI,TWD,False,False,False,,,0,,3711.TW,2025-10-09,2026-10-08,243,1396,1160,0,1160,0,2026-05-29,152,0,0,101,48,0,1160,False,False,False,UNRESOLVED,False,,,XTAI,False,True,0,0,False,0,0,0,False,0,,UNVERIFIED; preserve source share class,listing;ohlcv;adjustment;corporate_actions;gics;calendar_timezone;fx,"verify prior-public listing intervals and security representation; validate source clocks/calendars; reconcile split-only OHLC, total-return vintages, dividends/payment dates and merger/delisting ledger; recover seed/warm-up and missing sessions; source exact-ID current GICS and corrections; source native-USD FX with historical publication times","[{""symbol"":""3711.TW"",""file"":""research/eodhd_output/asia_corporate_actions/3711_TW.csv"",""sha256"":""b80b2839ce0a5d3c680b355c0e980d5bd3ad20f1c15581d2180e527d5c7c701b"",""observations"":243,""first"":""2025-10-09"",""last"":""2026-10-08""},{""symbol"":""3711.TW"",""file"":""research/eodhd_output/asia_corporate_actions/backtest_inputs/3711_TW_session_filtered.csv"",""sha256"":""eda7bd3f9596df2f52c61a2459ef884fc9704ac7e45c8dca4e0e63c07d2bce13"",""observations"":242,""first"":""2025-10-09"",""last"":""2026-10-08""}]",False,False,False,False,False,False,False,True
isin:US0010551028,Aflac Inc,US0010551028,001055102,,US,PARTIALLY_READY,PARTIALLY_READY,2023-10;2023-11;2023-12;2024-01;2024-02;2024-03;2024-04;2024-05;2024-06;2024-07;2024-08;2024-09;2024-10;2024-11;2024-12;2025-01;2025-02;2025-03;2025-04;2025-05;2025-06;2025-07;2025-08;2025-09;2025-10;2025-11;2025-12;2026-01;2026-02;2026-03;2026-04;2026-05;2026-06;2026-07;2026-08;2026-09,2023-10,2026-09,2b660030dbf1b6abe7c2e7990788c9c1b52e515c700e92047558042804e51fb1,AFL,True,1,True,,False,XNYS,USD,False,False,False,,,0,,AFL,2022-11-28,2026-10-01,964,1442,479,0,479,0,2023-09-29,211,0,0,42,0,0,479,False,True,False,Financials,True,https://raw.githubusercontent.com/datasets/s-and-p-500-companies/master/data/constituents.csv,f74fd34e3d6b4391e350956dfe8ef8667a28e6128bc23334427097b60ecb248d,XNYS,False,False,0,15,False,0,0,0,False,0,,UNVERIFIED; preserve source share class,listing;ohlcv;adjustment;corporate_actions;calendar_timezone,"verify prior-public listing intervals and security representation; validate source clocks/calendars; reconcile split-only OHLC, total-return vintages, dividends/payment dates and merger/delisting ledger; recover seed/warm-up and missing sessions; disclose current-GICS approximation and assess sensitivity; USD identity FX only","[{""symbol"":""AFL"",""file"":""backtests/staged/wf3_prices.json.gz"",""sha256"":""6ab928b5ab5a1226dfecbccd9b50e444766aba9c00f6ce4f372801cbaaab2793"",""observations"":964,""first"":""2022-11-28"",""last"":""2026-10-01""}]",False,False,False,False,True,False,True,True
isin:US00130H1059,AES Corp/The,US00130H1059,00130H105,,US,PARTIALLY_READY,PARTIALLY_READY,2023-10;2023-11;2023-12;2024-01;2024-02;2024-03;2024-04;2024-05;2024-06;2024-07;2024-08;2024-09;2024-10;2024-11;2024-12;2025-01;2025-02;2025-03;2025-04;2025-05;2025-06;2025-07;2025-08;2025-09;2025-10;2025-11;2025-12;2026-01;2026-02;2026-03;2026-04;2026-05;2026-06;2026-07;2026-08;2026-09,2023-10,2026-09,2b660030dbf1b6abe7c2e7990788c9c1b52e515c700e92047558042804e51fb1,AES,True,1,True,,False,XNYS,USD,False,False,False,,,0,,AES,2022-11-28,2026-10-01,964,1442,479,0,479,0,2023-09-29,211,0,0,42,0,0,479,False,True,False,Utilities,True,https://raw.githubusercontent.com/datasets/s-and-p-500-companies/master/data/constituents.csv,51148823741afb4cc480a7b58a7073b3503bca397bfb531988edd7a7beacf644,XNYS,False,False,0,15,False,0,0,0,False,0,,UNVERIFIED; preserve source share class,listing;ohlcv;adjustment;corporate_actions;calendar_timezone,"verify prior-public listing intervals and security representation; validate source clocks/calendars; reconcile split-only OHLC, total-return vintages, dividends/payment dates and merger/delisting ledger; recover seed/warm-up and missing sessions; disclose current-GICS approximation and assess sensitivity; USD identity FX only","[{""symbol"":""AES"",""file"":""backtests/staged/wf3_prices.json.gz"",""sha256"":""6ab928b5ab5a1226dfecbccd9b50e444766aba9c00f6ce4f372801cbaaab2793"",""observations"":964,""first"":""2022-11-28"",""last"":""2026-10-01""}]",False,False,False,False,True,False,True,True
isin:US00206R1023,AT&T Inc,US00206R1023,00206R102,,US,PARTIALLY_READY,PARTIALLY_READY,2023-10;2023-11;2023-12;2024-01;2024-02;2024-03;2024-04;2024-05;2024-06;2024-07;2024-08;2024-09;2024-10;2024-11;2024-12;2025-01;2025-02;2025-03;2025-04;2025-05;2025-06;2025-07;2025-08;2025-09;2025-10;2025-11;2025-12;2026-01;2026-02;2026-03;2026-04;2026-05;2026-06;2026-07;2026-08;2026-09,2023-10,2026-09,2b660030dbf1b6abe7c2e7990788c9c1b52e515c700e92047558042804e51fb1,T,True,1,True,,False,XNYS,USD,False,False,False,,,0,,T,2022-11-28,2026-10-01,964,1442,479,0,479,0,2023-09-29,211,0,0,42,0,0,479,False,True,False,Communication Services,True,https://raw.githubusercontent.com/datasets/s-and-p-500-companies/master/data/constituents.csv,98e633e42c6b47737cc5501bcc01785ecccc028f4ada02379f0938fa5da6423a,XNYS,False,False,0,15,False,0,0,0,False,0,,UNVERIFIED; preserve source share class,listing;ohlcv;adjustment;corporate_actions;calendar_timezone,"verify prior-public listing intervals and security representation; validate source clocks/calendars; reconcile split-only OHLC, total-return vintages, dividends/payment dates and merger/delisting ledger; recover seed/warm-up and missing sessions; disclose current-GICS approximation and assess sensitivity; USD identity FX only","[{""symbol"":""T"",""file"":""backtests/staged/wf3_prices.json.gz"",""sha256"":""6ab928b5ab5a1226dfecbccd9b50e444766aba9c00f6ce4f372801cbaaab2793"",""observations"":964,""first"":""2022-11-28"",""last"":""2026-10-01""}]",False,False,False,False,True,False,True,True
isin:US0028241000,Abbott Laboratories,US0028241000,002824100,,US,PARTIALLY_READY,PARTIALLY_READY,2023-10;2023-11;2023-12;2024-01;2024-02;2024-03;2024-04;2024-05;2024-06;2024-07;2024-08;2024-09;2024-10;2024-11;2024-12;2025-01;2025-02;2025-03;2025-04;2025-05;2025-06;2025-07;2025-08;2025-09;2025-10;2025-11;2025-12;2026-01;2026-02;2026-03;2026-04;2026-05;2026-06;2026-07;2026-08;2026-09,2023-10,2026-09,2b660030dbf1b6abe7c2e7990788c9c1b52e515c700e92047558042804e51fb1,ABT,True,1,True,,False,XNYS,USD,False,False,False,,,0,,ABT,2022-11-28,2026-10-01,964,1442,479,0,479,0,2023-09-29,211,0,0,42,0,0,479,False,True,False,Health Care,True,https://raw.githubusercontent.com/datasets/s-and-p-500-companies/master/data/constituents.csv,ab42c15d169e7382759124cdeec71e2e350d0bb39b3f31f52a42692b7a446c1f,XNYS,False,False,0,15,False,0,0,0,False,0,,UNVERIFIED; preserve source share class,listing;ohlcv;adjustment;corporate_actions;calendar_timezone,"verify prior-public listing intervals and security representation; validate source clocks/calendars; reconcile split-only OHLC, total-return vintages, dividends/payment dates and merger/delisting ledger; recover seed/warm-up and missing sessions; disclose current-GICS approximation and assess sensitivity; USD identity FX only","[{""symbol"":""ABT"",""file"":""backtests/staged/wf3_prices.json.gz"",""sha256"":""6ab928b5ab5a1226dfecbccd9b50e444766aba9c00f6ce4f372801cbaaab2793"",""observations"":964,""first"":""2022-11-28"",""last"":""2026-10-01""}]",False,False,False,False,True,False,True,True
isin:US00287Y1091,AbbVie Inc,US00287Y1091,00287Y109,,US,PARTIALLY_READY,PARTIALLY_READY,2023-10;2023-11;2023-12;2024-01;2024-02;2024-03;2024-04;2024-05;2024-06;2024-07;2024-08;2024-09;2024-10;2024-11;2024-12;2025-01;2025-02;2025-03;2025-04;2025-05;2025-06;2025-07;2025-08;2025-09;2025-10;2025-11;2025-12;2026-01;2026-02;2026-03;2026-04;2026-05;2026-06;2026-07;2026-08;2026-09,2023-10,2026-09,2b660030dbf1b6abe7c2e7990788c9c1b52e515c700e92047558042804e51fb1,ABBV,True,1,True,,False,XNYS,USD,False,False,False,,,0,,ABBV,2022-11-28,2026-10-01,964,1442,479,0,479,0,2023-09-29,211,0,0,42,0,0,479,False,True,False,Health Care,True,https://raw.githubusercontent.com/datasets/s-and-p-500-companies/master/data/constituents.csv,41cee6550ee743987af6d3cf62189badd81b6318300df2d960050d2667a424a5,XNYS,False,False,0,15,False,0,0,0,False,0,,UNVERIFIED; preserve source share class,listing;ohlcv;adjustment;corporate_actions;calendar_timezone,"verify prior-public listing intervals and security representation; validate source clocks/calendars; reconcile split-only OHLC, total-return vintages, dividends/payment dates and merger/delisting ledger; recover seed/warm-up and missing sessions; disclose current-GICS approximation and assess sensitivity; USD identity FX only","[{""symbol"":""ABBV"",""file"":""backtests/staged/wf3_prices.json.gz"",""sha256"":""6ab928b5ab5a1226dfecbccd9b50e444766aba9c00f6ce4f372801cbaaab2793"",""observations"":964,""first"":""2022-11-28"",""last"":""2026-10-01""}]",False,False,False,False,True,False,True,True
isin:US00724F1012,Adobe Inc,US00724F1012,00724F101,,US,PARTIALLY_READY,PARTIALLY_READY,2023-10;2023-11;2023-12;2024-01;2024-02;2024-03;2024-04;2024-05;2024-06;2024-07;2024-08;2024-09;2024-10;2024-11;2024-12;2025-01;2025-02;2025-03;2025-04;2025-05;2025-06;2025-07;2025-08;2025-09;2025-10;2025-11;2025-12;2026-01;2026-02;2026-03;2026-04;2026-05;2026-06;2026-07;2026-08;2026-09,2023-10,2026-09,2b660030dbf1b6abe7c2e7990788c9c1b52e515c700e92047558042804e51fb1,ADBE,True,1,True,,False,XNAS,USD,False,False,False,,,0,,ADBE,2022-11-28,2026-10-01,964,1442,479,0,479,0,2023-09-29,211,0,0,42,0,0,479,False,True,False,Information Technology,True,https://raw.githubusercontent.com/datasets/s-and-p-500-companies/master/data/constituents.csv,051c1a2068cc5a510743b6fff79a7ae962735ff944f8a4beaff53876cc8f6cc3,XNYS,False,False,0,0,False,0,0,0,False,0,,UNVERIFIED; preserve source share class,listing;ohlcv;adjustment;corporate_actions;calendar_timezone,"verify prior-public listing intervals and security representation; validate source clocks/calendars; reconcile split-only OHLC, total-return vintages, dividends/payment dates and merger/delisting ledger; recover seed/warm-up and missing sessions; disclose current-GICS approximation and assess sensitivity; USD identity FX only","[{""symbol"":""ADBE"",""file"":""backtests/staged/wf3_prices.json.gz"",""sha256"":""6ab928b5ab5a1226dfecbccd9b50e444766aba9c00f6ce4f372801cbaaab2793"",""observations"":964,""first"":""2022-11-28"",""last"":""2026-10-01""}]",False,False,False,False,True,False,True,True
isin:US0079031078,Advanced Micro Devices Inc,US0079031078,007903107,,US,PARTIALLY_READY,PARTIALLY_READY,2023-10;2023-11;2023-12;2024-01;2024-02;2024-03;2024-04;2024-05;2024-06;2024-07;2024-08;2024-09;2024-10;2024-11;2024-12;2025-01;2025-02;2025-03;2025-04;2025-05;2025-06;2025-07;2025-08;2025-09;2025-10;2025-11;2025-12;2026-01;2026-02;2026-03;2026-04;2026-05;2026-06;2026-07;2026-08;2026-09,2023-10,2026-09,2b660030dbf1b6abe7c2e7990788c9c1b52e515c700e92047558042804e51fb1,AMD,True,1,True,,False,XNAS,USD,False,False,False,,,0,,AMD,2022-11-28,2026-10-01,964,1442,479,0,479,0,2023-09-29,211,0,0,42,0,0,479,False,True,False,Information Technology,True,https://raw.githubusercontent.com/datasets/s-and-p-500-companies/master/data/constituents.csv,7c85176bb15a84e904f967a84225fe518d028249503fb11e049b7b4003edf6c6,XNYS,False,False,0,0,False,0,0,0,False,0,,UNVERIFIED; preserve source share class,listing;ohlcv;adjustment;corporate_actions;calendar_timezone,"verify prior-public listing intervals and security representation; validate source clocks/calendars; reconcile split-only OHLC, total-return vintages, dividends/payment dates and merger/delisting ledger; recover seed/warm-up and missing sessions; disclose current-GICS approximation and assess sensitivity; USD identity FX only","[{""symbol"":""AMD"",""file"":""backtests/staged/wf3_prices.json.gz"",""sha256"":""6ab928b5ab5a1226dfecbccd9b50e444766aba9c00f6ce4f372801cbaaab2793"",""observations"":964,""first"":""2022-11-28"",""last"":""2026-10-01""}]",False,False,False,False,True,False,True,True
isin:US00846U1016,Agilent Technologies Inc,US00846U1016,00846U101,,US,PARTIALLY_READY,PARTIALLY_READY,2023-10;2023-11;2023-12;2024-01;2024-02;2024-03;2024-04;2024-05;2024-06;2024-07;2024-08;2024-09;2024-10;2024-11;2024-12;2025-01;2025-02;2025-03;2025-04;2025-05;2025-06;2025-07;2025-08;2025-09;2025-10;2025-11;2025-12;2026-01;2026-02;2026-03;2026-04;2026-05;2026-06;2026-07;2026-08;2026-09,2023-10,2026-09,2b660030dbf1b6abe7c2e7990788c9c1b52e515c700e92047558042804e51fb1,A,True,1,True,,False,XNYS,USD,False,False,False,,,0,,A,2022-11-28,2026-10-01,964,1442,479,0,479,0,2023-09-29,211,0,0,42,0,0,479,False,True,False,Health Care,True,https://raw.githubusercontent.com/datasets/s-and-p-500-companies/master/data/constituents.csv,e9b052e098eff89cbfd5f662cabb98df5820ef6ae9fc83038679a239c254b266,XNYS,False,False,0,15,False,0,0,0,False,0,,UNVERIFIED; preserve source share class,listing;ohlcv;adjustment;corporate_actions;calendar_timezone,"verify prior-public listing intervals and security representation; validate source clocks/calendars; reconcile split-only OHLC, total-return vintages, dividends/payment dates and merger/delisting ledger; recover seed/warm-up and missing sessions; disclose current-GICS approximation and assess sensitivity; USD identity FX only","[{""symbol"":""A"",""file"":""backtests/staged/wf3_prices.json.gz"",""sha256"":""6ab928b5ab5a1226dfecbccd9b50e444766aba9c00f6ce4f372801cbaaab2793"",""observations"":964,""first"":""2022-11-28"",""last"":""2026-10-01""}]",False,False,False,False,True,False,True,True
isin:US0090661010,Airbnb Inc,US0090661010,009066101,,US,PARTIALLY_READY,PARTIALLY_READY,2023-10;2023-11;2023-12;2024-01;2024-02;2024-03;2024-04;2024-05;2024-06;2024-07;2024-08;2024-09;2024-10;2024-11;2024-12;2025-01;2025-02;2025-03;2025-04;2025-05;2025-06;2025-07;2025-08;2025-09;2025-10;2025-11;2025-12;2026-01;2026-02;2026-03;2026-04;2026-05;2026-06;2026-07;2026-08;2026-09,2023-10,2026-09,2b660030dbf1b6abe7c2e7990788c9c1b52e515c700e92047558042804e51fb1,ABNB,True,1,True,,False,XNAS,USD,False,False,False,,,0,,ABNB,2022-11-28,2026-10-01,964,1442,479,0,479,0,2023-09-29,211,0,0,42,0,0,479,False,True,False,Consumer Discretionary,True,https://raw.githubusercontent.com/datasets/s-and-p-500-companies/master/data/constituents.csv,c4aba9a4371c2c441f2740b513e256512d47c530727c40f9034c1c876dfcb190,XNYS,False,False,0,0,False,0,0,0,False,0,,UNVERIFIED; preserve source share class,listing;ohlcv;adjustment;corporate_actions;calendar_timezone,"verify prior-public listing intervals and security representation; validate source clocks/calendars; reconcile split-only OHLC, total-return vintages, dividends/payment dates and merger/delisting ledger; recover seed/warm-up and missing sessions; disclose current-GICS approximation and assess sensitivity; USD identity FX only","[{""symbol"":""ABNB"",""file"":""backtests/staged/wf3_prices.json.gz"",""sha256"":""6ab928b5ab5a1226dfecbccd9b50e444766aba9c00f6ce4f372801cbaaab2793"",""observations"":964,""first"":""2022-11-28"",""last"":""2026-10-01""}]",False,False,False,False,True,False,True,True
isin:US0091581068,Air Products and Chemicals Inc,US0091581068,009158106,,US,PARTIALLY_READY,PARTIALLY_READY,2024-02;2024-03;2024-04;2024-05;2024-06;2024-07;2024-08;2024-09;2024-10;2024-11;2024-12;2025-01;2025-02;2025-03;2025-04;2025-05;2025-06;2025-07;2025-08;2025-09;2025-10;2025-11;2025-12;2026-01;2026-02;2026-03;2026-04;2026-05;2026-06;2026-07;2026-08;2026-09,2024-02,2026-09,2b660030dbf1b6abe7c2e7990788c9c1b52e515c700e92047558042804e51fb1,APD,True,1,True,,False,XNYS,USD,False,False,False,,,0,,APD,2022-11-28,2026-10-01,964,1442,479,0,479,0,2024-02-29,315,0,0,0,0,0,479,False,True,False,Materials,True,https://raw.githubusercontent.com/datasets/s-and-p-500-companies/master/data/constituents.csv,8690035fbd74269a43dede05c7486beb4806c19b4c9f739fdd58643a5f973726,XNYS,False,False,0,16,False,0,0,0,False,0,,UNVERIFIED; preserve source share class,listing;ohlcv;adjustment;corporate_actions;calendar_timezone,"verify prior-public listing intervals and security representation; validate source clocks/calendars; reconcile split-only OHLC, total-return vintages, dividends/payment dates and merger/delisting ledger; recover seed/warm-up and missing sessions; disclose current-GICS approximation and assess sensitivity; USD identity FX only","[{""symbol"":""APD"",""file"":""backtests/staged/wf3_prices.json.gz"",""sha256"":""6ab928b5ab5a1226dfecbccd9b50e444766aba9c00f6ce4f372801cbaaab2793"",""observations"":964,""first"":""2022-11-28"",""last"":""2026-10-01""}]",False,False,False,False,True,False,True,True
isin:US0126531013,Albemarle Corp,US0126531013,012653101,,US,PARTIALLY_READY,PARTIALLY_READY,2023-10;2023-11;2023-12;2024-01;2024-02;2024-03;2024-04;2024-05;2024-06;2024-07;2024-08;2024-09;2024-10;2024-11;2024-12;2025-01;2025-02;2025-03;2025-04;2025-05;2025-06;2025-07;2025-08;2025-09;2025-10;2025-11;2025-12;2026-01;2026-02;2026-03;2026-04;2026-05;2026-06;2026-07;2026-08;2026-09,2023-10,2026-09,2b660030dbf1b6abe7c2e7990788c9c1b52e515c700e92047558042804e51fb1,ALB,True,1,True,,False,XNYS,USD,False,False,False,,,0,,ALB,2022-11-28,2026-10-01,964,1442,479,0,479,0,2023-09-29,211,0,0,42,0,0,479,False,True,False,Materials,True,https://raw.githubusercontent.com/datasets/s-and-p-500-companies/master/data/constituents.csv,2434bdd3ae05ae1495c3317a590130b3a2ac232075b4e8aa611dc5995ee8d770,XNYS,False,False,0,16,False,0,0,0,False,0,,UNVERIFIED; preserve source share class,listing;ohlcv;adjustment;corporate_actions;calendar_timezone,"verify prior-public listing intervals and security representation; validate source clocks/calendars; reconcile split-only OHLC, total-return vintages, dividends/payment dates and merger/delisting ledger; recover seed/warm-up and missing sessions; disclose current-GICS approximation and assess sensitivity; USD identity FX only","[{""symbol"":""ALB"",""file"":""backtests/staged/wf3_prices.json.gz"",""sha256"":""6ab928b5ab5a1226dfecbccd9b50e444766aba9c00f6ce4f372801cbaaab2793"",""observations"":964,""first"":""2022-11-28"",""last"":""2026-10-01""}]",False,False,False,False,True,False,True,True
isin:US0162551016,Align Technology Inc,US0162551016,016255101,,US,PARTIALLY_READY,PARTIALLY_READY,2023-10;2023-11;2023-12;2024-01;2024-02;2024-03;2024-04;2024-05;2024-06;2024-07;2024-08;2024-09;2024-10;2024-11;2024-12;2025-01;2025-02;2025-03;2025-04;2025-05;2025-06;2025-07;2025-08;2025-09;2025-10;2025-11;2025-12;2026-01;2026-02;2026-03;2026-04;2026-05;2026-06;2026-07;2026-08;2026-09,2023-10,2026-09,2b660030dbf1b6abe7c2e7990788c9c1b52e515c700e92047558042804e51fb1,ALGN,True,1,True,,False,XNAS,USD,False,False,False,,,0,,ALGN,2022-11-28,2026-10-01,964,1442,479,0,479,0,2023-09-29,211,0,0,42,0,0,479,False,True,False,Health Care,True,https://raw.githubusercontent.com/datasets/s-and-p-500-companies/master/data/constituents.csv,61ec0e3a2be80dc1607fbcaddad0b1e396f50d2bd2626a105712e24565bf60ae,XNYS,False,False,0,0,False,0,0,0,False,0,,UNVERIFIED; preserve source share class,listing;ohlcv;adjustment;corporate_actions;calendar_timezone,"verify prior-public listing intervals and security representation; validate source clocks/calendars; reconcile split-only OHLC, total-return vintages, dividends/payment dates and merger/delisting ledger; recover seed/warm-up and missing sessions; disclose current-GICS approximation and assess sensitivity; USD identity FX only","[{""symbol"":""ALGN"",""file"":""backtests/staged/wf3_prices.json.gz"",""sha256"":""6ab928b5ab5a1226dfecbccd9b50e444766aba9c00f6ce4f372801cbaaab2793"",""observations"":964,""first"":""2022-11-28"",""last"":""2026-10-01""}]",False,False,False,False,True,False,True,True
isin:US0200021014,Allstate Corp/The,US0200021014,020002101,,US,PARTIALLY_READY,PARTIALLY_READY,2023-10;2023-11;2023-12;2024-01;2024-02;2024-03;2024-04;2024-05;2024-06;2024-07;2024-08;2024-09;2024-10;2024-11;2024-12;2025-01;2025-02;2025-03;2025-04;2025-05;2025-06;2025-07;2025-08;2025-09;2025-10;2025-11;2025-12;2026-01;2026-02;2026-03;2026-04;2026-05;2026-06;2026-07;2026-08;2026-09,2023-10,2026-09,2b660030dbf1b6abe7c2e7990788c9c1b52e515c700e92047558042804e51fb1,ALL,True,1,True,,False,XNYS,USD,False,False,False,,,0,,ALL,2022-11-28,2026-10-01,964,1442,479,0,479,0,2023-09-29,211,0,0,42,0,0,479,False,True,False,Financials,True,https://raw.githubusercontent.com/datasets/s-and-p-500-companies/master/data/constituents.csv,8266efed1d797e318fa8f21528f7386bb6b449e6c0d36fc147c344f58e02633a,XNYS,False,False,0,16,False,0,0,0,False,0,,UNVERIFIED; preserve source share class,listing;ohlcv;adjustment;corporate_actions;calendar_timezone,"verify prior-public listing intervals and security representation; validate source clocks/calendars; reconcile split-only OHLC, total-return vintages, dividends/payment dates and merger/delisting ledger; recover seed/warm-up and missing sessions; disclose current-GICS approximation and assess sensitivity; USD identity FX only","[{""symbol"":""ALL"",""file"":""backtests/staged/wf3_prices.json.gz"",""sha256"":""6ab928b5ab5a1226dfecbccd9b50e444766aba9c00f6ce4f372801cbaaab2793"",""observations"":964,""first"":""2022-11-28"",""last"":""2026-10-01""}]",False,False,False,False,True,False,True,True
isin:US02079K1079,Alphabet Inc,US02079K1079,02079K107,,US,PARTIALLY_READY,PARTIALLY_READY,2023-10;2023-11;2023-12;2024-01;2024-02;2024-03;2024-04;2024-05;2024-06;2024-07;2024-08;2024-09;2024-10;2024-11;2024-12;2025-01;2025-02;2025-03;2025-04;2025-05;2025-06;2025-07;2025-08;2025-09;2025-10;2025-11;2025-12;2026-01;2026-02;2026-03;2026-04;2026-05;2026-06;2026-07;2026-08;2026-09,2023-10,2026-09,2b660030dbf1b6abe7c2e7990788c9c1b52e515c700e92047558042804e51fb1,GOOG,True,1,True,,False,XNAS,USD,False,False,False,,,0,,GOOG,2022-11-28,2026-10-01,964,1442,479,0,479,0,2023-09-29,211,0,0,42,0,0,479,False,True,False,Communication Services,True,https://raw.githubusercontent.com/datasets/s-and-p-500-companies/master/data/constituents.csv,db94bfba68ae5a6b1d485a8794ab899c809b030440e6c1a87ce0e9c9a9ad43c6,XNYS,False,False,0,10,False,0,0,0,False,0,,UNVERIFIED; preserve source share class,listing;ohlcv;adjustment;corporate_actions;calendar_timezone,"verify prior-public listing intervals and security representation; validate source clocks/calendars; reconcile split-only OHLC, total-return vintages, dividends/payment dates and merger/delisting ledger; recover seed/warm-up and missing sessions; disclose current-GICS approximation and assess sensitivity; USD identity FX only","[{""symbol"":""GOOG"",""file"":""backtests/staged/wf3_prices.json.gz"",""sha256"":""6ab928b5ab5a1226dfecbccd9b50e444766aba9c00f6ce4f372801cbaaab2793"",""observations"":964,""first"":""2022-11-28"",""last"":""2026-10-01""}]",False,False,False,False,True,False,True,True
isin:US02079K3059,Alphabet Inc,US02079K3059,02079K305,,US,PARTIALLY_READY,PARTIALLY_READY,2023-10;2023-11;2023-12;2024-01;2024-02;2024-03;2024-04;2024-05;2024-06;2024-07;2024-08;2024-09;2024-10;2024-11;2024-12;2025-01;2025-02;2025-03;2025-04;2025-05;2025-06;2025-07;2025-08;2025-09;2025-10;2025-11;2025-12;2026-01;2026-02;2026-03;2026-04;2026-05;2026-06;2026-07;2026-08;2026-09,2023-10,2026-09,2b660030dbf1b6abe7c2e7990788c9c1b52e515c700e92047558042804e51fb1,GOOGL,True,1,True,,False,XNAS,USD,False,False,False,,,0,,GOOGL,2022-11-28,2026-10-01,964,1442,479,0,479,0,2023-09-29,211,0,0,42,0,0,479,False,True,False,Communication Services,True,https://raw.githubusercontent.com/datasets/s-and-p-500-companies/master/data/constituents.csv,38ded92703a0acff57b952e159e7f8bf1f8d033f911925ba439250c6bf694676,XNYS,False,False,0,10,False,0,0,0,False,0,,UNVERIFIED; preserve source share class,listing;ohlcv;adjustment;corporate_actions;calendar_timezone,"verify prior-public listing intervals and security representation; validate source clocks/calendars; reconcile split-only OHLC, total-return vintages, dividends/payment dates and merger/delisting ledger; recover seed/warm-up and missing sessions; disclose current-GICS approximation and assess sensitivity; USD identity FX only","[{""symbol"":""GOOGL"",""file"":""backtests/staged/wf3_prices.json.gz"",""sha256"":""6ab928b5ab5a1226dfecbccd9b50e444766aba9c00f6ce4f372801cbaaab2793"",""observations"":964,""first"":""2022-11-28"",""last"":""2026-10-01""}]",False,False,False,False,True,False,True,True
isin:US02209S1033,Altria Group Inc,US02209S1033,02209S103,,US,PARTIALLY_READY,PARTIALLY_READY,2023-10;2023-11;2023-12;2024-01;2024-02;2024-03;2024-04;2024-05;2024-06;2024-07;2024-08;2024-09;2024-10;2024-11;2024-12;2025-01;2025-02;2025-03;2025-04;2025-05;2025-06;2025-07;2025-08;2025-09;2025-10;2025-11;2025-12;2026-01;2026-02;2026-03;2026-04;2026-05;2026-06;2026-07;2026-08;2026-09,2023-10,2026-09,2b660030dbf1b6abe7c2e7990788c9c1b52e515c700e92047558042804e51fb1,MO,True,1,True,,False,XNYS,USD,False,False,False,,,0,,MO,2022-11-28,2026-10-01,964,1442,479,0,479,0,2023-09-29,211,0,0,42,0,0,479,False,True,False,Consumer Staples,True,https://raw.githubusercontent.com/datasets/s-and-p-500-companies/master/data/constituents.csv,23a59d4ab2d8a0da04da4ea9ae6c92bf278e65316c9c081eb4c7b910e8959d34,XNYS,False,False,0,16,False,0,0,0,False,0,,UNVERIFIED; preserve source share class,listing;ohlcv;adjustment;corporate_actions;calendar_timezone,"verify prior-public listing intervals and security representation; validate source clocks/calendars; reconcile split-only OHLC, total-return vintages, dividends/payment dates and merger/delisting ledger; recover seed/warm-up and missing sessions; disclose current-GICS approximation and assess sensitivity; USD identity FX only","[{""symbol"":""MO"",""file"":""backtests/staged/wf3_prices.json.gz"",""sha256"":""6ab928b5ab5a1226dfecbccd9b50e444766aba9c00f6ce4f372801cbaaab2793"",""observations"":964,""first"":""2022-11-28"",""last"":""2026-10-01""}]",False,False,False,False,True,False,True,True
isin:US0231351067,Amazon.com Inc,US0231351067,023135106,,US,PARTIALLY_READY,PARTIALLY_READY,2023-10;2023-11;2023-12;2024-01;2024-02;2024-03;2024-04;2024-05;2024-06;2024-07;2024-08;2024-09;2024-10;2024-11;2024-12;2025-01;2025-02;2025-03;2025-04;2025-05;2025-06;2025-07;2025-08;2025-09;2025-10;2025-11;2025-12;2026-01;2026-02;2026-03;2026-04;2026-05;2026-06;2026-07;2026-08;2026-09,2023-10,2026-09,2b660030dbf1b6abe7c2e7990788c9c1b52e515c700e92047558042804e51fb1,AMZN,True,1,True,,False,XNAS,USD,False,False,True,https://www.sec.gov/Archives/edgar/data/1018724/000101872423000004/amzn-20221231.htm,2023-02-03,963,0.004735625530905008,AMZN.US,2021-01-04,2026-09-30,1442,1442,0,0,0,0,2023-09-29,690,0,0,0,0,0,0,True,True,False,Consumer Discretionary,True,https://raw.githubusercontent.com/datasets/s-and-p-500-companies/master/data/constituents.csv,1317d0d7f4dc243c88d8b6c95fba70e930fb2a38aa980f6b1627a0f7ba25d3da,XNYS,False,True,0,0,False,0,0,0,False,1,2022-06-06,Domestic,listing;ohlcv;adjustment;corporate_actions;calendar_timezone,"verify prior-public listing intervals and security representation; validate source clocks/calendars; reconcile split-only OHLC, total-return vintages, dividends/payment dates and merger/delisting ledger; disclose current-GICS approximation and assess sensitivity; USD identity FX only","[{""symbol"":""AMZN"",""file"":""backtests/staged/wf3_prices.json.gz"",""sha256"":""6ab928b5ab5a1226dfecbccd9b50e444766aba9c00f6ce4f372801cbaaab2793"",""observations"":964,""first"":""2022-11-28"",""last"":""2026-10-01""},{""symbol"":""AMZN.US"",""file"":""research/eodhd_output/spgm_proxy/historical_backtest/recovery_316/demo/AMZN_US_eod.json"",""sha256"":""61c7ac9fe4006ef2c8412f07fbe1a54c50834e0f55cc1b335bf6f8d3d269bdf0"",""observations"":1442,""first"":""2021-01-04"",""last"":""2026-09-30""}]",False,False,False,False,True,False,True,True
isin:US02376R1023,American Airlines Group Inc,US02376R1023,02376R102,,US,PARTIALLY_READY,PARTIALLY_READY,2025-11;2025-12;2026-01;2026-02;2026-03;2026-04;2026-05;2026-06;2026-07;2026-08;2026-09,2025-11,2026-09,2b660030dbf1b6abe7c2e7990788c9c1b52e515c700e92047558042804e51fb1,AAL,True,1,True,,False,XNAS,USD,False,False,False,,,0,,AAL,2022-11-28,2026-10-01,964,1442,479,0,479,0,2025-11-28,754,0,0,0,0,0,479,False,False,False,UNRESOLVED,False,,,XNYS,False,False,0,0,False,0,0,0,False,0,,UNVERIFIED; preserve source share class,listing;ohlcv;adjustment;corporate_actions;gics;calendar_timezone,"verify prior-public listing intervals and security representation; validate source clocks/calendars; reconcile split-only OHLC, total-return vintages, dividends/payment dates and merger/delisting ledger; recover seed/warm-up and missing sessions; source exact-ID current GICS and corrections; USD identity FX only","[{""symbol"":""AAL"",""file"":""backtests/staged/wf3_prices.json.gz"",""sha256"":""6ab928b5ab5a1226dfecbccd9b50e444766aba9c00f6ce4f372801cbaaab2793"",""observations"":964,""first"":""2022-11-28"",""last"":""2026-10-01""}]",False,False,False,False,False,False,True,True
isin:US0255371017,American Electric Power Co Inc,US0255371017,025537101,,US,PARTIALLY_READY,PARTIALLY_READY,2023-10;2023-11;2023-12;2024-01;2024-02;2024-03;2024-04;2024-05;2024-06;2024-07;2024-08;2024-09;2024-10;2024-11;2024-12;2025-01;2025-02;2025-03;2025-04;2025-05;2025-06;2025-07;2025-08;2025-09;2025-10;2025-11;2025-12;2026-01;2026-02;2026-03;2026-04;2026-05;2026-06;2026-07;2026-08;2026-09,2023-10,2026-09,2b660030dbf1b6abe7c2e7990788c9c1b52e515c700e92047558042804e51fb1,AEP,True,1,True,,False,XNAS,USD,False,False,False,,,0,,AEP,2022-11-28,2026-10-01,964,1442,479,0,479,0,2023-09-29,211,0,0,42,0,0,479,False,True,False,Utilities,True,https://raw.githubusercontent.com/datasets/s-and-p-500-companies/master/data/constituents.csv,a12551c987e8d70a2c4af262400045fe8b61b6965e5eaf8c223c42a979fecee1,XNYS,False,False,0,15,False,0,0,0,False,0,,UNVERIFIED; preserve source share class,listing;ohlcv;adjustment;corporate_actions;calendar_timezone,"verify prior-public listing intervals and security representation; validate source clocks/calendars; reconcile split-only OHLC, total-return vintages, dividends/payment dates and merger/delisting ledger; recover seed/warm-up and missing sessions; disclose current-GICS approximation and assess sensitivity; USD identity FX only","[{""symbol"":""AEP"",""file"":""backtests/staged/wf3_prices.json.gz"",""sha256"":""6ab928b5ab5a1226dfecbccd9b50e444766aba9c00f6ce4f372801cbaaab2793"",""observations"":964,""first"":""2022-11-28"",""last"":""2026-10-01""}]",False,False,False,False,True,False,True,True
isin:US0258161092,American Express Co,US0258161092,025816109,,US,PARTIALLY_READY,PARTIALLY_READY,2023-10;2023-11;2023-12;2024-01;2024-02;2024-03;2024-04;2024-05;2024-06;2024-07;2024-08;2024-09;2024-10;2024-11;2024-12;2025-01;2025-02;2025-03;2025-04;2025-05;2025-06;2025-07;2025-08;2025-09;2025-10;2025-11;2025-12;2026-01;2026-02;2026-03;2026-04;2026-05;2026-06;2026-07;2026-08;2026-09,2023-10,2026-09,2b660030dbf1b6abe7c2e7990788c9c1b52e515c700e92047558042804e51fb1,AXP,True,1,True,,False,XNYS,USD,False,False,False,,,0,,AXP,2022-11-28,2026-10-01,964,1442,479,0,479,0,2023-09-29,211,0,0,42,0,0,479,False,True,False,Financials,True,https://raw.githubusercontent.com/datasets/s-and-p-500-companies/master/data/constituents.csv,ad4f7636f1643d86e66ef56a06b0f231338c0f55c2b2e7af38437b17fe946981,XNYS,False,False,0,15,False,0,0,0,False,0,,UNVERIFIED; preserve source share class,listing;ohlcv;adjustment;corporate_actions;calendar_timezone,"verify prior-public listing intervals and security representation; validate source clocks/calendars; reconcile split-only OHLC, total-return vintages, dividends/payment dates and merger/delisting ledger; recover seed/warm-up and missing sessions; disclose current-GICS approximation and assess sensitivity; USD identity FX only","[{""symbol"":""AXP"",""file"":""backtests/staged/wf3_prices.json.gz"",""sha256"":""6ab928b5ab5a1226dfecbccd9b50e444766aba9c00f6ce4f372801cbaaab2793"",""observations"":964,""first"":""2022-11-28"",""last"":""2026-10-01""}]",False,False,False,False,True,False,True,True
isin:US03027X1000,American Tower Corp,US03027X1000,03027X100,,US,PARTIALLY_READY,PARTIALLY_READY,2023-10;2023-11;2023-12;2024-01;2024-02;2024-03;2024-04;2024-05;2024-06;2024-07;2024-08;2024-09;2024-10;2024-11;2024-12;2025-01;2025-02;2025-03;2025-04;2025-05;2025-06;2025-07;2025-08;2025-09;2025-10;2025-11;2025-12;2026-01;2026-02;2026-03;2026-04;2026-05;2026-06;2026-07;2026-08;2026-09,2023-10,2026-09,2b660030dbf1b6abe7c2e7990788c9c1b52e515c700e92047558042804e51fb1,AMT,True,1,True,,False,XNYS,USD,False,False,False,,,0,,AMT,2022-11-28,2026-10-01,964,1442,479,0,479,0,2023-09-29,211,0,0,42,0,0,479,False,True,False,Real Estate,True,https://raw.githubusercontent.com/datasets/s-and-p-500-companies/master/data/constituents.csv,81fdc9d7fa7b4b6bfe947506d3a1875417089a7890c10238682489f5234a6c46,XNYS,False,False,0,16,False,0,0,0,False,0,,UNVERIFIED; preserve source share class,listing;ohlcv;adjustment;corporate_actions;calendar_timezone,"verify prior-public listing intervals and security representation; validate source clocks/calendars; reconcile split-only OHLC, total-return vintages, dividends/payment dates and merger/delisting ledger; recover seed/warm-up and missing sessions; disclose current-GICS approximation and assess sensitivity; USD identity FX only","[{""symbol"":""AMT"",""file"":""backtests/staged/wf3_prices.json.gz"",""sha256"":""6ab928b5ab5a1226dfecbccd9b50e444766aba9c00f6ce4f372801cbaaab2793"",""observations"":964,""first"":""2022-11-28"",""last"":""2026-10-01""}]",False,False,False,False,True,False,True,True
isin:US0311621009,Amgen Inc,US0311621009,031162100,,US,PARTIALLY_READY,PARTIALLY_READY,2023-10;2023-11;2023-12;2024-01;2024-02;2024-03;2024-04;2024-05;2024-06;2024-07;2024-08;2024-09;2024-10;2024-11;2024-12;2025-01;2025-02;2025-03;2025-04;2025-05;2025-06;2025-07;2025-08;2025-09;2025-10;2025-11;2025-12;2026-01;2026-02;2026-03;2026-04;2026-05;2026-06;2026-07;2026-08;2026-09,2023-10,2026-09,2b660030dbf1b6abe7c2e7990788c9c1b52e515c700e92047558042804e51fb1,AMGN,True,1,True,,False,XNAS,USD,False,False,False,,,0,,AMGN,2022-11-28,2026-10-01,964,1442,479,0,479,0,2023-09-29,211,0,0,42,0,0,479,False,True,False,Health Care,True,https://raw.githubusercontent.com/datasets/s-and-p-500-companies/master/data/constituents.csv,6fef434997e6417cad06025ec8827b88f66d1bfeac526225e767a86219aefaad,XNYS,False,False,0,15,False,0,0,0,False,0,,UNVERIFIED; preserve source share class,listing;ohlcv;adjustment;corporate_actions;calendar_timezone,"verify prior-public listing intervals and security representation; validate source clocks/calendars; reconcile split-only OHLC, total-return vintages, dividends/payment dates and merger/delisting ledger; recover seed/warm-up and missing sessions; disclose current-GICS approximation and assess sensitivity; USD identity FX only","[{""symbol"":""AMGN"",""file"":""backtests/staged/wf3_prices.json.gz"",""sha256"":""6ab928b5ab5a1226dfecbccd9b50e444766aba9c00f6ce4f372801cbaaab2793"",""observations"":964,""first"":""2022-11-28"",""last"":""2026-10-01""}]",False,False,False,False,True,False,True,True
isin:US0320951017,Amphenol Corp,US0320951017,032095101,,US,PARTIALLY_READY,PARTIALLY_READY,2024-11;2024-12;2025-01;2025-02;2025-03;2025-04;2025-05;2025-06;2025-07;2025-08;2025-09;2025-10;2025-11;2025-12;2026-01;2026-02;2026-03;2026-04;2026-05;2026-06;2026-07;2026-08;2026-09,2024-11,2026-09,2b660030dbf1b6abe7c2e7990788c9c1b52e515c700e92047558042804e51fb1,APH,True,1,True,,False,XNYS,USD,False,False,False,,,0,,APH,2022-11-28,2026-10-01,964,1442,479,0,479,0,2024-11-29,505,0,0,0,0,0,479,False,True,False,Information Technology,True,https://raw.githubusercontent.com/datasets/s-and-p-500-companies/master/data/constituents.csv,a6071930bfb1211922c6fcb4fe5d60cad09893c46afa3300cc5bf937e7a761c0,XNYS,False,False,2,16,False,0,0,0,False,0,,UNVERIFIED; preserve source share class,listing;ohlcv;adjustment;corporate_actions;calendar_timezone,"verify prior-public listing intervals and security representation; validate source clocks/calendars; reconcile split-only OHLC, total-return vintages, dividends/payment dates and merger/delisting ledger; recover seed/warm-up and missing sessions; disclose current-GICS approximation and assess sensitivity; USD identity FX only","[{""symbol"":""APH"",""file"":""backtests/staged/wf3_prices.json.gz"",""sha256"":""6ab928b5ab5a1226dfecbccd9b50e444766aba9c00f6ce4f372801cbaaab2793"",""observations"":964,""first"":""2022-11-28"",""last"":""2026-10-01""}]",False,False,False,False,True,False,True,True
isin:US0326541051,Analog Devices Inc,US0326541051,032654105,,US,PARTIALLY_READY,PARTIALLY_READY,2023-11;2023-12;2024-01;2024-02;2024-03;2024-04;2024-05;2024-06;2024-07;2024-08;2024-09;2024-10;2024-11;2024-12;2025-01;2025-02;2025-03;2025-04;2025-05;2025-06;2025-07;2025-08;2025-09;2025-10;2025-11;2025-12;2026-01;2026-02;2026-03;2026-04;2026-05;2026-06;2026-07;2026-08;2026-09,2023-11,2026-09,2b660030dbf1b6abe7c2e7990788c9c1b52e515c700e92047558042804e51fb1,ADI,True,1,True,,False,XNAS,USD,False,False,False,,,0,,ADI,2022-11-28,2026-10-01,964,1442,479,0,479,0,2023-11-30,254,0,0,0,0,0,479,False,True,False,Information Technology,True,https://raw.githubusercontent.com/datasets/s-and-p-500-companies/master/data/constituents.csv,e57ee15f77c3debadab32580c78cb816f3f4bca67f9e9b352997ac7db90d7473,XNYS,False,False,0,16,False,0,0,0,False,0,,UNVERIFIED; preserve source share class,listing;ohlcv;adjustment;corporate_actions;calendar_timezone,"verify prior-public listing intervals and security representation; validate source clocks/calendars; reconcile split-only OHLC, total-return vintages, dividends/payment dates and merger/delisting ledger; recover seed/warm-up and missing sessions; disclose current-GICS approximation and assess sensitivity; USD identity FX only","[{""symbol"":""ADI"",""file"":""backtests/staged/wf3_prices.json.gz"",""sha256"":""6ab928b5ab5a1226dfecbccd9b50e444766aba9c00f6ce4f372801cbaaab2793"",""observations"":964,""first"":""2022-11-28"",""last"":""2026-10-01""}]",False,False,False,False,True,False,True,True
isin:US0367521038,Elevance Health Inc,US0367521038,036752103,,US,PARTIALLY_READY,PARTIALLY_READY,2023-10;2023-11;2023-12;2024-01;2024-02;2024-03;2024-04;2024-05;2024-06;2024-07;2024-08;2024-09;2024-10;2024-11;2024-12;2025-01;2025-02;2025-03;2025-04;2025-05;2025-06;2025-07;2025-08;2025-09;2025-10;2025-11;2025-12;2026-01;2026-02;2026-03;2026-04;2026-05;2026-06;2026-07;2026-08;2026-09,2023-10,2026-09,2b660030dbf1b6abe7c2e7990788c9c1b52e515c700e92047558042804e51fb1,ELV,True,1,True,,False,XNYS,USD,False,False,False,,,0,,ELV,2022-11-28,2026-10-01,964,1442,479,0,479,0,2023-09-29,211,0,0,42,0,0,479,False,True,False,Health Care,True,https://raw.githubusercontent.com/datasets/s-and-p-500-companies/master/data/constituents.csv,966b8fe3b7272b85949b77288af7be70344813cf9dc9583034683b833c5d8849,XNYS,False,False,0,16,False,0,0,0,False,0,,UNVERIFIED; preserve source share class,listing;ohlcv;adjustment;corporate_actions;calendar_timezone,"verify prior-public listing intervals and security representation; validate source clocks/calendars; reconcile split-only OHLC, total-return vintages, dividends/payment dates and merger/delisting ledger; recover seed/warm-up and missing sessions; disclose current-GICS approximation and assess sensitivity; USD identity FX only","[{""symbol"":""ELV"",""file"":""backtests/staged/wf3_prices.json.gz"",""sha256"":""6ab928b5ab5a1226dfecbccd9b50e444766aba9c00f6ce4f372801cbaaab2793"",""observations"":964,""first"":""2022-11-28"",""last"":""2026-10-01""}]",False,False,False,False,True,False,True,True
isin:US03743Q1085,APA Corp,US03743Q1085,03743Q108,,US,PARTIALLY_READY,PARTIALLY_READY,2023-10;2023-11;2023-12;2024-01;2024-02;2024-03;2024-04;2024-05;2024-06;2024-07;2024-08;2024-09;2024-10;2024-11;2024-12;2025-01;2025-02;2025-03;2025-04;2025-05;2025-06;2025-07;2025-08;2025-09;2025-10;2025-11;2025-12;2026-01;2026-02;2026-03;2026-04;2026-05;2026-06;2026-07;2026-08;2026-09,2023-10,2026-09,2b660030dbf1b6abe7c2e7990788c9c1b52e515c700e92047558042804e51fb1,APA,True,1,True,,False,XNAS,USD,False,False,False,,,0,,APA,2022-11-28,2026-10-01,964,1442,479,0,479,0,2023-09-29,211,0,0,42,0,0,479,False,True,False,Energy,True,https://raw.githubusercontent.com/datasets/s-and-p-500-companies/master/data/constituents.csv,ad3ce64da0f1196f0261a92b950afa768ccadd555d04dc84153b5342e1518aa5,XNYS,False,False,0,15,False,0,0,0,False,0,,UNVERIFIED; preserve source share class,listing;ohlcv;adjustment;corporate_actions;calendar_timezone,"verify prior-public listing intervals and security representation; validate source clocks/calendars; reconcile split-only OHLC, total-return vintages, dividends/payment dates and merger/delisting ledger; recover seed/warm-up and missing sessions; disclose current-GICS approximation and assess sensitivity; USD identity FX only","[{""symbol"":""APA"",""file"":""backtests/staged/wf3_prices.json.gz"",""sha256"":""6ab928b5ab5a1226dfecbccd9b50e444766aba9c00f6ce4f372801cbaaab2793"",""observations"":964,""first"":""2022-11-28"",""last"":""2026-10-01""}]",False,False,False,False,True,False,True,True
isin:US03769M1062,Apollo Global Management Inc,US03769M1062,03769M106,,US,PARTIALLY_READY,PARTIALLY_READY,2025-05;2025-06;2025-07;2025-08;2025-09;2025-10;2025-11;2025-12;2026-01;2026-02;2026-03;2026-04;2026-05;2026-06;2026-07;2026-08;2026-09,2025-05,2026-09,2b660030dbf1b6abe7c2e7990788c9c1b52e515c700e92047558042804e51fb1,APO,True,1,True,,False,XNYS,USD,False,False,False,,,0,,APO,2022-11-28,2026-10-01,964,1442,479,0,479,0,2025-05-30,628,0,0,0,0,0,479,False,True,False,Financials,True,https://raw.githubusercontent.com/datasets/s-and-p-500-companies/master/data/constituents.csv,7a4f1901602bdb062cef9dd2a7b3196821752a6c721e2b6cc067455aaa67b160,XNYS,False,False,0,15,False,0,0,0,False,0,,UNVERIFIED; preserve source share class,listing;ohlcv;adjustment;corporate_actions;calendar_timezone,"verify prior-public listing intervals and security representation; validate source clocks/calendars; reconcile split-only OHLC, total-return vintages, dividends/payment dates and merger/delisting ledger; recover seed/warm-up and missing sessions; disclose current-GICS approximation and assess sensitivity; USD identity FX only","[{""symbol"":""APO"",""file"":""backtests/staged/wf3_prices.json.gz"",""sha256"":""6ab928b5ab5a1226dfecbccd9b50e444766aba9c00f6ce4f372801cbaaab2793"",""observations"":964,""first"":""2022-11-28"",""last"":""2026-10-01""}]",False,False,False,False,True,False,True,True
isin:US0378331005,Apple Inc,US0378331005,037833100,,US,PARTIALLY_READY,PARTIALLY_READY,2023-10;2023-11;2023-12;2024-01;2024-02;2024-03;2024-04;2024-05;2024-06;2024-07;2024-08;2024-09;2024-10;2024-11;2024-12;2025-01;2025-02;2025-03;2025-04;2025-05;2025-06;2025-07;2025-08;2025-09;2025-10;2025-11;2025-12;2026-01;2026-02;2026-03;2026-04;2026-05;2026-06;2026-07;2026-08;2026-09,2023-10,2026-09,2b660030dbf1b6abe7c2e7990788c9c1b52e515c700e92047558042804e51fb1,AAPL,True,1,True,,False,XNAS,USD,False,False,True,https://www.sec.gov/Archives/edgar/data/320193/000032019322000108/aapl-20220924.htm,2022-10-28,963,5.658826518484261e-06,AAPL.US,2021-01-04,2026-09-30,1442,1442,0,0,0,0,2023-09-29,690,0,0,0,0,0,0,True,True,False,Information Technology,True,https://raw.githubusercontent.com/datasets/s-and-p-500-companies/master/data/constituents.csv,cb093132343a6723298c36a173e1539c14e3348728515e36e9125baf32990140,XNYS,False,True,0,15,True,0,23,23,False,0,,Domestic,listing;ohlcv;adjustment;corporate_actions;calendar_timezone,"verify prior-public listing intervals and security representation; validate source clocks/calendars; reconcile split-only OHLC, total-return vintages, dividends/payment dates and merger/delisting ledger; disclose current-GICS approximation and assess sensitivity; USD identity FX only","[{""symbol"":""AAPL"",""file"":""backtests/staged/wf3_prices.json.gz"",""sha256"":""6ab928b5ab5a1226dfecbccd9b50e444766aba9c00f6ce4f372801cbaaab2793"",""observations"":964,""first"":""2022-11-28"",""last"":""2026-10-01""},{""symbol"":""AAPL.US"",""file"":""research/eodhd_output/spgm_proxy/historical_backtest/recovery_316/demo/AAPL_US_eod.json"",""sha256"":""f0157391ad53c139ddca67fdd8e5f42f076154e7dd4eeff45efb30aa02a9a01f"",""observations"":1442,""first"":""2021-01-04"",""last"":""2026-09-30""}]",False,False,False,False,True,False,True,True
isin:US0382221051,Applied Materials Inc,US0382221051,038222105,,US,PARTIALLY_READY,PARTIALLY_READY,2023-10;2023-11;2023-12;2024-01;2024-02;2024-03;2024-04;2024-05;2024-06;2024-07;2024-08;2024-09;2024-10;2024-11;2024-12;2025-01;2025-02;2025-03;2025-04;2025-05;2025-06;2025-07;2025-08;2025-09;2025-10;2025-11;2025-12;2026-01;2026-02;2026-03;2026-04;2026-05;2026-06;2026-07;2026-08;2026-09,2023-10,2026-09,2b660030dbf1b6abe7c2e7990788c9c1b52e515c700e92047558042804e51fb1,AMAT,True,1,True,,False,XNAS,USD,False,False,False,,,0,,AMAT,2022-11-28,2026-10-01,964,1442,479,0,479,0,2023-09-29,211,0,0,42,0,0,479,False,True,False,Information Technology,True,https://raw.githubusercontent.com/datasets/s-and-p-500-companies/master/data/constituents.csv,ab1ae5311771d397116c18cdb08da42eb0920333a6b6b4e3e0a6f4610cd85508,XNYS,False,False,0,15,False,0,0,0,False,0,,UNVERIFIED; preserve source share class,listing;ohlcv;adjustment;corporate_actions;calendar_timezone,"verify prior-public listing intervals and security representation; validate source clocks/calendars; reconcile split-only OHLC, total-return vintages, dividends/payment dates and merger/delisting ledger; recover seed/warm-up and missing sessions; disclose current-GICS approximation and assess sensitivity; USD identity FX only","[{""symbol"":""AMAT"",""file"":""backtests/staged/wf3_prices.json.gz"",""sha256"":""6ab928b5ab5a1226dfecbccd9b50e444766aba9c00f6ce4f372801cbaaab2793"",""observations"":964,""first"":""2022-11-28"",""last"":""2026-10-01""}]",False,False,False,False,True,False,True,True
isin:US03831W1080,AppLovin Corp,US03831W1080,03831W108,,US,PARTIALLY_READY,PARTIALLY_READY,2023-10;2023-11;2023-12;2024-01;2024-02;2024-03;2024-04;2024-05;2024-06;2024-07;2024-08;2024-09;2024-10;2024-11;2024-12;2025-01;2025-02;2025-03;2025-04;2025-05;2025-06;2025-07;2025-08;2025-09;2025-10;2025-11;2025-12;2026-01;2026-02;2026-03;2026-04;2026-05;2026-06;2026-07;2026-08;2026-09,2023-10,2026-09,2b660030dbf1b6abe7c2e7990788c9c1b52e515c700e92047558042804e51fb1,APP,True,1,True,,False,XNAS,USD,False,False,False,,,0,,APP,2022-11-28,2026-10-01,964,1442,479,0,479,0,2023-09-29,211,0,0,42,0,0,479,False,True,False,Communication Services,True,https://raw.githubusercontent.com/datasets/s-and-p-500-companies/master/data/constituents.csv,052911af9b93d7ce031a9ee0e06bb2b1cffe71c556bf66b5bdbf63e2e7ba46b0,XNYS,False,False,0,0,False,0,0,0,False,0,,UNVERIFIED; preserve source share class,listing;ohlcv;adjustment;corporate_actions;calendar_timezone,"verify prior-public listing intervals and security representation; validate source clocks/calendars; reconcile split-only OHLC, total-return vintages, dividends/payment dates and merger/delisting ledger; recover seed/warm-up and missing sessions; disclose current-GICS approximation and assess sensitivity; USD identity FX only","[{""symbol"":""APP"",""file"":""backtests/staged/wf3_prices.json.gz"",""sha256"":""6ab928b5ab5a1226dfecbccd9b50e444766aba9c00f6ce4f372801cbaaab2793"",""observations"":964,""first"":""2022-11-28"",""last"":""2026-10-01""}]",False,False,False,False,True,False,True,True
isin:US0394831020,Archer-Daniels-Midland Co,US0394831020,039483102,,US,PARTIALLY_READY,PARTIALLY_READY,2023-10;2023-11;2023-12;2024-01;2024-02;2024-03;2024-04;2024-05;2024-06;2024-07;2024-08;2024-09;2024-10;2024-11;2024-12;2025-01;2025-02;2025-03;2025-04;2025-05;2025-06;2025-07;2025-08;2025-09;2025-10;2025-11;2025-12;2026-01;2026-02;2026-03;2026-04;2026-05;2026-06;2026-07;2026-08;2026-09,2023-10,2026-09,2b660030dbf1b6abe7c2e7990788c9c1b52e515c700e92047558042804e51fb1,ADM,True,1,True,,False,XNYS,USD,False,False,False,,,0,,ADM,2022-11-28,2026-10-01,964,1442,479,0,479,0,2023-09-29,211,0,0,42,0,0,479,False,True,False,Consumer Staples,True,https://raw.githubusercontent.com/datasets/s-and-p-500-companies/master/data/constituents.csv,b159bc867b23291559f5b9e1cb0c7525e1e5e3843e7cfd8098a3ed1ce65a1723,XNYS,False,False,0,15,False,0,0,0,False,0,,UNVERIFIED; preserve source share class,listing;ohlcv;adjustment;corporate_actions;calendar_timezone,"verify prior-public listing intervals and security representation; validate source clocks/calendars; reconcile split-only OHLC, total-return vintages, dividends/payment dates and merger/delisting ledger; recover seed/warm-up and missing sessions; disclose current-GICS approximation and assess sensitivity; USD identity FX only","[{""symbol"":""ADM"",""file"":""backtests/staged/wf3_prices.json.gz"",""sha256"":""6ab928b5ab5a1226dfecbccd9b50e444766aba9c00f6ce4f372801cbaaab2793"",""observations"":964,""first"":""2022-11-28"",""last"":""2026-10-01""}]",False,False,False,False,True,False,True,True
isin:US0463531089,AstraZeneca PLC,US0463531089,046353108,,GB,PARTIALLY_READY,PARTIALLY_READY,2023-10;2023-11;2023-12;2024-01;2024-02;2024-03;2024-04;2024-05;2024-06;2024-07;2024-08;2024-09;2024-10;2024-11;2024-12;2025-01;2025-02;2025-03;2025-04;2025-05;2025-06;2025-07;2025-08;2025-09;2025-10;2025-11;2025-12;2026-01;2026-02;2026-03;2026-04,2023-10,2026-04,2b660030dbf1b6abe7c2e7990788c9c1b52e515c700e92047558042804e51fb1,AZN,True,1,True,,False,XNAS,USD,False,False,False,,,0,,AZN.US,2025-10-09,2026-10-09,252,1442,1197,0,1197,507,2023-09-29,0,64,127,253,200,15,690,False,False,False,UNRESOLVED,False,,,XNYS,False,True,0,0,False,0,0,0,False,1,2026-02-02,UNVERIFIED; preserve source share class,listing;ohlcv;adjustment;corporate_actions;gics;calendar_timezone,"verify prior-public listing intervals and security representation; validate source clocks/calendars; reconcile split-only OHLC, total-return vintages, dividends/payment dates and merger/delisting ledger; recover seed/warm-up and missing sessions; source exact-ID current GICS and corrections; USD identity FX only","[{""symbol"":""AZN.US"",""file"":""research/eodhd_output/AZN_US.csv"",""sha256"":""25cf708fc5051cdc4d57ab4f23ab83b2524ba76d626a7fcaa72d342551e9cc73"",""observations"":252,""first"":""2025-10-09"",""last"":""2026-10-09""},{""symbol"":""AZN.US"",""file"":""research/eodhd_output/asia_corporate_actions/AZN_split_only_ohlc.csv"",""sha256"":""74fc8414780417a0540c9e3b1efcec11253a4082a9360df82552e07fd816df86"",""observations"":252,""first"":""2025-10-09"",""last"":""2026-10-09""}]",False,False,False,False,False,False,True,True
isin:US0527691069,Autodesk Inc,US0527691069,052769106,,US,PARTIALLY_READY,PARTIALLY_READY,2023-10;2023-11;2023-12;2024-01;2024-02;2024-03;2024-04;2024-05;2024-06;2024-07;2024-08;2024-09;2024-10;2024-11;2024-12;2025-01;2025-02;2025-03;2025-04;2025-05;2025-06;2025-07;2025-08;2025-09;2025-10;2025-11;2025-12;2026-01;2026-02;2026-03;2026-04;2026-05;2026-06;2026-07;2026-08;2026-09,2023-10,2026-09,2b660030dbf1b6abe7c2e7990788c9c1b52e515c700e92047558042804e51fb1,ADSK,True,1,True,,False,XNAS,USD,False,False,False,,,0,,ADSK,2022-11-28,2026-10-01,964,1442,479,0,479,0,2023-09-29,211,0,0,42,0,0,479,False,True,False,Information Technology,True,https://raw.githubusercontent.com/datasets/s-and-p-500-companies/master/data/constituents.csv,27118681e55ee5e83d7174a03edc747bf008b667161d8c1447b308a66c0c1d82,XNYS,False,False,0,0,False,0,0,0,False,0,,UNVERIFIED; preserve source share class,listing;ohlcv;adjustment;corporate_actions;calendar_timezone,"verify prior-public listing intervals and security representation; validate source clocks/calendars; reconcile split-only OHLC, total-return vintages, dividends/payment dates and merger/delisting ledger; recover seed/warm-up and missing sessions; disclose current-GICS approximation and assess sensitivity; USD identity FX only","[{""symbol"":""ADSK"",""file"":""backtests/staged/wf3_prices.json.gz"",""sha256"":""6ab928b5ab5a1226dfecbccd9b50e444766aba9c00f6ce4f372801cbaaab2793"",""observations"":964,""first"":""2022-11-28"",""last"":""2026-10-01""}]",False,False,False,False,True,False,True,True
isin:US0530151036,Automatic Data Processing Inc,US0530151036,053015103,,US,PARTIALLY_READY,PARTIALLY_READY,2023-10;2023-11;2023-12;2024-01;2024-02;2024-03;2024-04;2024-05;2024-06;2024-07;2024-08;2024-09;2024-10;2024-11;2024-12;2025-01;2025-02;2025-03;2025-04;2025-05;2025-06;2025-07;2025-08;2025-09;2025-10;2025-11;2025-12;2026-01;2026-02;2026-03;2026-04;2026-05;2026-06;2026-07;2026-08;2026-09,2023-10,2026-09,2b660030dbf1b6abe7c2e7990788c9c1b52e515c700e92047558042804e51fb1,ADP,True,1,True,,False,XNAS,USD,False,False,False,,,0,,ADP,2022-11-28,2026-10-01,964,1442,479,0,479,0,2023-09-29,211,0,0,42,0,0,479,False,True,False,Industrials,True,https://raw.githubusercontent.com/datasets/s-and-p-500-companies/master/data/constituents.csv,7eb5430d418a3836251b9bf5d120a04289b8a66c5b432da32c63c6425f071974,XNYS,False,False,0,16,False,0,0,0,False,0,,UNVERIFIED; preserve source share class,listing;ohlcv;adjustment;corporate_actions;calendar_timezone,"verify prior-public listing intervals and security representation; validate source clocks/calendars; reconcile split-only OHLC, total-return vintages, dividends/payment dates and merger/delisting ledger; recover seed/warm-up and missing sessions; disclose current-GICS approximation and assess sensitivity; USD identity FX only","[{""symbol"":""ADP"",""file"":""backtests/staged/wf3_prices.json.gz"",""sha256"":""6ab928b5ab5a1226dfecbccd9b50e444766aba9c00f6ce4f372801cbaaab2793"",""observations"":964,""first"":""2022-11-28"",""last"":""2026-10-01""}]",False,False,False,False,True,False,True,True
isin:US05464C1018,Axon Enterprise Inc,US05464C1018,05464C101,,US,PARTIALLY_READY,PARTIALLY_READY,2023-10;2023-11;2023-12;2024-01;2024-02;2024-03;2024-04;2024-05;2024-06;2024-07;2024-08;2024-09;2024-10;2024-11;2024-12;2025-01;2025-02;2025-03;2025-04;2025-05;2025-06;2025-07;2025-08;2025-09;2025-10;2025-11;2025-12;2026-01;2026-02;2026-03;2026-04;2026-05;2026-06;2026-07;2026-08;2026-09,2023-10,2026-09,2b660030dbf1b6abe7c2e7990788c9c1b52e515c700e92047558042804e51fb1,AXON,True,1,True,,False,XNAS,USD,False,False,False,,,0,,AXON,2022-11-28,2026-10-01,964,1442,479,0,479,0,2023-09-29,211,0,0,42,0,0,479,False,True,False,Industrials,True,https://raw.githubusercontent.com/datasets/s-and-p-500-companies/master/data/constituents.csv,d7dc39dc8190250cb8e87d15530b34735e853a36a906e35339db0394fd2c3567,XNYS,False,False,0,0,False,0,0,0,False,0,,UNVERIFIED; preserve source share class,listing;ohlcv;adjustment;corporate_actions;calendar_timezone,"verify prior-public listing intervals and security representation; validate source clocks/calendars; reconcile split-only OHLC, total-return vintages, dividends/payment dates and merger/delisting ledger; recover seed/warm-up and missing sessions; disclose current-GICS approximation and assess sensitivity; USD identity FX only","[{""symbol"":""AXON"",""file"":""backtests/staged/wf3_prices.json.gz"",""sha256"":""6ab928b5ab5a1226dfecbccd9b50e444766aba9c00f6ce4f372801cbaaab2793"",""observations"":964,""first"":""2022-11-28"",""last"":""2026-10-01""}]",False,False,False,False,True,False,True,True
isin:US05722G1004,Baker Hughes Co,US05722G1004,05722G100,,US,PARTIALLY_READY,PARTIALLY_READY,2023-10;2023-11;2023-12;2024-01;2024-02;2024-03;2024-04;2024-05;2024-06;2024-07;2024-08;2024-09;2024-10;2024-11;2024-12;2025-01;2025-02;2025-03;2025-04;2025-05;2025-06;2025-07;2025-08;2025-09;2025-10;2025-11;2025-12;2026-01;2026-02;2026-03;2026-04;2026-05;2026-06;2026-07;2026-08;2026-09,2023-10,2026-09,2b660030dbf1b6abe7c2e7990788c9c1b52e515c700e92047558042804e51fb1,BKR,True,1,True,,False,XNAS,USD,False,False,False,,,0,,BKR,2022-11-28,2026-10-01,964,1442,479,0,479,0,2023-09-29,211,0,0,42,0,0,479,False,True,False,Energy,True,https://raw.githubusercontent.com/datasets/s-and-p-500-companies/master/data/constituents.csv,ca3fe9f6b7622b246646a24dbe79cdaa791356122e5f43a3e82071450a1bed02,XNYS,False,False,0,15,False,0,0,0,False,0,,UNVERIFIED; preserve source share class,listing;ohlcv;adjustment;corporate_actions;calendar_timezone,"verify prior-public listing intervals and security representation; validate source clocks/calendars; reconcile split-only OHLC, total-return vintages, dividends/payment dates and merger/delisting ledger; recover seed/warm-up and missing sessions; disclose current-GICS approximation and assess sensitivity; USD identity FX only","[{""symbol"":""BKR"",""file"":""backtests/staged/wf3_prices.json.gz"",""sha256"":""6ab928b5ab5a1226dfecbccd9b50e444766aba9c00f6ce4f372801cbaaab2793"",""observations"":964,""first"":""2022-11-28"",""last"":""2026-10-01""}]",False,False,False,False,True,False,True,True
isin:US0605051046,Bank of America Corp,US0605051046,060505104,,US,PARTIALLY_READY,PARTIALLY_READY,2023-10;2023-11;2023-12;2024-01;2024-02;2024-03;2024-04;2024-05;2024-06;2024-07;2024-08;2024-09;2024-10;2024-11;2024-12;2025-01;2025-02;2025-03;2025-04;2025-05;2025-06;2025-07;2025-08;2025-09;2025-10;2025-11;2025-12;2026-01;2026-02;2026-03;2026-04;2026-05;2026-06;2026-07;2026-08;2026-09,2023-10,2026-09,2b660030dbf1b6abe7c2e7990788c9c1b52e515c700e92047558042804e51fb1,BAC,True,1,True,,False,XNYS,USD,False,False,False,,,0,,BAC,2022-11-28,2026-10-01,964,1442,479,0,479,0,2023-09-29,211,0,0,42,0,0,479,False,True,False,Financials,True,https://raw.githubusercontent.com/datasets/s-and-p-500-companies/master/data/constituents.csv,95e02c88b2752fe9d42b356143a8c18c958c84b242f11fe4a31be217c77c15dd,XNYS,False,False,0,16,False,0,0,0,False,0,,UNVERIFIED; preserve source share class,listing;ohlcv;adjustment;corporate_actions;calendar_timezone,"verify prior-public listing intervals and security representation; validate source clocks/calendars; reconcile split-only OHLC, total-return vintages, dividends/payment dates and merger/delisting ledger; recover seed/warm-up and missing sessions; disclose current-GICS approximation and assess sensitivity; USD identity FX only","[{""symbol"":""BAC"",""file"":""backtests/staged/wf3_prices.json.gz"",""sha256"":""6ab928b5ab5a1226dfecbccd9b50e444766aba9c00f6ce4f372801cbaaab2793"",""observations"":964,""first"":""2022-11-28"",""last"":""2026-10-01""}]",False,False,False,False,True,False,True,True
isin:US0708301041,Bath & Body Works Inc,US0708301041,070830104,,US,PARTIALLY_READY,PARTIALLY_READY,2023-10;2023-11;2023-12;2024-01;2024-02;2024-03;2024-04;2024-05;2024-06;2024-07;2024-08;2024-09;2024-10;2024-11;2024-12;2025-01;2025-02;2025-03;2025-04;2025-05;2025-06;2025-07;2025-08;2025-09;2025-10;2025-11;2025-12;2026-01;2026-02;2026-03;2026-04;2026-05;2026-06;2026-07;2026-08;2026-09,2023-10,2026-09,2b660030dbf1b6abe7c2e7990788c9c1b52e515c700e92047558042804e51fb1,BBWI,True,1,True,,False,XNYS,USD,False,False,False,,,0,,BBWI,2022-11-28,2026-10-01,964,1442,479,0,479,0,2023-09-29,211,0,0,42,0,0,479,False,False,False,UNRESOLVED,False,,,XNYS,False,False,0,15,False,0,0,0,False,0,,UNVERIFIED; preserve source share class,listing;ohlcv;adjustment;corporate_actions;gics;calendar_timezone,"verify prior-public listing intervals and security representation; validate source clocks/calendars; reconcile split-only OHLC, total-return vintages, dividends/payment dates and merger/delisting ledger; recover seed/warm-up and missing sessions; source exact-ID current GICS and corrections; USD identity FX only","[{""symbol"":""BBWI"",""file"":""backtests/staged/wf3_prices.json.gz"",""sha256"":""6ab928b5ab5a1226dfecbccd9b50e444766aba9c00f6ce4f372801cbaaab2793"",""observations"":964,""first"":""2022-11-28"",""last"":""2026-10-01""}]",False,False,False,False,False,False,True,True
isin:US0718131099,Baxter International Inc,US0718131099,071813109,,US,PARTIALLY_READY,PARTIALLY_READY,2023-10;2023-11;2023-12;2024-01;2024-02;2024-03;2024-04;2024-05;2024-06;2024-07;2024-08;2024-09;2024-10;2024-11;2024-12;2025-01;2025-02;2025-03;2025-04;2025-05;2025-06;2025-07;2025-08;2025-09;2025-10;2025-11;2025-12;2026-01;2026-02;2026-03;2026-04;2026-05;2026-06;2026-07;2026-08;2026-09,2023-10,2026-09,2b660030dbf1b6abe7c2e7990788c9c1b52e515c700e92047558042804e51fb1,BAX,True,1,True,,False,XNYS,USD,False,False,False,,,0,,BAX,2022-11-28,2026-10-01,964,1442,479,0,479,0,2023-09-29,211,0,0,42,0,0,479,False,True,False,Health Care,True,https://raw.githubusercontent.com/datasets/s-and-p-500-companies/master/data/constituents.csv,8b4558a3ca860fbbef07b3ce768e6302703486650a31fc273ac1ad1ebc0b43f7,XNYS,False,False,0,16,False,0,0,0,False,0,,UNVERIFIED; preserve source share class,listing;ohlcv;adjustment;corporate_actions;calendar_timezone,"verify prior-public listing intervals and security representation; validate source clocks/calendars; reconcile split-only OHLC, total-return vintages, dividends/payment dates and merger/delisting ledger; recover seed/warm-up and missing sessions; disclose current-GICS approximation and assess sensitivity; USD identity FX only","[{""symbol"":""BAX"",""file"":""backtests/staged/wf3_prices.json.gz"",""sha256"":""6ab928b5ab5a1226dfecbccd9b50e444766aba9c00f6ce4f372801cbaaab2793"",""observations"":964,""first"":""2022-11-28"",""last"":""2026-10-01""}]",False,False,False,False,True,False,True,True
isin:US0758871091,Becton Dickinson & Co,US0758871091,075887109,,US,PARTIALLY_READY,PARTIALLY_READY,2023-10;2023-11;2023-12;2024-01;2024-02;2024-03;2024-04;2024-05;2024-06;2024-07;2024-08;2024-09;2024-10;2024-11;2024-12;2025-01;2025-02;2025-03;2025-04;2025-05;2025-06;2025-07;2025-08;2025-09;2025-10;2025-11;2025-12;2026-01;2026-02;2026-03;2026-04;2026-05;2026-06;2026-07;2026-08;2026-09,2023-10,2026-09,2b660030dbf1b6abe7c2e7990788c9c1b52e515c700e92047558042804e51fb1,BDX,True,2,True,,False,XNYS,USD,False,False,False,,,0,,BDX,2022-11-28,2026-10-01,964,1442,479,0,479,0,2023-09-29,211,0,0,42,0,0,479,False,True,False,Health Care,True,https://raw.githubusercontent.com/datasets/s-and-p-500-companies/master/data/constituents.csv,a169613e9c63b31894bd099aaa998730745b2f3c7f418ea3c9a9beb63fb51e2d,XNYS,False,False,1,16,False,0,0,0,False,0,,UNVERIFIED; preserve source share class,listing;ohlcv;adjustment;corporate_actions;calendar_timezone,"verify prior-public listing intervals and security representation; validate source clocks/calendars; reconcile split-only OHLC, total-return vintages, dividends/payment dates and merger/delisting ledger; recover seed/warm-up and missing sessions; disclose current-GICS approximation and assess sensitivity; USD identity FX only","[{""symbol"":""BDX"",""file"":""backtests/staged/wf3_prices.json.gz"",""sha256"":""6ab928b5ab5a1226dfecbccd9b50e444766aba9c00f6ce4f372801cbaaab2793"",""observations"":964,""first"":""2022-11-28"",""last"":""2026-10-01""}]",False,False,False,False,True,False,True,True
isin:US09062X1037,Biogen Inc,US09062X1037,09062X103,,US,PARTIALLY_READY,PARTIALLY_READY,2023-10;2023-11;2023-12;2024-01;2024-02;2024-03;2024-04;2024-05;2024-06;2024-07;2024-08;2024-09;2024-10;2024-11;2024-12;2025-01;2025-02;2025-03;2025-04;2025-05;2025-06;2025-07;2025-08;2025-09;2025-10;2025-11;2025-12;2026-01;2026-02;2026-03;2026-04;2026-05;2026-06;2026-07;2026-08;2026-09,2023-10,2026-09,2b660030dbf1b6abe7c2e7990788c9c1b52e515c700e92047558042804e51fb1,BIIB,True,1,True,,False,XNAS,USD,False,False,False,,,0,,BIIB,2022-11-28,2026-10-01,964,1442,479,0,479,0,2023-09-29,211,0,0,42,0,0,479,False,True,False,Health Care,True,https://raw.githubusercontent.com/datasets/s-and-p-500-companies/master/data/constituents.csv,cc6e51f7eb448e6c584ca58d572b94d9e95862c28ab6effd76c8561c82f7a6a8,XNYS,False,False,0,0,False,0,0,0,False,0,,UNVERIFIED; preserve source share class,listing;ohlcv;adjustment;corporate_actions;calendar_timezone,"verify prior-public listing intervals and security representation; validate source clocks/calendars; reconcile split-only OHLC, total-return vintages, dividends/payment dates and merger/delisting ledger; recover seed/warm-up and missing sessions; disclose current-GICS approximation and assess sensitivity; USD identity FX only","[{""symbol"":""BIIB"",""file"":""backtests/staged/wf3_prices.json.gz"",""sha256"":""6ab928b5ab5a1226dfecbccd9b50e444766aba9c00f6ce4f372801cbaaab2793"",""observations"":964,""first"":""2022-11-28"",""last"":""2026-10-01""}]",False,False,False,False,True,False,True,True
isin:US09260D1072,Blackstone Inc,US09260D1072,09260D107,,US,PARTIALLY_READY,PARTIALLY_READY,2023-10;2023-11;2023-12;2024-01;2024-02;2024-03;2024-04;2024-05;2024-06;2024-07;2024-08;2024-09;2024-10;2024-11;2024-12;2025-01;2025-02;2025-03;2025-04;2025-05;2025-06;2025-07;2025-08;2025-09;2025-10;2025-11;2025-12;2026-01;2026-02;2026-03;2026-04;2026-05;2026-06;2026-07;2026-08;2026-09,2023-10,2026-09,2b660030dbf1b6abe7c2e7990788c9c1b52e515c700e92047558042804e51fb1,BX,True,1,True,,False,XNYS,USD,False,False,False,,,0,,BX,2022-11-28,2026-10-01,964,1442,479,0,479,0,2023-09-29,211,0,0,42,0,0,479,False,True,False,Financials,True,https://raw.githubusercontent.com/datasets/s-and-p-500-companies/master/data/constituents.csv,2fd2f334518ffa27bb208ba2babfae715faf21d48529d58767b37bc51c3041ed,XNYS,False,False,0,15,False,0,0,0,False,0,,UNVERIFIED; preserve source share class,listing;ohlcv;adjustment;corporate_actions;calendar_timezone,"verify prior-public listing intervals and security representation; validate source clocks/calendars; reconcile split-only OHLC, total-return vintages, dividends/payment dates and merger/delisting ledger; recover seed/warm-up and missing sessions; disclose current-GICS approximation and assess sensitivity; USD identity FX only","[{""symbol"":""BX"",""file"":""backtests/staged/wf3_prices.json.gz"",""sha256"":""6ab928b5ab5a1226dfecbccd9b50e444766aba9c00f6ce4f372801cbaaab2793"",""observations"":964,""first"":""2022-11-28"",""last"":""2026-10-01""}]",False,False,False,False,True,False,True,True
isin:US0937121079,Bloom Energy Corp,US0937121079,093712107,,US,PARTIALLY_READY,PARTIALLY_READY,2023-10;2023-11;2023-12;2024-01;2024-02;2024-03;2024-04;2024-05;2024-06;2024-07;2024-08;2024-09;2024-10;2024-11;2024-12;2025-01;2025-02;2025-03;2025-04;2025-05;2025-06;2025-07;2025-08;2025-09;2025-10;2025-11;2025-12;2026-01;2026-02;2026-03;2026-04;2026-05;2026-06;2026-07;2026-08;2026-09,2023-10,2026-09,2b660030dbf1b6abe7c2e7990788c9c1b52e515c700e92047558042804e51fb1,BE,True,1,True,,False,XNYS,USD,False,False,False,,,0,,BE,2022-11-28,2026-10-01,964,1442,479,0,479,0,2023-09-29,211,0,0,42,0,0,479,False,True,False,Industrials,True,https://raw.githubusercontent.com/datasets/s-and-p-500-companies/master/data/constituents.csv,d0b2eea790e379b59c06c1adb9581c02d93f9273d612cb7a2294376935e4ca1e,XNYS,False,False,0,0,False,0,0,0,False,0,,UNVERIFIED; preserve source share class,listing;ohlcv;adjustment;corporate_actions;calendar_timezone,"verify prior-public listing intervals and security representation; validate source clocks/calendars; reconcile split-only OHLC, total-return vintages, dividends/payment dates and merger/delisting ledger; recover seed/warm-up and missing sessions; disclose current-GICS approximation and assess sensitivity; USD identity FX only","[{""symbol"":""BE"",""file"":""backtests/staged/wf3_prices.json.gz"",""sha256"":""6ab928b5ab5a1226dfecbccd9b50e444766aba9c00f6ce4f372801cbaaab2793"",""observations"":964,""first"":""2022-11-28"",""last"":""2026-10-01""}]",False,False,False,False,True,False,True,True
isin:US0970231058,Boeing Co/The,US0970231058,097023105,,US,PARTIALLY_READY,PARTIALLY_READY,2023-10;2023-11;2023-12;2024-01;2024-02;2024-03;2024-04;2024-05;2024-06;2024-07;2024-08;2024-09;2024-10;2024-11;2024-12;2025-01;2025-02;2025-03;2025-04;2025-05;2025-06;2025-07;2025-08;2025-09;2025-10;2025-11;2025-12;2026-01;2026-02;2026-03;2026-04;2026-05;2026-06;2026-07;2026-08;2026-09,2023-10,2026-09,2b660030dbf1b6abe7c2e7990788c9c1b52e515c700e92047558042804e51fb1,BA,True,1,True,,False,XNYS,USD,False,False,False,,,0,,BA,2022-11-28,2026-10-01,964,1442,479,0,479,0,2023-09-29,211,0,0,42,0,0,479,False,True,False,Industrials,True,https://raw.githubusercontent.com/datasets/s-and-p-500-companies/master/data/constituents.csv,ab66e530a0f75a322a722a4a6f3ee16c4f9e2e2fe86fad7fcce468a3aa174970,XNYS,False,False,0,0,False,0,0,0,False,0,,UNVERIFIED; preserve source share class,listing;ohlcv;adjustment;corporate_actions;calendar_timezone,"verify prior-public listing intervals and security representation; validate source clocks/calendars; reconcile split-only OHLC, total-return vintages, dividends/payment dates and merger/delisting ledger; recover seed/warm-up and missing sessions; disclose current-GICS approximation and assess sensitivity; USD identity FX only","[{""symbol"":""BA"",""file"":""backtests/staged/wf3_prices.json.gz"",""sha256"":""6ab928b5ab5a1226dfecbccd9b50e444766aba9c00f6ce4f372801cbaaab2793"",""observations"":964,""first"":""2022-11-28"",""last"":""2026-10-01""}]",False,False,False,False,True,False,True,True
isin:US09857L1089,Booking Holdings Inc,US09857L1089,09857L108,,US,PARTIALLY_READY,PARTIALLY_READY,2023-10;2023-11;2023-12;2024-01;2024-02;2024-03;2024-04;2024-05;2024-06;2024-07;2024-08;2024-09;2024-10;2024-11;2024-12;2025-01;2025-02;2025-03;2025-04;2025-05;2025-06;2025-07;2025-08;2025-09;2025-10;2025-11;2025-12;2026-01;2026-02;2026-03;2026-04;2026-05;2026-06;2026-07;2026-08;2026-09,2023-10,2026-09,2b660030dbf1b6abe7c2e7990788c9c1b52e515c700e92047558042804e51fb1,BKNG,True,2,True,,False,XNAS,USD,False,False,False,,,0,,BKNG,2022-11-28,2026-10-01,964,1442,479,0,479,0,2023-09-29,211,0,0,42,0,0,479,False,True,False,Consumer Discretionary,True,https://raw.githubusercontent.com/datasets/s-and-p-500-companies/master/data/constituents.csv,1a23c4461acdf4b043eb2885686038fc14d61e7cf2f5e1b59d3eb0e609d22dc5,XNYS,False,False,1,11,False,0,0,0,False,0,,UNVERIFIED; preserve source share class,listing;ohlcv;adjustment;corporate_actions;calendar_timezone,"verify prior-public listing intervals and security representation; validate source clocks/calendars; reconcile split-only OHLC, total-return vintages, dividends/payment dates and merger/delisting ledger; recover seed/warm-up and missing sessions; disclose current-GICS approximation and assess sensitivity; USD identity FX only","[{""symbol"":""BKNG"",""file"":""backtests/staged/wf3_prices.json.gz"",""sha256"":""6ab928b5ab5a1226dfecbccd9b50e444766aba9c00f6ce4f372801cbaaab2793"",""observations"":964,""first"":""2022-11-28"",""last"":""2026-10-01""}]",False,False,False,False,True,False,True,True
isin:US1011371077,Boston Scientific Corp,US1011371077,101137107,,US,PARTIALLY_READY,PARTIALLY_READY,2024-02;2024-03;2024-04;2024-05;2024-06;2024-07;2024-08;2024-09;2024-10;2024-11;2024-12;2025-01;2025-02;2025-03;2025-04;2025-05;2025-06;2025-07;2025-08;2025-09;2025-10;2025-11;2025-12;2026-01;2026-02;2026-03;2026-04;2026-05;2026-06;2026-07;2026-08;2026-09,2024-02,2026-09,2b660030dbf1b6abe7c2e7990788c9c1b52e515c700e92047558042804e51fb1,BSX,True,1,True,,False,XNYS,USD,False,False,False,,,0,,BSX,2022-11-28,2026-10-01,964,1442,479,0,479,0,2024-02-29,315,0,0,0,0,0,479,False,True,False,Health Care,True,https://raw.githubusercontent.com/datasets/s-and-p-500-companies/master/data/constituents.csv,a4e2f6145826399c550806926919939319d6e025419e0d1679394185af74e1bc,XNYS,False,False,0,0,False,0,0,0,False,0,,UNVERIFIED; preserve source share class,listing;ohlcv;adjustment;corporate_actions;calendar_timezone,"verify prior-public listing intervals and security representation; validate source clocks/calendars; reconcile split-only OHLC, total-return vintages, dividends/payment dates and merger/delisting ledger; recover seed/warm-up and missing sessions; disclose current-GICS approximation and assess sensitivity; USD identity FX only","[{""symbol"":""BSX"",""file"":""backtests/staged/wf3_prices.json.gz"",""sha256"":""6ab928b5ab5a1226dfecbccd9b50e444766aba9c00f6ce4f372801cbaaab2793"",""observations"":964,""first"":""2022-11-28"",""last"":""2026-10-01""}]",False,False,False,False,True,False,True,True
isin:US1101221083,Bristol-Myers Squibb Co,US1101221083,110122108,,US,PARTIALLY_READY,PARTIALLY_READY,2023-10;2023-11;2023-12;2024-01;2024-02;2024-03;2024-04;2024-05;2024-06;2024-07;2024-08;2024-09;2024-10;2024-11;2024-12;2025-01;2025-02;2025-03;2025-04;2025-05;2025-06;2025-07;2025-08;2025-09;2025-10;2025-11;2025-12;2026-01;2026-02;2026-03;2026-04;2026-05;2026-06;2026-07;2026-08;2026-09,2023-10,2026-09,2b660030dbf1b6abe7c2e7990788c9c1b52e515c700e92047558042804e51fb1,BMY,True,1,True,,False,XNYS,USD,False,False,False,,,0,,BMY,2022-11-28,2026-10-01,964,1442,479,0,479,0,2023-09-29,211,0,0,42,0,0,479,False,True,False,Health Care,True,https://raw.githubusercontent.com/datasets/s-and-p-500-companies/master/data/constituents.csv,c226a72366be0a224bb4679219985779e5ea052ee12c2f919f7f3dd1c3320b10,XNYS,False,False,0,15,False,0,0,0,False,0,,UNVERIFIED; preserve source share class,listing;ohlcv;adjustment;corporate_actions;calendar_timezone,"verify prior-public listing intervals and security representation; validate source clocks/calendars; reconcile split-only OHLC, total-return vintages, dividends/payment dates and merger/delisting ledger; recover seed/warm-up and missing sessions; disclose current-GICS approximation and assess sensitivity; USD identity FX only","[{""symbol"":""BMY"",""file"":""backtests/staged/wf3_prices.json.gz"",""sha256"":""6ab928b5ab5a1226dfecbccd9b50e444766aba9c00f6ce4f372801cbaaab2793"",""observations"":964,""first"":""2022-11-28"",""last"":""2026-10-01""}]",False,False,False,False,True,False,True,True
isin:US11135F1012,Broadcom Inc,US11135F1012,11135F101,,US,PARTIALLY_READY,PARTIALLY_READY,2023-10;2023-11;2023-12;2024-01;2024-02;2024-03;2024-04;2024-05;2024-06;2024-07;2024-08;2024-09;2024-10;2024-11;2024-12;2025-01;2025-02;2025-03;2025-04;2025-05;2025-06;2025-07;2025-08;2025-09;2025-10;2025-11;2025-12;2026-01;2026-02;2026-03;2026-04;2026-05;2026-06;2026-07;2026-08;2026-09,2023-10,2026-09,2b660030dbf1b6abe7c2e7990788c9c1b52e515c700e92047558042804e51fb1,AVGO,True,1,True,,False,XNAS,USD,False,False,False,,,0,,AVGO,2022-11-28,2026-10-01,964,1442,479,0,479,0,2023-09-29,211,0,0,42,0,0,479,False,True,False,Information Technology,True,https://raw.githubusercontent.com/datasets/s-and-p-500-companies/master/data/constituents.csv,5b5e4575005eb10f998b1c3ac4b4b32ab9712e0c11767ba6305517da6e21608b,XNYS,False,False,1,16,False,0,0,0,False,0,,UNVERIFIED; preserve source share class,listing;ohlcv;adjustment;corporate_actions;calendar_timezone,"verify prior-public listing intervals and security representation; validate source clocks/calendars; reconcile split-only OHLC, total-return vintages, dividends/payment dates and merger/delisting ledger; recover seed/warm-up and missing sessions; disclose current-GICS approximation and assess sensitivity; USD identity FX only","[{""symbol"":""AVGO"",""file"":""backtests/staged/wf3_prices.json.gz"",""sha256"":""6ab928b5ab5a1226dfecbccd9b50e444766aba9c00f6ce4f372801cbaaab2793"",""observations"":964,""first"":""2022-11-28"",""last"":""2026-10-01""}]",False,False,False,False,True,False,True,True
isin:US12008R1077,Builders FirstSource Inc,US12008R1077,12008R107,,US,PARTIALLY_READY,PARTIALLY_READY,2023-11;2023-12;2024-01;2024-02;2024-03;2024-04;2024-05;2024-06;2024-07;2024-08;2024-09;2024-10;2024-11;2024-12;2025-01;2025-02;2025-03;2025-04;2025-05;2025-06;2025-07;2025-08;2025-09;2025-10;2025-11;2025-12;2026-01;2026-02;2026-03;2026-04;2026-05;2026-06;2026-07;2026-08;2026-09,2023-11,2026-09,2b660030dbf1b6abe7c2e7990788c9c1b52e515c700e92047558042804e51fb1,BLDR,True,1,True,,False,XNYS,USD,False,False,False,,,0,,BLDR,2022-11-28,2026-10-01,964,1442,479,0,479,0,2023-11-30,254,0,0,0,0,0,479,False,False,False,UNRESOLVED,False,,,XNYS,False,False,0,0,False,0,0,0,False,0,,UNVERIFIED; preserve source share class,listing;ohlcv;adjustment;corporate_actions;gics;calendar_timezone,"verify prior-public listing intervals and security representation; validate source clocks/calendars; reconcile split-only OHLC, total-return vintages, dividends/payment dates and merger/delisting ledger; recover seed/warm-up and missing sessions; source exact-ID current GICS and corrections; USD identity FX only","[{""symbol"":""BLDR"",""file"":""backtests/staged/wf3_prices.json.gz"",""sha256"":""6ab928b5ab5a1226dfecbccd9b50e444766aba9c00f6ce4f372801cbaaab2793"",""observations"":964,""first"":""2022-11-28"",""last"":""2026-10-01""}]",False,False,False,False,False,False,True,True
isin:US12503M1080,Cboe Global Markets Inc,US12503M1080,12503M108,,US,PARTIALLY_READY,PARTIALLY_READY,2025-11;2025-12;2026-01;2026-02;2026-03;2026-04;2026-05;2026-06;2026-07;2026-08;2026-09,2025-11,2026-09,2b660030dbf1b6abe7c2e7990788c9c1b52e515c700e92047558042804e51fb1,CBOE,True,1,True,,False,BATS,USD,False,False,False,,,0,,CBOE,2022-11-28,2026-10-01,964,1442,479,0,479,0,2025-11-28,754,0,0,0,0,0,479,False,True,False,Financials,True,https://raw.githubusercontent.com/datasets/s-and-p-500-companies/master/data/constituents.csv,cbf5ce07ac4eb0f9a408f86c475a0e729f6cb86a6ff06d00f0e98be3fdb82cb4,XNYS,False,False,0,14,False,0,0,0,False,0,,UNVERIFIED; preserve source share class,listing;ohlcv;adjustment;corporate_actions;calendar_timezone,"verify prior-public listing intervals and security representation; validate source clocks/calendars; reconcile split-only OHLC, total-return vintages, dividends/payment dates and merger/delisting ledger; recover seed/warm-up and missing sessions; disclose current-GICS approximation and assess sensitivity; USD identity FX only","[{""symbol"":""CBOE"",""file"":""backtests/staged/wf3_prices.json.gz"",""sha256"":""6ab928b5ab5a1226dfecbccd9b50e444766aba9c00f6ce4f372801cbaaab2793"",""observations"":964,""first"":""2022-11-28"",""last"":""2026-10-01""}]",False,False,False,False,True,False,True,True
isin:US1252691001,CF Industries Holdings Inc,US1252691001,125269100,,US,PARTIALLY_READY,PARTIALLY_READY,2023-10;2023-11;2023-12;2024-01;2024-02;2024-03;2024-04;2024-05;2024-06;2024-07;2024-08;2024-09;2024-10;2024-11;2024-12;2025-01;2025-02;2025-03;2025-04;2025-05;2025-06;2025-07;2025-08;2025-09;2025-10;2025-11;2025-12;2026-01;2026-02;2026-03;2026-04;2026-05;2026-06;2026-07;2026-08;2026-09,2023-10,2026-09,2b660030dbf1b6abe7c2e7990788c9c1b52e515c700e92047558042804e51fb1,CF,True,1,True,,False,XNYS,USD,False,False,False,,,0,,CF,2022-11-28,2026-10-01,964,1442,479,0,479,0,2023-09-29,211,0,0,42,0,0,479,False,True,False,Materials,True,https://raw.githubusercontent.com/datasets/s-and-p-500-companies/master/data/constituents.csv,cc64e69107abd4a53d7ef1473e1bece105a07c8dc40af1352880bd5a652f27c4,XNYS,False,False,0,15,False,0,0,0,False,0,,UNVERIFIED; preserve source share class,listing;ohlcv;adjustment;corporate_actions;calendar_timezone,"verify prior-public listing intervals and security representation; validate source clocks/calendars; reconcile split-only OHLC, total-return vintages, dividends/payment dates and merger/delisting ledger; recover seed/warm-up and missing sessions; disclose current-GICS approximation and assess sensitivity; USD identity FX only","[{""symbol"":""CF"",""file"":""backtests/staged/wf3_prices.json.gz"",""sha256"":""6ab928b5ab5a1226dfecbccd9b50e444766aba9c00f6ce4f372801cbaaab2793"",""observations"":964,""first"":""2022-11-28"",""last"":""2026-10-01""}]",False,False,False,False,True,False,True,True
isin:US12541W2098,CH Robinson Worldwide Inc,US12541W2098,12541W209,,US,PARTIALLY_READY,PARTIALLY_READY,2023-10;2023-11;2023-12;2024-01;2024-02;2024-03;2024-04;2024-05;2024-06;2024-07;2024-08;2024-09;2024-10;2024-11;2024-12;2025-01;2025-02;2025-03;2025-04;2025-05;2025-06;2025-07;2025-08;2025-09;2025-10;2025-11;2025-12;2026-01;2026-02;2026-03;2026-04;2026-05;2026-06;2026-07;2026-08;2026-09,2023-10,2026-09,2b660030dbf1b6abe7c2e7990788c9c1b52e515c700e92047558042804e51fb1,CHRW,True,1,True,,False,XNAS,USD,False,False,False,,,0,,CHRW,2022-11-28,2026-10-01,964,1442,479,0,479,0,2023-09-29,211,0,0,42,0,0,479,False,True,False,Industrials,True,https://raw.githubusercontent.com/datasets/s-and-p-500-companies/master/data/constituents.csv,f077f9a73e8a53f0aacd8449f45ad8ffa1b7e55cc802253745eedb95b329a17c,XNYS,False,False,0,16,False,0,0,0,False,0,,UNVERIFIED; preserve source share class,listing;ohlcv;adjustment;corporate_actions;calendar_timezone,"verify prior-public listing intervals and security representation; validate source clocks/calendars; reconcile split-only OHLC, total-return vintages, dividends/payment dates and merger/delisting ledger; recover seed/warm-up and missing sessions; disclose current-GICS approximation and assess sensitivity; USD identity FX only","[{""symbol"":""CHRW"",""file"":""backtests/staged/wf3_prices.json.gz"",""sha256"":""6ab928b5ab5a1226dfecbccd9b50e444766aba9c00f6ce4f372801cbaaab2793"",""observations"":964,""first"":""2022-11-28"",""last"":""2026-10-01""}]",False,False,False,False,True,False,True,True
isin:US1255231003,Cigna Group/The,US1255231003,125523100,,US,PARTIALLY_READY,PARTIALLY_READY,2023-10;2023-11;2023-12;2024-01;2024-02;2024-03;2024-04;2024-05;2024-06;2024-07;2024-08;2024-09;2024-10;2024-11;2024-12;2025-01;2025-02;2025-03;2025-04;2025-05;2025-06;2025-07;2025-08;2025-09;2025-10;2025-11;2025-12;2026-01;2026-02;2026-03;2026-04;2026-05;2026-06;2026-07;2026-08;2026-09,2023-10,2026-09,2b660030dbf1b6abe7c2e7990788c9c1b52e515c700e92047558042804e51fb1,CI,True,1,True,,False,XNYS,USD,False,False,False,,,0,,CI,2022-11-28,2026-10-01,964,1442,479,0,479,0,2023-09-29,211,0,0,42,0,0,479,False,True,False,Health Care,True,https://raw.githubusercontent.com/datasets/s-and-p-500-companies/master/data/constituents.csv,27ce1499857222fb8f702a6555a753111815b2aa8165594a383b6b50ebdcb51c,XNYS,False,False,0,16,False,0,0,0,False,0,,UNVERIFIED; preserve source share class,listing;ohlcv;adjustment;corporate_actions;calendar_timezone,"verify prior-public listing intervals and security representation; validate source clocks/calendars; reconcile split-only OHLC, total-return vintages, dividends/payment dates and merger/delisting ledger; recover seed/warm-up and missing sessions; disclose current-GICS approximation and assess sensitivity; USD identity FX only","[{""symbol"":""CI"",""file"":""backtests/staged/wf3_prices.json.gz"",""sha256"":""6ab928b5ab5a1226dfecbccd9b50e444766aba9c00f6ce4f372801cbaaab2793"",""observations"":964,""first"":""2022-11-28"",""last"":""2026-10-01""}]",False,False,False,False,True,False,True,True
isin:US12572Q1058,CME Group Inc,US12572Q1058,12572Q105,,US,PARTIALLY_READY,PARTIALLY_READY,2024-02;2024-03;2024-04;2024-05;2024-06;2024-07;2024-08;2024-09;2024-10;2024-11;2024-12;2025-01;2025-02;2025-03;2025-04;2025-05;2025-06;2025-07;2025-08;2025-09;2025-10;2025-11;2025-12;2026-01;2026-02;2026-03;2026-04;2026-05;2026-06;2026-07;2026-08;2026-09,2024-02,2026-09,2b660030dbf1b6abe7c2e7990788c9c1b52e515c700e92047558042804e51fb1,CME,True,1,True,,False,XNAS,USD,False,False,False,,,0,,CME,2022-11-28,2026-10-01,964,1442,479,0,479,0,2024-02-29,315,0,0,0,0,0,479,False,True,False,Financials,True,https://raw.githubusercontent.com/datasets/s-and-p-500-companies/master/data/constituents.csv,b223d596dfa1dabb2a496648554a42c30968b2cd7ed028d54e332e1cc9886710,XNYS,False,False,0,19,False,0,0,0,False,0,,UNVERIFIED; preserve source share class,listing;ohlcv;adjustment;corporate_actions;calendar_timezone,"verify prior-public listing intervals and security representation; validate source clocks/calendars; reconcile split-only OHLC, total-return vintages, dividends/payment dates and merger/delisting ledger; recover seed/warm-up and missing sessions; disclose current-GICS approximation and assess sensitivity; USD identity FX only","[{""symbol"":""CME"",""file"":""backtests/staged/wf3_prices.json.gz"",""sha256"":""6ab928b5ab5a1226dfecbccd9b50e444766aba9c00f6ce4f372801cbaaab2793"",""observations"":964,""first"":""2022-11-28"",""last"":""2026-10-01""}]",False,False,False,False,True,False,True,True
isin:US1264081035,CSX Corp,US1264081035,126408103,,US,PARTIALLY_READY,PARTIALLY_READY,2023-10;2023-11;2023-12;2024-01;2024-02;2024-03;2024-04;2024-05;2024-06;2024-07;2024-08;2024-09;2024-10;2024-11;2024-12;2025-01;2025-02;2025-03;2025-04;2025-05;2025-06;2025-07;2025-08;2025-09;2025-10;2025-11;2025-12;2026-01;2026-02;2026-03;2026-04;2026-05;2026-06;2026-07;2026-08;2026-09,2023-10,2026-09,2b660030dbf1b6abe7c2e7990788c9c1b52e515c700e92047558042804e51fb1,CSX,True,1,True,,False,XNAS,USD,False,False,False,,,0,,CSX,2022-11-28,2026-10-01,964,1442,479,0,479,0,2023-09-29,211,0,0,42,0,0,479,False,True,False,Industrials,True,https://raw.githubusercontent.com/datasets/s-and-p-500-companies/master/data/constituents.csv,203a4022dea90c07d2ed126f5750103f4821d4c26da45053715bf4e32993e212,XNYS,False,False,0,16,False,0,0,0,False,0,,UNVERIFIED; preserve source share class,listing;ohlcv;adjustment;corporate_actions;calendar_timezone,"verify prior-public listing intervals and security representation; validate source clocks/calendars; reconcile split-only OHLC, total-return vintages, dividends/payment dates and merger/delisting ledger; recover seed/warm-up and missing sessions; disclose current-GICS approximation and assess sensitivity; USD identity FX only","[{""symbol"":""CSX"",""file"":""backtests/staged/wf3_prices.json.gz"",""sha256"":""6ab928b5ab5a1226dfecbccd9b50e444766aba9c00f6ce4f372801cbaaab2793"",""observations"":964,""first"":""2022-11-28"",""last"":""2026-10-01""}]",False,False,False,False,True,False,True,True
isin:US1266501006,CVS Health Corp,US1266501006,126650100,,US,PARTIALLY_READY,PARTIALLY_READY,2023-10;2023-11;2023-12;2024-01;2024-02;2024-03;2024-04;2024-05;2024-06;2024-07;2024-08;2024-09;2024-10;2024-11;2024-12;2025-01;2025-02;2025-03;2025-04;2025-05;2025-06;2025-07;2025-08;2025-09;2025-10;2025-11;2025-12;2026-01;2026-02;2026-03;2026-04;2026-05;2026-06;2026-07;2026-08;2026-09,2023-10,2026-09,2b660030dbf1b6abe7c2e7990788c9c1b52e515c700e92047558042804e51fb1,CVS,True,1,True,,False,XNYS,USD,False,False,False,,,0,,CVS,2022-11-28,2026-10-01,964,1442,479,0,479,0,2023-09-29,211,0,0,42,0,0,479,False,True,False,Health Care,True,https://raw.githubusercontent.com/datasets/s-and-p-500-companies/master/data/constituents.csv,a542fae64fed62af5decf7b1a2c87f803985a486c53f71ca196e82672a7de54c,XNYS,False,False,0,15,False,0,0,0,False,0,,UNVERIFIED; preserve source share class,listing;ohlcv;adjustment;corporate_actions;calendar_timezone,"verify prior-public listing intervals and security representation; validate source clocks/calendars; reconcile split-only OHLC, total-return vintages, dividends/payment dates and merger/delisting ledger; recover seed/warm-up and missing sessions; disclose current-GICS approximation and assess sensitivity; USD identity FX only","[{""symbol"":""CVS"",""file"":""backtests/staged/wf3_prices.json.gz"",""sha256"":""6ab928b5ab5a1226dfecbccd9b50e444766aba9c00f6ce4f372801cbaaab2793"",""observations"":964,""first"":""2022-11-28"",""last"":""2026-10-01""}]",False,False,False,False,True,False,True,True
isin:US1273871087,Cadence Design Systems Inc,US1273871087,127387108,,US,PARTIALLY_READY,PARTIALLY_READY,2023-10;2023-11;2023-12;2024-01;2024-02;2024-03;2024-04;2024-05;2024-06;2024-07;2024-08;2024-09;2024-10;2024-11;2024-12;2025-01;2025-02;2025-03;2025-04;2025-05;2025-06;2025-07;2025-08;2025-09;2025-10;2025-11;2025-12;2026-01;2026-02;2026-03;2026-04;2026-05;2026-06;2026-07;2026-08;2026-09,2023-10,2026-09,2b660030dbf1b6abe7c2e7990788c9c1b52e515c700e92047558042804e51fb1,CDNS,True,1,True,,False,XNAS,USD,False,False,False,,,0,,CDNS,2022-11-28,2026-10-01,964,1442,479,0,479,0,2023-09-29,211,0,0,42,0,0,479,False,True,False,Information Technology,True,https://raw.githubusercontent.com/datasets/s-and-p-500-companies/master/data/constituents.csv,645387c78f42f5fbbab9144a732e067becaa745bc8b36f9eb1f253c8f17d17c1,XNYS,False,False,0,0,False,0,0,0,False,0,,UNVERIFIED; preserve source share class,listing;ohlcv;adjustment;corporate_actions;calendar_timezone,"verify prior-public listing intervals and security representation; validate source clocks/calendars; reconcile split-only OHLC, total-return vintages, dividends/payment dates and merger/delisting ledger; recover seed/warm-up and missing sessions; disclose current-GICS approximation and assess sensitivity; USD identity FX only","[{""symbol"":""CDNS"",""file"":""backtests/staged/wf3_prices.json.gz"",""sha256"":""6ab928b5ab5a1226dfecbccd9b50e444766aba9c00f6ce4f372801cbaaab2793"",""observations"":964,""first"":""2022-11-28"",""last"":""2026-10-01""}]",False,False,False,False,True,False,True,True
isin:US12769G1004,Caesars Entertainment Inc,US12769G1004,12769G100,,US,PARTIALLY_READY,PARTIALLY_READY,2023-10;2023-11;2023-12;2024-01;2024-02;2024-03;2024-04;2024-05;2024-06;2024-07;2024-08;2024-09;2024-10;2024-11;2024-12;2025-01;2025-02;2025-03;2025-04;2025-05;2025-06;2025-07;2025-08;2025-09;2025-10;2025-11;2025-12;2026-01;2026-02;2026-03;2026-04;2026-05;2026-06;2026-07;2026-08;2026-09,2023-10,2026-09,2b660030dbf1b6abe7c2e7990788c9c1b52e515c700e92047558042804e51fb1,CZR,True,1,True,,False,XNAS,USD,False,False,False,,,0,,CZR,2022-11-28,2026-10-01,964,1442,479,0,479,0,2023-09-29,211,0,0,42,0,0,479,False,False,False,UNRESOLVED,False,,,XNYS,False,False,0,0,False,0,0,0,False,0,,UNVERIFIED; preserve source share class,listing;ohlcv;adjustment;corporate_actions;gics;calendar_timezone,"verify prior-public listing intervals and security representation; validate source clocks/calendars; reconcile split-only OHLC, total-return vintages, dividends/payment dates and merger/delisting ledger; recover seed/warm-up and missing sessions; source exact-ID current GICS and corrections; USD identity FX only","[{""symbol"":""CZR"",""file"":""backtests/staged/wf3_prices.json.gz"",""sha256"":""6ab928b5ab5a1226dfecbccd9b50e444766aba9c00f6ce4f372801cbaaab2793"",""observations"":964,""first"":""2022-11-28"",""last"":""2026-10-01""}]",False,False,False,False,False,False,True,True
isin:US14040H1059,Capital One Financial Corp,US14040H1059,14040H105,,US,PARTIALLY_READY,PARTIALLY_READY,2023-10;2023-11;2023-12;2024-01;2024-02;2024-03;2024-04;2024-05;2024-06;2024-07;2024-08;2024-09;2024-10;2024-11;2024-12;2025-01;2025-02;2025-03;2025-04;2025-05;2025-06;2025-07;2025-08;2025-09;2025-10;2025-11;2025-12;2026-01;2026-02;2026-03;2026-04;2026-05;2026-06;2026-07;2026-08;2026-09,2023-10,2026-09,2b660030dbf1b6abe7c2e7990788c9c1b52e515c700e92047558042804e51fb1,COF,True,1,True,,False,XNYS,USD,False,False,False,,,0,,COF,2022-11-28,2026-10-01,964,1442,479,0,479,0,2023-09-29,211,0,0,42,0,0,479,False,True,False,Financials,True,https://raw.githubusercontent.com/datasets/s-and-p-500-companies/master/data/constituents.csv,ad74006fbaf2afde85d736a03ecdd1fe4e1ca40ac556006f1c20110c85e411bb,XNYS,False,False,0,15,False,0,0,0,False,0,,UNVERIFIED; preserve source share class,listing;ohlcv;adjustment;corporate_actions;calendar_timezone,"verify prior-public listing intervals and security representation; validate source clocks/calendars; reconcile split-only OHLC, total-return vintages, dividends/payment dates and merger/delisting ledger; recover seed/warm-up and missing sessions; disclose current-GICS approximation and assess sensitivity; USD identity FX only","[{""symbol"":""COF"",""file"":""backtests/staged/wf3_prices.json.gz"",""sha256"":""6ab928b5ab5a1226dfecbccd9b50e444766aba9c00f6ce4f372801cbaaab2793"",""observations"":964,""first"":""2022-11-28"",""last"":""2026-10-01""}]",False,False,False,False,True,False,True,True
isin:US14448C1045,Carrier Global Corp,US14448C1045,14448C104,,US,PARTIALLY_READY,PARTIALLY_READY,2023-10;2023-11;2023-12;2024-01;2024-02;2024-03;2024-04;2024-05;2024-06;2024-07;2024-08;2024-09;2024-10;2024-11;2024-12;2025-01;2025-02;2025-03;2025-04;2025-05;2025-06;2025-07;2025-08;2025-09;2025-10;2025-11;2025-12;2026-01;2026-02;2026-03;2026-04;2026-05;2026-06;2026-07;2026-08;2026-09,2023-10,2026-09,2b660030dbf1b6abe7c2e7990788c9c1b52e515c700e92047558042804e51fb1,CARR,True,1,True,,False,XNYS,USD,False,False,False,,,0,,CARR,2022-11-28,2026-10-01,964,1442,479,0,479,0,2023-09-29,211,0,0,42,0,0,479,False,True,False,Industrials,True,https://raw.githubusercontent.com/datasets/s-and-p-500-companies/master/data/constituents.csv,58c037c08597723b8287cf278e25045d3d27a00d8a1b747423db4edca80ec5ea,XNYS,False,False,0,15,False,0,0,0,False,0,,UNVERIFIED; preserve source share class,listing;ohlcv;adjustment;corporate_actions;calendar_timezone,"verify prior-public listing intervals and security representation; validate source clocks/calendars; reconcile split-only OHLC, total-return vintages, dividends/payment dates and merger/delisting ledger; recover seed/warm-up and missing sessions; disclose current-GICS approximation and assess sensitivity; USD identity FX only","[{""symbol"":""CARR"",""file"":""backtests/staged/wf3_prices.json.gz"",""sha256"":""6ab928b5ab5a1226dfecbccd9b50e444766aba9c00f6ce4f372801cbaaab2793"",""observations"":964,""first"":""2022-11-28"",""last"":""2026-10-01""}]",False,False,False,False,True,False,True,True
isin:US1468691027,Carvana Co,US1468691027,146869102,,US,PARTIALLY_READY,PARTIALLY_READY,2023-10;2023-11;2023-12;2024-01;2024-02;2024-03;2024-04;2024-05;2024-06;2024-07;2024-08;2024-09;2024-10;2024-11;2024-12;2025-01;2025-02;2025-03;2025-04;2025-05;2025-06;2025-07;2025-08;2025-09;2025-10;2025-11;2025-12;2026-01;2026-02;2026-03;2026-04;2026-05;2026-06;2026-07;2026-08;2026-09,2023-10,2026-09,2b660030dbf1b6abe7c2e7990788c9c1b52e515c700e92047558042804e51fb1,CVNA,True,1,True,,False,XNYS,USD,False,False,False,,,0,,CVNA,2022-11-28,2026-10-01,964,1442,479,0,479,0,2023-09-29,211,0,0,42,0,0,479,False,True,False,Consumer Discretionary,True,https://raw.githubusercontent.com/datasets/s-and-p-500-companies/master/data/constituents.csv,e8f6b74d5a150bd8f0b27530fd604a8f1faa13e9549019588addf6c8ba3713f4,XNYS,False,False,1,0,False,0,0,0,False,0,,UNVERIFIED; preserve source share class,listing;ohlcv;adjustment;corporate_actions;calendar_timezone,"verify prior-public listing intervals and security representation; validate source clocks/calendars; reconcile split-only OHLC, total-return vintages, dividends/payment dates and merger/delisting ledger; recover seed/warm-up and missing sessions; disclose current-GICS approximation and assess sensitivity; USD identity FX only","[{""symbol"":""CVNA"",""file"":""backtests/staged/wf3_prices.json.gz"",""sha256"":""6ab928b5ab5a1226dfecbccd9b50e444766aba9c00f6ce4f372801cbaaab2793"",""observations"":964,""first"":""2022-11-28"",""last"":""2026-10-01""}]",False,False,False,False,True,False,True,True
isin:US1491231015,Caterpillar Inc,US1491231015,149123101,,US,PARTIALLY_READY,PARTIALLY_READY,2023-10;2023-11;2023-12;2024-01;2024-02;2024-03;2024-04;2024-05;2024-06;2024-07;2024-08;2024-09;2024-10;2024-11;2024-12;2025-01;2025-02;2025-03;2025-04;2025-05;2025-06;2025-07;2025-08;2025-09;2025-10;2025-11;2025-12;2026-01;2026-02;2026-03;2026-04;2026-05;2026-06;2026-07;2026-08;2026-09,2023-10,2026-09,2b660030dbf1b6abe7c2e7990788c9c1b52e515c700e92047558042804e51fb1,CAT,True,1,True,,False,XNYS,USD,False,False,False,,,0,,CAT,2022-11-28,2026-10-01,964,1442,479,0,479,0,2023-09-29,211,0,0,42,0,0,479,False,True,False,Industrials,True,https://raw.githubusercontent.com/datasets/s-and-p-500-companies/master/data/constituents.csv,e616a5e7285aef0903a66d481650e7ca396626083372df73cdfd19eca6ff4d5c,XNYS,False,False,0,15,False,0,0,0,False,0,,UNVERIFIED; preserve source share class,listing;ohlcv;adjustment;corporate_actions;calendar_timezone,"verify prior-public listing intervals and security representation; validate source clocks/calendars; reconcile split-only OHLC, total-return vintages, dividends/payment dates and merger/delisting ledger; recover seed/warm-up and missing sessions; disclose current-GICS approximation and assess sensitivity; USD identity FX only","[{""symbol"":""CAT"",""file"":""backtests/staged/wf3_prices.json.gz"",""sha256"":""6ab928b5ab5a1226dfecbccd9b50e444766aba9c00f6ce4f372801cbaaab2793"",""observations"":964,""first"":""2022-11-28"",""last"":""2026-10-01""}]",False,False,False,False,True,False,True,True
isin:US15135B1017,Centene Corp,US15135B1017,15135B101,,US,PARTIALLY_READY,PARTIALLY_READY,2023-10;2023-11;2023-12;2024-01;2024-02;2024-03;2024-04;2024-05;2024-06;2024-07;2024-08;2024-09;2024-10;2024-11;2024-12;2025-01;2025-02;2025-03;2025-04;2025-05;2025-06;2025-07;2025-08;2025-09;2025-10;2025-11;2025-12;2026-01;2026-02;2026-03;2026-04;2026-05;2026-06;2026-07;2026-08;2026-09,2023-10,2026-09,2b660030dbf1b6abe7c2e7990788c9c1b52e515c700e92047558042804e51fb1,CNC,True,2,True,,False,UNRESOLVED:PINK;XNYS,USD,False,False,False,,,0,,CNC,2022-11-28,2026-10-01,964,1442,479,0,479,0,2023-09-29,211,0,0,42,0,0,479,False,True,False,Health Care,True,https://raw.githubusercontent.com/datasets/s-and-p-500-companies/master/data/constituents.csv,005b98814f2eeb8cca939df0881a52cf36911c22a1bd000ef22a6780b1fb637f,XNYS,False,False,0,0,False,0,0,0,False,0,,UNVERIFIED; preserve source share class,listing;ohlcv;adjustment;corporate_actions;calendar_timezone,"verify prior-public listing intervals and security representation; validate source clocks/calendars; reconcile split-only OHLC, total-return vintages, dividends/payment dates and merger/delisting ledger; recover seed/warm-up and missing sessions; disclose current-GICS approximation and assess sensitivity; USD identity FX only","[{""symbol"":""CNC"",""file"":""backtests/staged/wf3_prices.json.gz"",""sha256"":""6ab928b5ab5a1226dfecbccd9b50e444766aba9c00f6ce4f372801cbaaab2793"",""observations"":964,""first"":""2022-11-28"",""last"":""2026-10-01""}]",False,False,False,False,True,False,True,True
isin:US16119P1084,Charter Communications Inc,US16119P1084,16119P108,,US,PARTIALLY_READY,PARTIALLY_READY,2023-10;2023-11;2023-12;2024-01;2024-02;2024-03;2024-04;2024-05;2024-06;2024-07;2024-08;2024-09;2024-10;2024-11;2024-12;2025-01;2025-02;2025-03;2025-04;2025-05;2025-06;2025-07;2025-08;2025-09;2025-10;2025-11;2025-12;2026-01;2026-02;2026-03;2026-04;2026-05;2026-06;2026-07;2026-08;2026-09,2023-10,2026-09,2b660030dbf1b6abe7c2e7990788c9c1b52e515c700e92047558042804e51fb1,CHTR,True,1,True,,False,XNAS,USD,False,False,False,,,0,,CHTR,2022-11-28,2026-10-01,964,1442,479,0,479,0,2023-09-29,211,0,0,42,0,0,479,False,True,False,Communication Services,True,https://raw.githubusercontent.com/datasets/s-and-p-500-companies/master/data/constituents.csv,ce9a0e68937d11e8806fb1bea4df0a0c38467b27b79b9da46d4ef8a3b0803823,XNYS,False,False,0,0,False,0,0,0,False,0,,UNVERIFIED; preserve source share class,listing;ohlcv;adjustment;corporate_actions;calendar_timezone,"verify prior-public listing intervals and security representation; validate source clocks/calendars; reconcile split-only OHLC, total-return vintages, dividends/payment dates and merger/delisting ledger; recover seed/warm-up and missing sessions; disclose current-GICS approximation and assess sensitivity; USD identity FX only","[{""symbol"":""CHTR"",""file"":""backtests/staged/wf3_prices.json.gz"",""sha256"":""6ab928b5ab5a1226dfecbccd9b50e444766aba9c00f6ce4f372801cbaaab2793"",""observations"":964,""first"":""2022-11-28"",""last"":""2026-10-01""}]",False,False,False,False,True,False,True,True
isin:US1667641005,Chevron Corp,US1667641005,166764100,,US,PARTIALLY_READY,PARTIALLY_READY,2023-10;2023-11;2023-12;2024-01;2024-02;2024-03;2024-04;2024-05;2024-06;2024-07;2024-08;2024-09;2024-10;2024-11;2024-12;2025-01;2025-02;2025-03;2025-04;2025-05;2025-06;2025-07;2025-08;2025-09;2025-10;2025-11;2025-12;2026-01;2026-02;2026-03;2026-04;2026-05;2026-06;2026-07;2026-08;2026-09,2023-10,2026-09,2b660030dbf1b6abe7c2e7990788c9c1b52e515c700e92047558042804e51fb1,CVX,True,1,True,,False,XNYS,USD,False,False,False,,,0,,CVX,2022-11-28,2026-10-01,964,1442,479,0,479,0,2023-09-29,211,0,0,42,0,0,479,False,True,False,Energy,True,https://raw.githubusercontent.com/datasets/s-and-p-500-companies/master/data/constituents.csv,26436c4960dc235be8e359eeb4782ac1a4964cb38777668e491b38a1fe54bc6e,XNYS,False,False,0,15,False,0,0,0,False,0,,UNVERIFIED; preserve source share class,listing;ohlcv;adjustment;corporate_actions;calendar_timezone,"verify prior-public listing intervals and security representation; validate source clocks/calendars; reconcile split-only OHLC, total-return vintages, dividends/payment dates and merger/delisting ledger; recover seed/warm-up and missing sessions; disclose current-GICS approximation and assess sensitivity; USD identity FX only","[{""symbol"":""CVX"",""file"":""backtests/staged/wf3_prices.json.gz"",""sha256"":""6ab928b5ab5a1226dfecbccd9b50e444766aba9c00f6ce4f372801cbaaab2793"",""observations"":964,""first"":""2022-11-28"",""last"":""2026-10-01""}]",False,False,False,False,True,False,True,True
isin:US1696561059,Chipotle Mexican Grill Inc,US1696561059,169656105,,US,PARTIALLY_READY,PARTIALLY_READY,2024-05;2024-06;2024-07;2024-08;2024-09;2024-10;2024-11;2024-12;2025-01;2025-02;2025-03;2025-04;2025-05;2025-06;2025-07;2025-08;2025-09;2025-10;2025-11;2025-12;2026-01;2026-02;2026-03;2026-04;2026-05;2026-06;2026-07;2026-08;2026-09,2024-05,2026-09,2b660030dbf1b6abe7c2e7990788c9c1b52e515c700e92047558042804e51fb1,CMG,True,1,True,,False,XNYS,USD,False,False,False,,,0,,CMG,2022-11-28,2026-10-01,964,1442,479,0,479,0,2024-05-31,379,0,0,0,0,0,479,False,True,False,Consumer Discretionary,True,https://raw.githubusercontent.com/datasets/s-and-p-500-companies/master/data/constituents.csv,34d17e1bfb0bdb819a34b768ea10fcd72a8227a683e74cd5dde822f9b61cbbc4,XNYS,False,False,1,0,False,0,0,0,False,0,,UNVERIFIED; preserve source share class,listing;ohlcv;adjustment;corporate_actions;calendar_timezone,"verify prior-public listing intervals and security representation; validate source clocks/calendars; reconcile split-only OHLC, total-return vintages, dividends/payment dates and merger/delisting ledger; recover seed/warm-up and missing sessions; disclose current-GICS approximation and assess sensitivity; USD identity FX only","[{""symbol"":""CMG"",""file"":""backtests/staged/wf3_prices.json.gz"",""sha256"":""6ab928b5ab5a1226dfecbccd9b50e444766aba9c00f6ce4f372801cbaaab2793"",""observations"":964,""first"":""2022-11-28"",""last"":""2026-10-01""}]",False,False,False,False,True,False,True,True
isin:US1713401024,Church & Dwight Co Inc,US1713401024,171340102,,US,PARTIALLY_READY,PARTIALLY_READY,2023-10;2023-11;2023-12;2024-01;2024-02;2024-03;2024-04;2024-05;2024-06;2024-07;2024-08;2024-09;2024-10;2024-11;2024-12;2025-01;2025-02;2025-03;2025-04;2025-05;2025-06;2025-07;2025-08;2025-09;2025-10;2025-11;2025-12;2026-01;2026-02;2026-03;2026-04;2026-05;2026-06;2026-07;2026-08;2026-09,2023-10,2026-09,2b660030dbf1b6abe7c2e7990788c9c1b52e515c700e92047558042804e51fb1,CHD,True,1,True,,False,XNYS,USD,False,False,False,,,0,,CHD,2022-11-28,2026-10-01,964,1442,479,0,479,0,2023-09-29,211,0,0,42,0,0,479,False,True,False,Consumer Staples,True,https://raw.githubusercontent.com/datasets/s-and-p-500-companies/master/data/constituents.csv,88135d3698fe2ee6bc688b830a6fd5684c5873b16fd84580bde3dd5b4b15d3cb,XNYS,False,False,0,15,False,0,0,0,False,0,,UNVERIFIED; preserve source share class,listing;ohlcv;adjustment;corporate_actions;calendar_timezone,"verify prior-public listing intervals and security representation; validate source clocks/calendars; reconcile split-only OHLC, total-return vintages, dividends/payment dates and merger/delisting ledger; recover seed/warm-up and missing sessions; disclose current-GICS approximation and assess sensitivity; USD identity FX only","[{""symbol"":""CHD"",""file"":""backtests/staged/wf3_prices.json.gz"",""sha256"":""6ab928b5ab5a1226dfecbccd9b50e444766aba9c00f6ce4f372801cbaaab2793"",""observations"":964,""first"":""2022-11-28"",""last"":""2026-10-01""}]",False,False,False,False,True,False,True,True
isin:US17275R1023,Cisco Systems Inc,US17275R1023,17275R102,,US,PARTIALLY_READY,PARTIALLY_READY,2023-10;2023-11;2023-12;2024-01;2024-02;2024-03;2024-04;2024-05;2024-06;2024-07;2024-08;2024-09;2024-10;2024-11;2024-12;2025-01;2025-02;2025-03;2025-04;2025-05;2025-06;2025-07;2025-08;2025-09;2025-10;2025-11;2025-12;2026-01;2026-02;2026-03;2026-04;2026-05;2026-06;2026-07;2026-08;2026-09,2023-10,2026-09,2b660030dbf1b6abe7c2e7990788c9c1b52e515c700e92047558042804e51fb1,CSCO,True,1,True,,False,XNAS,USD,False,False,False,,,0,,CSCO,2022-11-28,2026-10-01,964,1442,479,0,479,0,2023-09-29,211,0,0,42,0,0,479,False,True,False,Information Technology,True,https://raw.githubusercontent.com/datasets/s-and-p-500-companies/master/data/constituents.csv,eeaae0952c939d7667d46f0b485a391a1c0865158e7965d62eda74a3a6468d23,XNYS,False,False,0,15,False,0,0,0,False,0,,UNVERIFIED; preserve source share class,listing;ohlcv;adjustment;corporate_actions;calendar_timezone,"verify prior-public listing intervals and security representation; validate source clocks/calendars; reconcile split-only OHLC, total-return vintages, dividends/payment dates and merger/delisting ledger; recover seed/warm-up and missing sessions; disclose current-GICS approximation and assess sensitivity; USD identity FX only","[{""symbol"":""CSCO"",""file"":""backtests/staged/wf3_prices.json.gz"",""sha256"":""6ab928b5ab5a1226dfecbccd9b50e444766aba9c00f6ce4f372801cbaaab2793"",""observations"":964,""first"":""2022-11-28"",""last"":""2026-10-01""}]",False,False,False,False,True,False,True,True
isin:US1729081059,Cintas Corp,US1729081059,172908105,,US,PARTIALLY_READY,PARTIALLY_READY,2025-05;2025-06;2025-07;2025-08;2025-09;2025-10;2025-11;2025-12;2026-01;2026-02;2026-03;2026-04;2026-05;2026-06;2026-07;2026-08;2026-09,2025-05,2026-09,2b660030dbf1b6abe7c2e7990788c9c1b52e515c700e92047558042804e51fb1,CTAS,True,1,True,,False,XNAS,USD,False,False,False,,,0,,CTAS,2022-11-28,2026-10-01,964,1442,479,0,479,0,2025-05-30,628,0,0,0,0,0,479,False,True,False,Industrials,True,https://raw.githubusercontent.com/datasets/s-and-p-500-companies/master/data/constituents.csv,4c98a8507bb8beab70c3865cd99dd416b7ce0475b13e4b58920f261737f540b8,XNYS,False,False,1,15,False,0,0,0,False,0,,UNVERIFIED; preserve source share class,listing;ohlcv;adjustment;corporate_actions;calendar_timezone,"verify prior-public listing intervals and security representation; validate source clocks/calendars; reconcile split-only OHLC, total-return vintages, dividends/payment dates and merger/delisting ledger; recover seed/warm-up and missing sessions; disclose current-GICS approximation and assess sensitivity; USD identity FX only","[{""symbol"":""CTAS"",""file"":""backtests/staged/wf3_prices.json.gz"",""sha256"":""6ab928b5ab5a1226dfecbccd9b50e444766aba9c00f6ce4f372801cbaaab2793"",""observations"":964,""first"":""2022-11-28"",""last"":""2026-10-01""}]",False,False,False,False,True,False,True,True
isin:US1729674242,Citigroup Inc,US1729674242,172967424,,US,PARTIALLY_READY,PARTIALLY_READY,2023-10;2023-11;2023-12;2024-01;2024-02;2024-03;2024-04;2024-05;2024-06;2024-07;2024-08;2024-09;2024-10;2024-11;2024-12;2025-01;2025-02;2025-03;2025-04;2025-05;2025-06;2025-07;2025-08;2025-09;2025-10;2025-11;2025-12;2026-01;2026-02;2026-03;2026-04;2026-05;2026-06;2026-07;2026-08;2026-09,2023-10,2026-09,2b660030dbf1b6abe7c2e7990788c9c1b52e515c700e92047558042804e51fb1,C,True,1,True,,False,XNYS,USD,False,False,False,,,0,,C,2022-11-28,2026-10-01,964,1442,479,0,479,0,2023-09-29,211,0,0,42,0,0,479,False,True,False,Financials,True,https://raw.githubusercontent.com/datasets/s-and-p-500-companies/master/data/constituents.csv,1b85160be14fcdf897a91cfcee91a6f97be64323564a2991fff878fce6bc80df,XNYS,False,False,0,15,False,0,0,0,False,0,,UNVERIFIED; preserve source share class,listing;ohlcv;adjustment;corporate_actions;calendar_timezone,"verify prior-public listing intervals and security representation; validate source clocks/calendars; reconcile split-only OHLC, total-return vintages, dividends/payment dates and merger/delisting ledger; recover seed/warm-up and missing sessions; disclose current-GICS approximation and assess sensitivity; USD identity FX only","[{""symbol"":""C"",""file"":""backtests/staged/wf3_prices.json.gz"",""sha256"":""6ab928b5ab5a1226dfecbccd9b50e444766aba9c00f6ce4f372801cbaaab2793"",""observations"":964,""first"":""2022-11-28"",""last"":""2026-10-01""}]",False,False,False,False,True,False,True,True
isin:US1746101054,Citizens Financial Group Inc,US1746101054,174610105,,US,PARTIALLY_READY,PARTIALLY_READY,2023-10;2023-11;2023-12;2024-01;2024-02;2024-03;2024-04;2024-05;2024-06;2024-07;2024-08;2024-09;2024-10;2024-11;2024-12;2025-01;2025-02;2025-03;2025-04;2025-05;2025-06;2025-07;2025-08;2025-09;2025-10;2025-11;2025-12;2026-01;2026-02;2026-03;2026-04;2026-05;2026-06;2026-07;2026-08;2026-09,2023-10,2026-09,2b660030dbf1b6abe7c2e7990788c9c1b52e515c700e92047558042804e51fb1,CFG,True,1,True,,False,XNYS,USD,False,False,False,,,0,,CFG,2022-11-28,2026-10-01,964,1442,479,0,479,0,2023-09-29,211,0,0,42,0,0,479,False,True,False,Financials,True,https://raw.githubusercontent.com/datasets/s-and-p-500-companies/master/data/constituents.csv,186d72b76db9f76ce8b8cbb75180a0668116881abfa571d392382a4b356f8f45,XNYS,False,False,0,15,False,0,0,0,False,0,,UNVERIFIED; preserve source share class,listing;ohlcv;adjustment;corporate_actions;calendar_timezone,"verify prior-public listing intervals and security representation; validate source clocks/calendars; reconcile split-only OHLC, total-return vintages, dividends/payment dates and merger/delisting ledger; recover seed/warm-up and missing sessions; disclose current-GICS approximation and assess sensitivity; USD identity FX only","[{""symbol"":""CFG"",""file"":""backtests/staged/wf3_prices.json.gz"",""sha256"":""6ab928b5ab5a1226dfecbccd9b50e444766aba9c00f6ce4f372801cbaaab2793"",""observations"":964,""first"":""2022-11-28"",""last"":""2026-10-01""}]",False,False,False,False,True,False,True,True
isin:US1890541097,Clorox Co/The,US1890541097,189054109,,US,PARTIALLY_READY,PARTIALLY_READY,2023-10;2023-11;2023-12;2024-01;2024-02;2024-03;2024-04;2024-05;2024-06;2024-07;2024-08;2024-09;2024-10;2024-11;2024-12;2025-01;2025-02;2025-03;2025-04;2025-05;2025-06;2025-07;2025-08;2025-09;2025-10;2025-11;2025-12;2026-01;2026-02;2026-03;2026-04;2026-05;2026-06;2026-07;2026-08;2026-09,2023-10,2026-09,2b660030dbf1b6abe7c2e7990788c9c1b52e515c700e92047558042804e51fb1,CLX,True,1,True,,False,XNYS,USD,False,False,False,,,0,,CLX,2022-11-28,2026-10-01,964,1442,479,0,479,0,2023-09-29,211,0,0,42,0,0,479,False,True,False,Consumer Staples,True,https://raw.githubusercontent.com/datasets/s-and-p-500-companies/master/data/constituents.csv,4b24fb361cdfd7efb0182d4c189a3b25fd52fc0d5a57c4cde3fbe50c3b752e93,XNYS,False,False,0,15,False,0,0,0,False,0,,UNVERIFIED; preserve source share class,listing;ohlcv;adjustment;corporate_actions;calendar_timezone,"verify prior-public listing intervals and security representation; validate source clocks/calendars; reconcile split-only OHLC, total-return vintages, dividends/payment dates and merger/delisting ledger; recover seed/warm-up and missing sessions; disclose current-GICS approximation and assess sensitivity; USD identity FX only","[{""symbol"":""CLX"",""file"":""backtests/staged/wf3_prices.json.gz"",""sha256"":""6ab928b5ab5a1226dfecbccd9b50e444766aba9c00f6ce4f372801cbaaab2793"",""observations"":964,""first"":""2022-11-28"",""last"":""2026-10-01""}]",False,False,False,False,True,False,True,True
isin:US1912161007,Coca-Cola Co/The,US1912161007,191216100,,US,PARTIALLY_READY,PARTIALLY_READY,2023-10;2023-11;2023-12;2024-01;2024-02;2024-03;2024-04;2024-05;2024-06;2024-07;2024-08;2024-09;2024-10;2024-11;2024-12;2025-01;2025-02;2025-03;2025-04;2025-05;2025-06;2025-07;2025-08;2025-09;2025-10;2025-11;2025-12;2026-01;2026-02;2026-03;2026-04;2026-05;2026-06;2026-07;2026-08;2026-09,2023-10,2026-09,2b660030dbf1b6abe7c2e7990788c9c1b52e515c700e92047558042804e51fb1,KO,True,1,True,,False,XNYS,USD,False,False,False,,,0,,KO,2022-11-28,2026-10-01,964,1442,479,0,479,0,2023-09-29,211,0,0,42,0,0,479,False,True,False,Consumer Staples,True,https://raw.githubusercontent.com/datasets/s-and-p-500-companies/master/data/constituents.csv,10ed9e6df21872ecbf5b1f08d61b36ad4f4867b244a8ff50775b62d0fa92e4b2,XNYS,False,False,0,16,False,0,0,0,False,0,,UNVERIFIED; preserve source share class,listing;ohlcv;adjustment;corporate_actions;calendar_timezone,"verify prior-public listing intervals and security representation; validate source clocks/calendars; reconcile split-only OHLC, total-return vintages, dividends/payment dates and merger/delisting ledger; recover seed/warm-up and missing sessions; disclose current-GICS approximation and assess sensitivity; USD identity FX only","[{""symbol"":""KO"",""file"":""backtests/staged/wf3_prices.json.gz"",""sha256"":""6ab928b5ab5a1226dfecbccd9b50e444766aba9c00f6ce4f372801cbaaab2793"",""observations"":964,""first"":""2022-11-28"",""last"":""2026-10-01""}]",False,False,False,False,True,False,True,True
isin:US1924461023,Cognizant Technology Solutions Corp,US1924461023,192446102,,US,PARTIALLY_READY,PARTIALLY_READY,2023-10;2023-11;2023-12;2024-01;2024-02;2024-03;2024-04;2024-05;2024-06;2024-07;2024-08;2024-09;2024-10;2024-11;2024-12;2025-01;2025-02;2025-03;2025-04;2025-05;2025-06;2025-07;2025-08;2025-09;2025-10;2025-11;2025-12;2026-01;2026-02;2026-03;2026-04;2026-05;2026-06;2026-07;2026-08;2026-09,2023-10,2026-09,2b660030dbf1b6abe7c2e7990788c9c1b52e515c700e92047558042804e51fb1,CTSH,True,1,True,,False,XNAS,USD,False,False,False,,,0,,CTSH,2022-11-28,2026-10-01,964,1442,479,0,479,0,2023-09-29,211,0,0,42,0,0,479,False,True,False,Information Technology,True,https://raw.githubusercontent.com/datasets/s-and-p-500-companies/master/data/constituents.csv,9513597fc8cd6a4783a5fab059f5dbab0f93aefc9a368e139770a98aded4ea80,XNYS,False,False,0,15,False,0,0,0,False,0,,UNVERIFIED; preserve source share class,listing;ohlcv;adjustment;corporate_actions;calendar_timezone,"verify prior-public listing intervals and security representation; validate source clocks/calendars; reconcile split-only OHLC, total-return vintages, dividends/payment dates and merger/delisting ledger; recover seed/warm-up and missing sessions; disclose current-GICS approximation and assess sensitivity; USD identity FX only","[{""symbol"":""CTSH"",""file"":""backtests/staged/wf3_prices.json.gz"",""sha256"":""6ab928b5ab5a1226dfecbccd9b50e444766aba9c00f6ce4f372801cbaaab2793"",""observations"":964,""first"":""2022-11-28"",""last"":""2026-10-01""}]",False,False,False,False,True,False,True,True
isin:US19247G1076,Coherent Corp,US19247G1076,19247G107,,US,PARTIALLY_READY,PARTIALLY_READY,2023-11;2023-12;2024-01;2024-02;2024-03;2024-04;2024-05;2024-06;2024-07;2024-08;2024-09;2024-10;2024-11;2024-12;2025-01;2025-02;2025-03;2025-04;2025-05;2025-06;2025-07;2025-08;2025-09;2025-10;2025-11;2025-12;2026-01;2026-02;2026-03;2026-04;2026-05;2026-06;2026-07;2026-08;2026-09,2023-11,2026-09,2b660030dbf1b6abe7c2e7990788c9c1b52e515c700e92047558042804e51fb1,COHR,True,1,True,,False,XNYS,USD,False,False,False,,,0,,COHR,2022-11-28,2026-10-01,964,1442,479,0,479,0,2023-11-30,254,0,0,0,0,0,479,False,True,False,Information Technology,True,https://raw.githubusercontent.com/datasets/s-and-p-500-companies/master/data/constituents.csv,0c05f77e595021cfa97b04fd1aaf00a42f5783b2b4dca0629e0c2b25fe09ca4e,XNYS,False,False,0,0,False,0,0,0,False,0,,UNVERIFIED; preserve source share class,listing;ohlcv;adjustment;corporate_actions;calendar_timezone,"verify prior-public listing intervals and security representation; validate source clocks/calendars; reconcile split-only OHLC, total-return vintages, dividends/payment dates and merger/delisting ledger; recover seed/warm-up and missing sessions; disclose current-GICS approximation and assess sensitivity; USD identity FX only","[{""symbol"":""COHR"",""file"":""backtests/staged/wf3_prices.json.gz"",""sha256"":""6ab928b5ab5a1226dfecbccd9b50e444766aba9c00f6ce4f372801cbaaab2793"",""observations"":964,""first"":""2022-11-28"",""last"":""2026-10-01""}]",False,False,False,False,True,False,True,True
isin:US19260Q1076,Coinbase Global Inc,US19260Q1076,19260Q107,,US,PARTIALLY_READY,PARTIALLY_READY,2023-10;2023-11;2023-12;2024-01;2024-02;2024-03;2024-04;2024-05;2024-06;2024-07;2024-08;2024-09;2024-10;2024-11;2024-12;2025-01;2025-02;2025-03;2025-04;2025-05;2025-06;2025-07;2025-08;2025-09;2025-10;2025-11;2025-12;2026-01;2026-02;2026-03;2026-04;2026-05;2026-06;2026-07;2026-08;2026-09,2023-10,2026-09,2b660030dbf1b6abe7c2e7990788c9c1b52e515c700e92047558042804e51fb1,COIN,True,1,True,,False,XNAS,USD,False,False,False,,,0,,COIN,2022-11-28,2026-10-01,964,1442,479,0,479,0,2023-09-29,211,0,0,42,0,0,479,False,True,False,Financials,True,https://raw.githubusercontent.com/datasets/s-and-p-500-companies/master/data/constituents.csv,a09c575e38fb157d3e963e5af4dc439b9cd6b22e309321cd5db40cef89df1a37,XNYS,False,False,0,0,False,0,0,0,False,0,,UNVERIFIED; preserve source share class,listing;ohlcv;adjustment;corporate_actions;calendar_timezone,"verify prior-public listing intervals and security representation; validate source clocks/calendars; reconcile split-only OHLC, total-return vintages, dividends/payment dates and merger/delisting ledger; recover seed/warm-up and missing sessions; disclose current-GICS approximation and assess sensitivity; USD identity FX only","[{""symbol"":""COIN"",""file"":""backtests/staged/wf3_prices.json.gz"",""sha256"":""6ab928b5ab5a1226dfecbccd9b50e444766aba9c00f6ce4f372801cbaaab2793"",""observations"":964,""first"":""2022-11-28"",""last"":""2026-10-01""}]",False,False,False,False,True,False,True,True
isin:US1941621039,Colgate-Palmolive Co,US1941621039,194162103,,US,PARTIALLY_READY,PARTIALLY_READY,2023-10;2023-11;2023-12;2024-01;2024-02;2024-03;2024-04;2024-05;2024-06;2024-07;2024-08;2024-09;2024-10;2024-11;2024-12;2025-01;2025-02;2025-03;2025-04;2025-05;2025-06;2025-07;2025-08;2025-09;2025-10;2025-11;2025-12;2026-01;2026-02;2026-03;2026-04;2026-05;2026-06;2026-07;2026-08;2026-09,2023-10,2026-09,2b660030dbf1b6abe7c2e7990788c9c1b52e515c700e92047558042804e51fb1,CL,True,1,True,,False,XNYS,USD,False,False,False,,,0,,CL,2022-11-28,2026-10-01,964,1442,479,0,479,0,2023-09-29,211,0,0,42,0,0,479,False,True,False,Consumer Staples,True,https://raw.githubusercontent.com/datasets/s-and-p-500-companies/master/data/constituents.csv,3305d729e61764b9f43fa8b8a99c7a67afe2a466efb5a277e3e7d40b10b276fb,XNYS,False,False,0,15,False,0,0,0,False,0,,UNVERIFIED; preserve source share class,listing;ohlcv;adjustment;corporate_actions;calendar_timezone,"verify prior-public listing intervals and security representation; validate source clocks/calendars; reconcile split-only OHLC, total-return vintages, dividends/payment dates and merger/delisting ledger; recover seed/warm-up and missing sessions; disclose current-GICS approximation and assess sensitivity; USD identity FX only","[{""symbol"":""CL"",""file"":""backtests/staged/wf3_prices.json.gz"",""sha256"":""6ab928b5ab5a1226dfecbccd9b50e444766aba9c00f6ce4f372801cbaaab2793"",""observations"":964,""first"":""2022-11-28"",""last"":""2026-10-01""}]",False,False,False,False,True,False,True,True
isin:US1999081045,Comfort Systems USA Inc,US1999081045,199908104,,US,PARTIALLY_READY,PARTIALLY_READY,2025-11;2025-12;2026-01;2026-02;2026-03;2026-04;2026-05;2026-06;2026-07;2026-08;2026-09,2025-11,2026-09,2b660030dbf1b6abe7c2e7990788c9c1b52e515c700e92047558042804e51fb1,FIX,True,1,True,,False,XNYS,USD,False,False,False,,,0,,FIX,2022-11-28,2026-10-01,964,1442,479,0,479,0,2025-11-28,754,0,0,0,0,0,479,False,True,False,Industrials,True,https://raw.githubusercontent.com/datasets/s-and-p-500-companies/master/data/constituents.csv,76fdf3e3bdc39ac89f2939d56d05629c4a163a057a63745ad5ce20e11189e1ff,XNYS,False,False,0,15,False,0,0,0,False,0,,UNVERIFIED; preserve source share class,listing;ohlcv;adjustment;corporate_actions;calendar_timezone,"verify prior-public listing intervals and security representation; validate source clocks/calendars; reconcile split-only OHLC, total-return vintages, dividends/payment dates and merger/delisting ledger; recover seed/warm-up and missing sessions; disclose current-GICS approximation and assess sensitivity; USD identity FX only","[{""symbol"":""FIX"",""file"":""backtests/staged/wf3_prices.json.gz"",""sha256"":""6ab928b5ab5a1226dfecbccd9b50e444766aba9c00f6ce4f372801cbaaab2793"",""observations"":964,""first"":""2022-11-28"",""last"":""2026-10-01""}]",False,False,False,False,True,False,True,True
isin:US20030N1019,Comcast Corp,US20030N1019,20030N101,,US,PARTIALLY_READY,PARTIALLY_READY,2023-10;2023-11;2023-12;2024-01;2024-02;2024-03;2024-04;2024-05;2024-06;2024-07;2024-08;2024-09;2024-10;2024-11;2024-12;2025-01;2025-02;2025-03;2025-04;2025-05;2025-06;2025-07;2025-08;2025-09;2025-10;2025-11;2025-12;2026-01;2026-02;2026-03;2026-04;2026-05;2026-06;2026-07;2026-08;2026-09,2023-10,2026-09,2b660030dbf1b6abe7c2e7990788c9c1b52e515c700e92047558042804e51fb1,CMCSA,True,1,True,,False,XNAS,USD,False,False,False,,,0,,CMCSA,2022-11-28,2026-10-01,964,1442,479,0,479,0,2023-09-29,211,0,0,42,0,0,479,False,True,False,Communication Services,True,https://raw.githubusercontent.com/datasets/s-and-p-500-companies/master/data/constituents.csv,8623f91bfa2512d6284ad3b9d4d4246da6e8a9e27a17b3bf40e82163266d5d17,XNYS,False,False,1,15,False,0,0,0,False,0,,UNVERIFIED; preserve source share class,listing;ohlcv;adjustment;corporate_actions;calendar_timezone,"verify prior-public listing intervals and security representation; validate source clocks/calendars; reconcile split-only OHLC, total-return vintages, dividends/payment dates and merger/delisting ledger; recover seed/warm-up and missing sessions; disclose current-GICS approximation and assess sensitivity; USD identity FX only","[{""symbol"":""CMCSA"",""file"":""backtests/staged/wf3_prices.json.gz"",""sha256"":""6ab928b5ab5a1226dfecbccd9b50e444766aba9c00f6ce4f372801cbaaab2793"",""observations"":964,""first"":""2022-11-28"",""last"":""2026-10-01""}]",False,False,False,False,True,False,True,True
isin:US2058871029,Conagra Brands Inc,US2058871029,205887102,,US,PARTIALLY_READY,PARTIALLY_READY,2023-10;2023-11;2023-12;2024-01;2024-02;2024-03;2024-04;2024-05;2024-06;2024-07;2024-08;2024-09;2024-10;2024-11;2024-12;2025-01;2025-02;2025-03;2025-04;2025-05;2025-06;2025-07;2025-08;2025-09;2025-10;2025-11;2025-12;2026-01;2026-02;2026-03;2026-04;2026-05;2026-06;2026-07;2026-08;2026-09,2023-10,2026-09,2b660030dbf1b6abe7c2e7990788c9c1b52e515c700e92047558042804e51fb1,CAG,True,1,True,,False,XNYS,USD,False,False,False,,,0,,CAG,2022-11-28,2026-10-01,964,1442,479,0,479,0,2023-09-29,211,0,0,42,0,0,479,False,False,False,UNRESOLVED,False,,,XNYS,False,False,0,15,False,0,0,0,False,0,,UNVERIFIED; preserve source share class,listing;ohlcv;adjustment;corporate_actions;gics;calendar_timezone,"verify prior-public listing intervals and security representation; validate source clocks/calendars; reconcile split-only OHLC, total-return vintages, dividends/payment dates and merger/delisting ledger; recover seed/warm-up and missing sessions; source exact-ID current GICS and corrections; USD identity FX only","[{""symbol"":""CAG"",""file"":""backtests/staged/wf3_prices.json.gz"",""sha256"":""6ab928b5ab5a1226dfecbccd9b50e444766aba9c00f6ce4f372801cbaaab2793"",""observations"":964,""first"":""2022-11-28"",""last"":""2026-10-01""}]",False,False,False,False,False,False,True,True
isin:US20825C1045,ConocoPhillips,US20825C1045,20825C104,,US,PARTIALLY_READY,PARTIALLY_READY,2023-10;2023-11;2023-12;2024-01;2024-02;2024-03;2024-04;2024-05;2024-06;2024-07;2024-08;2024-09;2024-10;2024-11;2024-12;2025-01;2025-02;2025-03;2025-04;2025-05;2025-06;2025-07;2025-08;2025-09;2025-10;2025-11;2025-12;2026-01;2026-02;2026-03;2026-04;2026-05;2026-06;2026-07;2026-08;2026-09,2023-10,2026-09,2b660030dbf1b6abe7c2e7990788c9c1b52e515c700e92047558042804e51fb1,COP,True,1,True,,False,XNYS,USD,False,False,False,,,0,,COP,2022-11-28,2026-10-01,964,1442,479,0,479,0,2023-09-29,211,0,0,42,0,0,479,False,True,False,Energy,True,https://raw.githubusercontent.com/datasets/s-and-p-500-companies/master/data/constituents.csv,96b83503b20ec0a3beecbe662fcf1ce7a7dcb6d446a346cf72eb0c834bc70715,XNYS,False,False,0,19,False,0,0,0,False,0,,UNVERIFIED; preserve source share class,listing;ohlcv;adjustment;corporate_actions;calendar_timezone,"verify prior-public listing intervals and security representation; validate source clocks/calendars; reconcile split-only OHLC, total-return vintages, dividends/payment dates and merger/delisting ledger; recover seed/warm-up and missing sessions; disclose current-GICS approximation and assess sensitivity; USD identity FX only","[{""symbol"":""COP"",""file"":""backtests/staged/wf3_prices.json.gz"",""sha256"":""6ab928b5ab5a1226dfecbccd9b50e444766aba9c00f6ce4f372801cbaaab2793"",""observations"":964,""first"":""2022-11-28"",""last"":""2026-10-01""}]",False,False,False,False,True,False,True,True
isin:US21037T1097,Constellation Energy Corp,US21037T1097,21037T109,,US,PARTIALLY_READY,PARTIALLY_READY,2023-10;2023-11;2023-12;2024-01;2024-02;2024-03;2024-04;2024-05;2024-06;2024-07;2024-08;2024-09;2024-10;2024-11;2024-12;2025-01;2025-02;2025-03;2025-04;2025-05;2025-06;2025-07;2025-08;2025-09;2025-10;2025-11;2025-12;2026-01;2026-02;2026-03;2026-04;2026-05;2026-06;2026-07;2026-08;2026-09,2023-10,2026-09,2b660030dbf1b6abe7c2e7990788c9c1b52e515c700e92047558042804e51fb1,CEG,True,1,True,,False,XNAS,USD,False,False,False,,,0,,CEG,2022-11-28,2026-10-01,964,1442,479,0,479,0,2023-09-29,211,0,0,42,0,0,479,False,True,False,Utilities,True,https://raw.githubusercontent.com/datasets/s-and-p-500-companies/master/data/constituents.csv,dbaf1731be31f28b3d1b08351718c25a4646c4b3f51ffe207e59244bf4e54ed8,XNYS,False,False,0,15,False,0,0,0,False,0,,UNVERIFIED; preserve source share class,listing;ohlcv;adjustment;corporate_actions;calendar_timezone,"verify prior-public listing intervals and security representation; validate source clocks/calendars; reconcile split-only OHLC, total-return vintages, dividends/payment dates and merger/delisting ledger; recover seed/warm-up and missing sessions; disclose current-GICS approximation and assess sensitivity; USD identity FX only","[{""symbol"":""CEG"",""file"":""backtests/staged/wf3_prices.json.gz"",""sha256"":""6ab928b5ab5a1226dfecbccd9b50e444766aba9c00f6ce4f372801cbaaab2793"",""observations"":964,""first"":""2022-11-28"",""last"":""2026-10-01""}]",False,False,False,False,True,False,True,True
isin:US2193501051,Corning Inc,US2193501051,219350105,,US,PARTIALLY_READY,PARTIALLY_READY,2023-10;2023-11;2023-12;2024-01;2024-02;2024-03;2024-04;2024-05;2024-06;2024-07;2024-08;2024-09;2024-10;2024-11;2024-12;2025-01;2025-02;2025-03;2025-04;2025-05;2025-06;2025-07;2025-08;2025-09;2025-10;2025-11;2025-12;2026-01;2026-02;2026-03;2026-04;2026-05;2026-06;2026-07;2026-08;2026-09,2023-10,2026-09,2b660030dbf1b6abe7c2e7990788c9c1b52e515c700e92047558042804e51fb1,GLW,True,1,True,,False,XNYS,USD,False,False,False,,,0,,GLW,2022-11-28,2026-10-01,964,1442,479,0,479,0,2023-09-29,211,0,0,42,0,0,479,False,True,False,Information Technology,True,https://raw.githubusercontent.com/datasets/s-and-p-500-companies/master/data/constituents.csv,b87b7a14c8ab6345700db0849f3d79a605f2ebd3c674430086a21d82a8d711bb,XNYS,False,False,0,15,False,0,0,0,False,0,,UNVERIFIED; preserve source share class,listing;ohlcv;adjustment;corporate_actions;calendar_timezone,"verify prior-public listing intervals and security representation; validate source clocks/calendars; reconcile split-only OHLC, total-return vintages, dividends/payment dates and merger/delisting ledger; recover seed/warm-up and missing sessions; disclose current-GICS approximation and assess sensitivity; USD identity FX only","[{""symbol"":""GLW"",""file"":""backtests/staged/wf3_prices.json.gz"",""sha256"":""6ab928b5ab5a1226dfecbccd9b50e444766aba9c00f6ce4f372801cbaaab2793"",""observations"":964,""first"":""2022-11-28"",""last"":""2026-10-01""}]",False,False,False,False,True,False,True,True
isin:US22052L1044,Corteva Inc,US22052L1044,22052L104,,US,PARTIALLY_READY,PARTIALLY_READY,2023-10;2023-11;2023-12;2024-01;2024-02;2024-03;2024-04;2024-05;2024-06;2024-07;2024-08;2024-09;2024-10;2024-11;2024-12;2025-01;2025-02;2025-03;2025-04;2025-05;2025-06;2025-07;2025-08;2025-09;2025-10;2025-11;2025-12;2026-01;2026-02;2026-03;2026-04;2026-05;2026-06;2026-07;2026-08;2026-09,2023-10,2026-09,2b660030dbf1b6abe7c2e7990788c9c1b52e515c700e92047558042804e51fb1,CTVA,True,1,True,,False,XNYS,USD,False,False,False,,,0,,CTVA,2022-11-28,2026-10-01,964,1442,479,0,479,0,2023-09-29,211,0,0,42,0,0,479,False,False,False,UNRESOLVED,False,,,XNYS,False,False,0,15,False,0,0,0,False,0,,UNVERIFIED; preserve source share class,listing;ohlcv;adjustment;corporate_actions;gics;calendar_timezone,"verify prior-public listing intervals and security representation; validate source clocks/calendars; reconcile split-only OHLC, total-return vintages, dividends/payment dates and merger/delisting ledger; recover seed/warm-up and missing sessions; source exact-ID current GICS and corrections; USD identity FX only","[{""symbol"":""CTVA"",""file"":""backtests/staged/wf3_prices.json.gz"",""sha256"":""6ab928b5ab5a1226dfecbccd9b50e444766aba9c00f6ce4f372801cbaaab2793"",""observations"":964,""first"":""2022-11-28"",""last"":""2026-10-01""}]",False,False,False,False,False,False,True,True
isin:US22160K1051,Costco Wholesale Corp,US22160K1051,22160K105,,US,PARTIALLY_READY,PARTIALLY_READY,2023-10;2023-11;2023-12;2024-01;2024-02;2024-03;2024-04;2024-05;2024-06;2024-07;2024-08;2024-09;2024-10;2024-11;2024-12;2025-01;2025-02;2025-03;2025-04;2025-05;2025-06;2025-07;2025-08;2025-09;2025-10;2025-11;2025-12;2026-01;2026-02;2026-03;2026-04;2026-05;2026-06;2026-07;2026-08;2026-09,2023-10,2026-09,2b660030dbf1b6abe7c2e7990788c9c1b52e515c700e92047558042804e51fb1,COST,True,1,True,,False,XNAS,USD,False,False,False,,,0,,COST,2022-11-28,2026-10-01,964,1442,479,0,479,0,2023-09-29,211,0,0,42,0,0,479,False,True,False,Consumer Staples,True,https://raw.githubusercontent.com/datasets/s-and-p-500-companies/master/data/constituents.csv,d411f424bb858449eaec3dae570e72c1e4f43ca39194cd13b147ac5ef65817f6,XNYS,False,False,0,16,False,0,0,0,False,0,,UNVERIFIED; preserve source share class,listing;ohlcv;adjustment;corporate_actions;calendar_timezone,"verify prior-public listing intervals and security representation; validate source clocks/calendars; reconcile split-only OHLC, total-return vintages, dividends/payment dates and merger/delisting ledger; recover seed/warm-up and missing sessions; disclose current-GICS approximation and assess sensitivity; USD identity FX only","[{""symbol"":""COST"",""file"":""backtests/staged/wf3_prices.json.gz"",""sha256"":""6ab928b5ab5a1226dfecbccd9b50e444766aba9c00f6ce4f372801cbaaab2793"",""observations"":964,""first"":""2022-11-28"",""last"":""2026-10-01""}]",False,False,False,False,True,False,True,True
isin:US22160N1090,CoStar Group Inc,US22160N1090,22160N109,,US,PARTIALLY_READY,PARTIALLY_READY,2023-10;2023-11;2023-12;2024-01;2024-02;2024-03;2024-04;2024-05;2024-06;2024-07;2024-08;2024-09;2024-10;2024-11;2024-12;2025-01;2025-02;2025-03;2025-04;2025-05;2025-06;2025-07;2025-08;2025-09;2025-10;2025-11;2025-12;2026-01;2026-02;2026-03;2026-04;2026-05;2026-06;2026-07;2026-08;2026-09,2023-10,2026-09,2b660030dbf1b6abe7c2e7990788c9c1b52e515c700e92047558042804e51fb1,CSGP,True,1,True,,False,XNAS,USD,False,False,False,,,0,,CSGP,2022-11-28,2026-10-01,964,1442,479,0,479,0,2023-09-29,211,0,0,42,0,0,479,False,True,False,Real Estate,True,https://raw.githubusercontent.com/datasets/s-and-p-500-companies/master/data/constituents.csv,4200f82538f4fa51dcbc79e381b6ff85a57e407c0ce0c643d1c0086ff0894307,XNYS,False,False,0,0,False,0,0,0,False,0,,UNVERIFIED; preserve source share class,listing;ohlcv;adjustment;corporate_actions;calendar_timezone,"verify prior-public listing intervals and security representation; validate source clocks/calendars; reconcile split-only OHLC, total-return vintages, dividends/payment dates and merger/delisting ledger; recover seed/warm-up and missing sessions; disclose current-GICS approximation and assess sensitivity; USD identity FX only","[{""symbol"":""CSGP"",""file"":""backtests/staged/wf3_prices.json.gz"",""sha256"":""6ab928b5ab5a1226dfecbccd9b50e444766aba9c00f6ce4f372801cbaaab2793"",""observations"":964,""first"":""2022-11-28"",""last"":""2026-10-01""}]",False,False,False,False,True,False,True,True
isin:US22788C1053,Crowdstrike Holdings Inc,US22788C1053,22788C105,,US,PARTIALLY_READY,PARTIALLY_READY,2023-10;2023-11;2023-12;2024-01;2024-02;2024-03;2024-04;2024-05;2024-06;2024-07;2024-08;2024-09;2024-10;2024-11;2024-12;2025-01;2025-02;2025-03;2025-04;2025-05;2025-06;2025-07;2025-08;2025-09;2025-10;2025-11;2025-12;2026-01;2026-02;2026-03;2026-04;2026-05;2026-06;2026-07;2026-08;2026-09,2023-10,2026-09,2b660030dbf1b6abe7c2e7990788c9c1b52e515c700e92047558042804e51fb1,CRWD,True,1,True,,False,XNAS,USD,False,False,False,,,0,,CRWD,2022-11-28,2026-10-01,964,1442,479,0,479,0,2023-09-29,211,0,0,42,0,0,479,False,True,False,Information Technology,True,https://raw.githubusercontent.com/datasets/s-and-p-500-companies/master/data/constituents.csv,70cdab5665678fbd99e99b569716b7ba296e3c8eb5a7e737ce4eb3f79721a46c,XNYS,False,False,1,0,False,0,0,0,False,0,,UNVERIFIED; preserve source share class,listing;ohlcv;adjustment;corporate_actions;calendar_timezone,"verify prior-public listing intervals and security representation; validate source clocks/calendars; reconcile split-only OHLC, total-return vintages, dividends/payment dates and merger/delisting ledger; recover seed/warm-up and missing sessions; disclose current-GICS approximation and assess sensitivity; USD identity FX only","[{""symbol"":""CRWD"",""file"":""backtests/staged/wf3_prices.json.gz"",""sha256"":""6ab928b5ab5a1226dfecbccd9b50e444766aba9c00f6ce4f372801cbaaab2793"",""observations"":964,""first"":""2022-11-28"",""last"":""2026-10-01""}]",False,False,False,False,True,False,True,True
isin:US2310211063,Cummins Inc,US2310211063,231021106,,US,PARTIALLY_READY,PARTIALLY_READY,2023-10;2023-11;2023-12;2024-01;2024-02;2024-03;2024-04;2024-05;2024-06;2024-07;2024-08;2024-09;2024-10;2024-11;2024-12;2025-01;2025-02;2025-03;2025-04;2025-05;2025-06;2025-07;2025-08;2025-09;2025-10;2025-11;2025-12;2026-01;2026-02;2026-03;2026-04;2026-05;2026-06;2026-07;2026-08;2026-09,2023-10,2026-09,2b660030dbf1b6abe7c2e7990788c9c1b52e515c700e92047558042804e51fb1,CMI,True,1,True,,False,XNYS,USD,False,False,False,,,0,,CMI,2022-11-28,2026-10-01,964,1442,479,0,479,0,2023-09-29,211,0,0,42,0,0,479,False,True,False,Industrials,True,https://raw.githubusercontent.com/datasets/s-and-p-500-companies/master/data/constituents.csv,0e79485ccd29bbb560559e9cb7685db98c59eca11196ef6ed92232047b9f24df,XNYS,False,False,0,15,False,0,0,0,False,0,,UNVERIFIED; preserve source share class,listing;ohlcv;adjustment;corporate_actions;calendar_timezone,"verify prior-public listing intervals and security representation; validate source clocks/calendars; reconcile split-only OHLC, total-return vintages, dividends/payment dates and merger/delisting ledger; recover seed/warm-up and missing sessions; disclose current-GICS approximation and assess sensitivity; USD identity FX only","[{""symbol"":""CMI"",""file"":""backtests/staged/wf3_prices.json.gz"",""sha256"":""6ab928b5ab5a1226dfecbccd9b50e444766aba9c00f6ce4f372801cbaaab2793"",""observations"":964,""first"":""2022-11-28"",""last"":""2026-10-01""}]",False,False,False,False,True,False,True,True
isin:US23331A1097,DR Horton Inc,US23331A1097,23331A109,,US,PARTIALLY_READY,PARTIALLY_READY,2023-11;2023-12;2024-01;2024-02;2024-03;2024-04;2024-05;2024-06;2024-07;2024-08;2024-09;2024-10;2024-11;2024-12;2025-01;2025-02;2025-03;2025-04;2025-05;2025-06;2025-07;2025-08;2025-09;2025-10;2025-11;2025-12;2026-01;2026-02;2026-03;2026-04;2026-05;2026-06;2026-07;2026-08;2026-09,2023-11,2026-09,2b660030dbf1b6abe7c2e7990788c9c1b52e515c700e92047558042804e51fb1,DHI,True,1,True,,False,XNYS,USD,False,False,False,,,0,,DHI,2022-11-28,2026-10-01,964,1442,479,0,479,0,2023-11-30,254,0,0,0,0,0,479,False,True,False,Consumer Discretionary,True,https://raw.githubusercontent.com/datasets/s-and-p-500-companies/master/data/constituents.csv,cf8a5d147a77228e7b0b842cb1e12849234b94da35806aa15fecb632f19e3da0,XNYS,False,False,0,16,False,0,0,0,False,0,,UNVERIFIED; preserve source share class,listing;ohlcv;adjustment;corporate_actions;calendar_timezone,"verify prior-public listing intervals and security representation; validate source clocks/calendars; reconcile split-only OHLC, total-return vintages, dividends/payment dates and merger/delisting ledger; recover seed/warm-up and missing sessions; disclose current-GICS approximation and assess sensitivity; USD identity FX only","[{""symbol"":""DHI"",""file"":""backtests/staged/wf3_prices.json.gz"",""sha256"":""6ab928b5ab5a1226dfecbccd9b50e444766aba9c00f6ce4f372801cbaaab2793"",""observations"":964,""first"":""2022-11-28"",""last"":""2026-10-01""}]",False,False,False,False,True,False,True,True
isin:US2358511028,Danaher Corp,US2358511028,235851102,,US,PARTIALLY_READY,PARTIALLY_READY,2023-10;2023-11;2023-12;2024-01;2024-02;2024-03;2024-04;2024-05;2024-06;2024-07;2024-08;2024-09;2024-10;2024-11;2024-12;2025-01;2025-02;2025-03;2025-04;2025-05;2025-06;2025-07;2025-08;2025-09;2025-10;2025-11;2025-12;2026-01;2026-02;2026-03;2026-04;2026-05;2026-06;2026-07;2026-08;2026-09,2023-10,2026-09,2b660030dbf1b6abe7c2e7990788c9c1b52e515c700e92047558042804e51fb1,DHR,True,1,True,,False,XNYS,USD,False,False,False,,,0,,DHR,2022-11-28,2026-10-01,964,1442,479,0,479,0,2023-09-29,211,0,0,42,0,0,479,False,True,False,Health Care,True,https://raw.githubusercontent.com/datasets/s-and-p-500-companies/master/data/constituents.csv,536a6d15346e804f4c66431a869450f9129ac0320e7cce808b2d3f35aa4e361b,XNYS,False,False,1,16,False,0,0,0,False,0,,UNVERIFIED; preserve source share class,listing;ohlcv;adjustment;corporate_actions;calendar_timezone,"verify prior-public listing intervals and security representation; validate source clocks/calendars; reconcile split-only OHLC, total-return vintages, dividends/payment dates and merger/delisting ledger; recover seed/warm-up and missing sessions; disclose current-GICS approximation and assess sensitivity; USD identity FX only","[{""symbol"":""DHR"",""file"":""backtests/staged/wf3_prices.json.gz"",""sha256"":""6ab928b5ab5a1226dfecbccd9b50e444766aba9c00f6ce4f372801cbaaab2793"",""observations"":964,""first"":""2022-11-28"",""last"":""2026-10-01""}]",False,False,False,False,True,False,True,True
isin:US23804L1035,Datadog Inc,US23804L1035,23804L103,,US,PARTIALLY_READY,PARTIALLY_READY,2023-10;2023-11;2023-12;2024-01;2024-02;2024-03;2024-04;2024-05;2024-06;2024-07;2024-08;2024-09;2024-10;2024-11;2024-12;2025-01;2025-02;2025-03;2025-04;2025-05;2025-06;2025-07;2025-08;2025-09;2025-10;2025-11;2025-12;2026-01;2026-02;2026-03;2026-04;2026-05;2026-06;2026-07;2026-08;2026-09,2023-10,2026-09,2b660030dbf1b6abe7c2e7990788c9c1b52e515c700e92047558042804e51fb1,DDOG,True,1,True,,False,XNAS,USD,False,False,False,,,0,,DDOG,2022-11-28,2026-10-01,964,1442,479,0,479,0,2023-09-29,211,0,0,42,0,0,479,False,True,False,Information Technology,True,https://raw.githubusercontent.com/datasets/s-and-p-500-companies/master/data/constituents.csv,622abbfdcbcaf41c523ea81d91200ccc78b914954b20e1c80d148d144ab076ec,XNYS,False,False,0,0,False,0,0,0,False,0,,UNVERIFIED; preserve source share class,listing;ohlcv;adjustment;corporate_actions;calendar_timezone,"verify prior-public listing intervals and security representation; validate source clocks/calendars; reconcile split-only OHLC, total-return vintages, dividends/payment dates and merger/delisting ledger; recover seed/warm-up and missing sessions; disclose current-GICS approximation and assess sensitivity; USD identity FX only","[{""symbol"":""DDOG"",""file"":""backtests/staged/wf3_prices.json.gz"",""sha256"":""6ab928b5ab5a1226dfecbccd9b50e444766aba9c00f6ce4f372801cbaaab2793"",""observations"":964,""first"":""2022-11-28"",""last"":""2026-10-01""}]",False,False,False,False,True,False,True,True
isin:US2435371073,Deckers Outdoor Corp,US2435371073,243537107,,US,PARTIALLY_READY,PARTIALLY_READY,2025-05;2025-06;2025-07;2025-08;2025-09;2025-10;2025-11;2025-12;2026-01;2026-02;2026-03;2026-04;2026-05;2026-06;2026-07;2026-08;2026-09,2025-05,2026-09,2b660030dbf1b6abe7c2e7990788c9c1b52e515c700e92047558042804e51fb1,DECK,True,1,True,,False,XNYS,USD,False,False,False,,,0,,DECK,2022-11-28,2026-10-01,964,1442,479,0,479,0,2025-05-30,628,0,0,0,0,0,479,False,True,False,Consumer Discretionary,True,https://raw.githubusercontent.com/datasets/s-and-p-500-companies/master/data/constituents.csv,931beb41a86cb3deb1f83bc25023bcdc4b71faf0a4dd7ac2b713f2e729280691,XNYS,False,False,1,0,False,0,0,0,False,0,,UNVERIFIED; preserve source share class,listing;ohlcv;adjustment;corporate_actions;calendar_timezone,"verify prior-public listing intervals and security representation; validate source clocks/calendars; reconcile split-only OHLC, total-return vintages, dividends/payment dates and merger/delisting ledger; recover seed/warm-up and missing sessions; disclose current-GICS approximation and assess sensitivity; USD identity FX only","[{""symbol"":""DECK"",""file"":""backtests/staged/wf3_prices.json.gz"",""sha256"":""6ab928b5ab5a1226dfecbccd9b50e444766aba9c00f6ce4f372801cbaaab2793"",""observations"":964,""first"":""2022-11-28"",""last"":""2026-10-01""}]",False,False,False,False,True,False,True,True
isin:US2441991054,Deere & Co,US2441991054,244199105,,US,PARTIALLY_READY,PARTIALLY_READY,2023-10;2023-11;2023-12;2024-01;2024-02;2024-03;2024-04;2024-05;2024-06;2024-07;2024-08;2024-09;2024-10;2024-11;2024-12;2025-01;2025-02;2025-03;2025-04;2025-05;2025-06;2025-07;2025-08;2025-09;2025-10;2025-11;2025-12;2026-01;2026-02;2026-03;2026-04;2026-05;2026-06;2026-07;2026-08;2026-09,2023-10,2026-09,2b660030dbf1b6abe7c2e7990788c9c1b52e515c700e92047558042804e51fb1,DE,True,1,True,,False,XNYS,USD,False,False,False,,,0,,DE,2022-11-28,2026-10-01,964,1442,479,0,479,0,2023-09-29,211,0,0,42,0,0,479,False,True,False,Industrials,True,https://raw.githubusercontent.com/datasets/s-and-p-500-companies/master/data/constituents.csv,ea0e9853556747a379b120bbdc70223982bbf4a2a42981be87fc1244b4a366a6,XNYS,False,False,0,16,False,0,0,0,False,0,,UNVERIFIED; preserve source share class,listing;ohlcv;adjustment;corporate_actions;calendar_timezone,"verify prior-public listing intervals and security representation; validate source clocks/calendars; reconcile split-only OHLC, total-return vintages, dividends/payment dates and merger/delisting ledger; recover seed/warm-up and missing sessions; disclose current-GICS approximation and assess sensitivity; USD identity FX only","[{""symbol"":""DE"",""file"":""backtests/staged/wf3_prices.json.gz"",""sha256"":""6ab928b5ab5a1226dfecbccd9b50e444766aba9c00f6ce4f372801cbaaab2793"",""observations"":964,""first"":""2022-11-28"",""last"":""2026-10-01""}]",False,False,False,False,True,False,True,True
isin:US24703L2025,Dell Technologies Inc,US24703L2025,24703L202,,US,PARTIALLY_READY,PARTIALLY_READY,2023-10;2023-11;2023-12;2024-01;2024-02;2024-03;2024-04;2024-05;2024-06;2024-07;2024-08;2024-09;2024-10;2024-11;2024-12;2025-01;2025-02;2025-03;2025-04;2025-05;2025-06;2025-07;2025-08;2025-09;2025-10;2025-11;2025-12;2026-01;2026-02;2026-03;2026-04;2026-05;2026-06;2026-07;2026-08;2026-09,2023-10,2026-09,2b660030dbf1b6abe7c2e7990788c9c1b52e515c700e92047558042804e51fb1,DELL,True,1,True,,False,XNYS,USD,False,False,False,,,0,,DELL,2022-11-28,2026-10-01,964,1442,479,0,479,0,2023-09-29,211,0,0,42,0,0,479,False,True,False,Information Technology,True,https://raw.githubusercontent.com/datasets/s-and-p-500-companies/master/data/constituents.csv,82955fbe4f7ffa25a58bd471b33a3ff7cf072cfe4c351105ec739f28a03cca37,XNYS,False,False,0,15,False,0,0,0,False,0,,UNVERIFIED; preserve source share class,listing;ohlcv;adjustment;corporate_actions;calendar_timezone,"verify prior-public listing intervals and security representation; validate source clocks/calendars; reconcile split-only OHLC, total-return vintages, dividends/payment dates and merger/delisting ledger; recover seed/warm-up and missing sessions; disclose current-GICS approximation and assess sensitivity; USD identity FX only","[{""symbol"":""DELL"",""file"":""backtests/staged/wf3_prices.json.gz"",""sha256"":""6ab928b5ab5a1226dfecbccd9b50e444766aba9c00f6ce4f372801cbaaab2793"",""observations"":964,""first"":""2022-11-28"",""last"":""2026-10-01""}]",False,False,False,False,True,False,True,True
isin:US25179M1036,Devon Energy Corp,US25179M1036,25179M103,,US,PARTIALLY_READY,PARTIALLY_READY,2023-10;2023-11;2023-12;2024-01;2024-02;2024-03;2024-04;2024-05;2024-06;2024-07;2024-08;2024-09;2024-10;2024-11;2024-12;2025-01;2025-02;2025-03;2025-04;2025-05;2025-06;2025-07;2025-08;2025-09;2025-10;2025-11;2025-12;2026-01;2026-02;2026-03;2026-04;2026-05;2026-06;2026-07;2026-08;2026-09,2023-10,2026-09,2b660030dbf1b6abe7c2e7990788c9c1b52e515c700e92047558042804e51fb1,DVN,True,1,True,,False,XNYS,USD,False,False,False,,,0,,DVN,2022-11-28,2026-10-01,964,1442,479,0,479,0,2023-09-29,211,0,0,42,0,0,479,False,True,False,Energy,True,https://raw.githubusercontent.com/datasets/s-and-p-500-companies/master/data/constituents.csv,f32b23621d1f4df07e7e65193ad62c1f3a455385a1792b7a0ce6d8f5e50bf59e,XNYS,False,False,0,16,False,0,0,0,False,0,,UNVERIFIED; preserve source share class,listing;ohlcv;adjustment;corporate_actions;calendar_timezone,"verify prior-public listing intervals and security representation; validate source clocks/calendars; reconcile split-only OHLC, total-return vintages, dividends/payment dates and merger/delisting ledger; recover seed/warm-up and missing sessions; disclose current-GICS approximation and assess sensitivity; USD identity FX only","[{""symbol"":""DVN"",""file"":""backtests/staged/wf3_prices.json.gz"",""sha256"":""6ab928b5ab5a1226dfecbccd9b50e444766aba9c00f6ce4f372801cbaaab2793"",""observations"":964,""first"":""2022-11-28"",""last"":""2026-10-01""}]",False,False,False,False,True,False,True,True
isin:US2521311074,Dexcom Inc,US2521311074,252131107,,US,PARTIALLY_READY,PARTIALLY_READY,2023-10;2023-11;2023-12;2024-01;2024-02;2024-03;2024-04;2024-05;2024-06;2024-07;2024-08;2024-09;2024-10;2024-11;2024-12;2025-01;2025-02;2025-03;2025-04;2025-05;2025-06;2025-07;2025-08;2025-09;2025-10;2025-11;2025-12;2026-01;2026-02;2026-03;2026-04;2026-05;2026-06;2026-07;2026-08;2026-09,2023-10,2026-09,2b660030dbf1b6abe7c2e7990788c9c1b52e515c700e92047558042804e51fb1,DXCM,True,1,True,,False,XNAS,USD,False,False,False,,,0,,DXCM,2022-11-28,2026-10-01,964,1442,479,0,479,0,2023-09-29,211,0,0,42,0,0,479,False,True,False,Health Care,True,https://raw.githubusercontent.com/datasets/s-and-p-500-companies/master/data/constituents.csv,4b709f703dd2125150d12891377613cb7a05167168434eaf916bfad66a6f7954,XNYS,False,False,0,0,False,0,0,0,False,0,,UNVERIFIED; preserve source share class,listing;ohlcv;adjustment;corporate_actions;calendar_timezone,"verify prior-public listing intervals and security representation; validate source clocks/calendars; reconcile split-only OHLC, total-return vintages, dividends/payment dates and merger/delisting ledger; recover seed/warm-up and missing sessions; disclose current-GICS approximation and assess sensitivity; USD identity FX only","[{""symbol"":""DXCM"",""file"":""backtests/staged/wf3_prices.json.gz"",""sha256"":""6ab928b5ab5a1226dfecbccd9b50e444766aba9c00f6ce4f372801cbaaab2793"",""observations"":964,""first"":""2022-11-28"",""last"":""2026-10-01""}]",False,False,False,False,True,False,True,True
isin:US2538681030,Digital Realty Trust Inc,US2538681030,253868103,,US,PARTIALLY_READY,PARTIALLY_READY,2023-11;2023-12;2024-01;2024-02;2024-03;2024-04;2024-05;2024-06;2024-07;2024-08;2024-09;2024-10;2024-11;2024-12;2025-01;2025-02;2025-03;2025-04;2025-05;2025-06;2025-07;2025-08;2025-09;2025-10;2025-11;2025-12;2026-01;2026-02;2026-03;2026-04;2026-05;2026-06;2026-07;2026-08;2026-09,2023-11,2026-09,2b660030dbf1b6abe7c2e7990788c9c1b52e515c700e92047558042804e51fb1,DLR,True,1,True,,False,XNYS,USD,False,False,False,,,0,,DLR,2022-11-28,2026-10-01,964,1442,479,0,479,0,2023-11-30,254,0,0,0,0,0,479,False,True,False,Real Estate,True,https://raw.githubusercontent.com/datasets/s-and-p-500-companies/master/data/constituents.csv,1e978e0de232f44395e2478e148656ce17fc17823cc16c9c1e2fb9846611d807,XNYS,False,False,0,16,False,0,0,0,False,0,,UNVERIFIED; preserve source share class,listing;ohlcv;adjustment;corporate_actions;calendar_timezone,"verify prior-public listing intervals and security representation; validate source clocks/calendars; reconcile split-only OHLC, total-return vintages, dividends/payment dates and merger/delisting ledger; recover seed/warm-up and missing sessions; disclose current-GICS approximation and assess sensitivity; USD identity FX only","[{""symbol"":""DLR"",""file"":""backtests/staged/wf3_prices.json.gz"",""sha256"":""6ab928b5ab5a1226dfecbccd9b50e444766aba9c00f6ce4f372801cbaaab2793"",""observations"":964,""first"":""2022-11-28"",""last"":""2026-10-01""}]",False,False,False,False,True,False,True,True
isin:US2546871060,Walt Disney Co/The,US2546871060,254687106,,US,PARTIALLY_READY,PARTIALLY_READY,2023-10;2023-11;2023-12;2024-01;2024-02;2024-03;2024-04;2024-05;2024-06;2024-07;2024-08;2024-09;2024-10;2024-11;2024-12;2025-01;2025-02;2025-03;2025-04;2025-05;2025-06;2025-07;2025-08;2025-09;2025-10;2025-11;2025-12;2026-01;2026-02;2026-03;2026-04;2026-05;2026-06;2026-07;2026-08;2026-09,2023-10,2026-09,2b660030dbf1b6abe7c2e7990788c9c1b52e515c700e92047558042804e51fb1,DIS,True,1,True,,False,XNYS,USD,False,False,False,,,0,,DIS,2022-11-28,2026-10-01,964,1442,479,0,479,0,2023-09-29,211,0,0,42,0,0,479,False,True,False,Communication Services,True,https://raw.githubusercontent.com/datasets/s-and-p-500-companies/master/data/constituents.csv,46ce9a93476dd52270307a551d25bf83a42687767a44d67e2aef80384867d7b4,XNYS,False,False,0,6,False,0,0,0,False,0,,UNVERIFIED; preserve source share class,listing;ohlcv;adjustment;corporate_actions;calendar_timezone,"verify prior-public listing intervals and security representation; validate source clocks/calendars; reconcile split-only OHLC, total-return vintages, dividends/payment dates and merger/delisting ledger; recover seed/warm-up and missing sessions; disclose current-GICS approximation and assess sensitivity; USD identity FX only","[{""symbol"":""DIS"",""file"":""backtests/staged/wf3_prices.json.gz"",""sha256"":""6ab928b5ab5a1226dfecbccd9b50e444766aba9c00f6ce4f372801cbaaab2793"",""observations"":964,""first"":""2022-11-28"",""last"":""2026-10-01""}]",False,False,False,False,True,False,True,True
isin:US2566771059,Dollar General Corp,US2566771059,256677105,,US,PARTIALLY_READY,PARTIALLY_READY,2025-11;2025-12;2026-01;2026-02;2026-03;2026-04;2026-05;2026-06;2026-07;2026-08;2026-09,2025-11,2026-09,2b660030dbf1b6abe7c2e7990788c9c1b52e515c700e92047558042804e51fb1,DG,True,1,True,,False,XNYS,USD,False,False,False,,,0,,DG,2022-11-28,2026-10-01,964,1442,479,0,479,0,2025-11-28,754,0,0,0,0,0,479,False,True,False,Consumer Staples,True,https://raw.githubusercontent.com/datasets/s-and-p-500-companies/master/data/constituents.csv,069318df4a299e4ba452d74da0018479e0decd97f87d051060e99eefe25e070d,XNYS,False,False,0,15,False,0,0,0,False,0,,UNVERIFIED; preserve source share class,listing;ohlcv;adjustment;corporate_actions;calendar_timezone,"verify prior-public listing intervals and security representation; validate source clocks/calendars; reconcile split-only OHLC, total-return vintages, dividends/payment dates and merger/delisting ledger; recover seed/warm-up and missing sessions; disclose current-GICS approximation and assess sensitivity; USD identity FX only","[{""symbol"":""DG"",""file"":""backtests/staged/wf3_prices.json.gz"",""sha256"":""6ab928b5ab5a1226dfecbccd9b50e444766aba9c00f6ce4f372801cbaaab2793"",""observations"":964,""first"":""2022-11-28"",""last"":""2026-10-01""}]",False,False,False,False,True,False,True,True
isin:US2567461080,Dollar Tree Inc,US2567461080,256746108,,US,PARTIALLY_READY,PARTIALLY_READY,2023-10;2023-11;2023-12;2024-01;2024-02;2024-03;2024-04;2024-05;2024-06;2024-07;2024-08;2024-09;2024-10;2024-11;2024-12;2025-01;2025-02;2025-03;2025-04;2025-05;2025-06;2025-07;2025-08;2025-09;2025-10;2025-11;2025-12;2026-01;2026-02;2026-03;2026-04;2026-05;2026-06;2026-07;2026-08;2026-09,2023-10,2026-09,2b660030dbf1b6abe7c2e7990788c9c1b52e515c700e92047558042804e51fb1,DLTR,True,1,True,,False,XNAS,USD,False,False,False,,,0,,DLTR,2022-11-28,2026-10-01,964,1442,479,0,479,0,2023-09-29,211,0,0,42,0,0,479,False,True,False,Consumer Staples,True,https://raw.githubusercontent.com/datasets/s-and-p-500-companies/master/data/constituents.csv,f10bfda07090c3582fa0878d0e67dbdda5bd2dbf65a9d2928b702114ab9bff12,XNYS,False,False,0,0,False,0,0,0,False,0,,UNVERIFIED; preserve source share class,listing;ohlcv;adjustment;corporate_actions;calendar_timezone,"verify prior-public listing intervals and security representation; validate source clocks/calendars; reconcile split-only OHLC, total-return vintages, dividends/payment dates and merger/delisting ledger; recover seed/warm-up and missing sessions; disclose current-GICS approximation and assess sensitivity; USD identity FX only","[{""symbol"":""DLTR"",""file"":""backtests/staged/wf3_prices.json.gz"",""sha256"":""6ab928b5ab5a1226dfecbccd9b50e444766aba9c00f6ce4f372801cbaaab2793"",""observations"":964,""first"":""2022-11-28"",""last"":""2026-10-01""}]",False,False,False,False,True,False,True,True
isin:US25809K1051,DoorDash Inc,US25809K1051,25809K105,,US,PARTIALLY_READY,PARTIALLY_READY,2023-10;2023-11;2023-12;2024-01;2024-02;2024-03;2024-04;2024-05;2024-06;2024-07;2024-08;2024-09;2024-10;2024-11;2024-12;2025-01;2025-02;2025-03;2025-04;2025-05;2025-06;2025-07;2025-08;2025-09;2025-10;2025-11;2025-12;2026-01;2026-02;2026-03;2026-04;2026-05;2026-06;2026-07;2026-08;2026-09,2023-10,2026-09,2b660030dbf1b6abe7c2e7990788c9c1b52e515c700e92047558042804e51fb1,DASH,True,1,True,,False,XNAS,USD,False,False,False,,,0,,DASH,2022-11-28,2026-10-01,964,1442,479,0,479,0,2023-09-29,211,0,0,42,0,0,479,False,True,False,Consumer Discretionary,True,https://raw.githubusercontent.com/datasets/s-and-p-500-companies/master/data/constituents.csv,df5989af06fd1f836468527ef853a08c1cac1a52883378048a66e4e7c92e6bfc,XNYS,False,False,0,0,False,0,0,0,False,0,,UNVERIFIED; preserve source share class,listing;ohlcv;adjustment;corporate_actions;calendar_timezone,"verify prior-public listing intervals and security representation; validate source clocks/calendars; reconcile split-only OHLC, total-return vintages, dividends/payment dates and merger/delisting ledger; recover seed/warm-up and missing sessions; disclose current-GICS approximation and assess sensitivity; USD identity FX only","[{""symbol"":""DASH"",""file"":""backtests/staged/wf3_prices.json.gz"",""sha256"":""6ab928b5ab5a1226dfecbccd9b50e444766aba9c00f6ce4f372801cbaaab2793"",""observations"":964,""first"":""2022-11-28"",""last"":""2026-10-01""}]",False,False,False,False,True,False,True,True
isin:US2605571031,Dow Inc,US2605571031,260557103,,US,PARTIALLY_READY,PARTIALLY_READY,2023-10;2023-11;2023-12;2024-01;2024-02;2024-03;2024-04;2024-05;2024-06;2024-07;2024-08;2024-09;2024-10;2024-11;2024-12;2025-01;2025-02;2025-03;2025-04;2025-05;2025-06;2025-07;2025-08;2025-09;2025-10;2025-11;2025-12;2026-01;2026-02;2026-03;2026-04;2026-05;2026-06;2026-07;2026-08;2026-09,2023-10,2026-09,2b660030dbf1b6abe7c2e7990788c9c1b52e515c700e92047558042804e51fb1,DOW,True,1,True,,False,XNYS,USD,False,False,False,,,0,,DOW,2022-11-28,2026-10-01,964,1442,479,0,479,0,2023-09-29,211,0,0,42,0,0,479,False,True,False,Materials,True,https://raw.githubusercontent.com/datasets/s-and-p-500-companies/master/data/constituents.csv,62f240707ca56b7d47a3fe9efa3cf958cdd762856651d85f62f56a5661c6bde9,XNYS,False,False,0,16,False,0,0,0,False,0,,UNVERIFIED; preserve source share class,listing;ohlcv;adjustment;corporate_actions;calendar_timezone,"verify prior-public listing intervals and security representation; validate source clocks/calendars; reconcile split-only OHLC, total-return vintages, dividends/payment dates and merger/delisting ledger; recover seed/warm-up and missing sessions; disclose current-GICS approximation and assess sensitivity; USD identity FX only","[{""symbol"":""DOW"",""file"":""backtests/staged/wf3_prices.json.gz"",""sha256"":""6ab928b5ab5a1226dfecbccd9b50e444766aba9c00f6ce4f372801cbaaab2793"",""observations"":964,""first"":""2022-11-28"",""last"":""2026-10-01""}]",False,False,False,False,True,False,True,True
isin:US26441C2044,Duke Energy Corp,US26441C2044,26441C204,,US,PARTIALLY_READY,PARTIALLY_READY,2023-10;2023-11;2023-12;2024-01;2024-02;2024-03;2024-04;2024-05;2024-06;2024-07;2024-08;2024-09;2024-10;2024-11;2024-12;2025-01;2025-02;2025-03;2025-04;2025-05;2025-06;2025-07;2025-08;2025-09;2025-10;2025-11;2025-12;2026-01;2026-02;2026-03;2026-04;2026-05;2026-06;2026-07;2026-08;2026-09,2023-10,2026-09,2b660030dbf1b6abe7c2e7990788c9c1b52e515c700e92047558042804e51fb1,DUK,True,1,True,,False,XNYS,USD,False,False,False,,,0,,DUK,2022-11-28,2026-10-01,964,1442,479,0,479,0,2023-09-29,211,0,0,42,0,0,479,False,True,False,Utilities,True,https://raw.githubusercontent.com/datasets/s-and-p-500-companies/master/data/constituents.csv,e40ab53d2a9ea5b36ac00d665ab39d9540ddd4da566c9f4a2303d874b2c763ca,XNYS,False,False,0,15,False,0,0,0,False,0,,UNVERIFIED; preserve source share class,listing;ohlcv;adjustment;corporate_actions;calendar_timezone,"verify prior-public listing intervals and security representation; validate source clocks/calendars; reconcile split-only OHLC, total-return vintages, dividends/payment dates and merger/delisting ledger; recover seed/warm-up and missing sessions; disclose current-GICS approximation and assess sensitivity; USD identity FX only","[{""symbol"":""DUK"",""file"":""backtests/staged/wf3_prices.json.gz"",""sha256"":""6ab928b5ab5a1226dfecbccd9b50e444766aba9c00f6ce4f372801cbaaab2793"",""observations"":964,""first"":""2022-11-28"",""last"":""2026-10-01""}]",False,False,False,False,True,False,True,True
isin:US26614N1028,DuPont de Nemours Inc,US26614N1028,26614N102,,US,PARTIALLY_READY,PARTIALLY_READY,2023-10;2023-11;2023-12;2024-01;2024-02;2024-03;2024-04;2024-05;2024-06;2024-07;2024-08;2024-09;2024-10;2024-11;2024-12;2025-01;2025-02;2025-03;2025-04;2025-05;2025-06;2025-07;2025-08;2025-09;2025-10;2025-11;2025-12;2026-01;2026-02;2026-03;2026-04;2026-05;2026-06;2026-07,2023-10,2026-07,2b660030dbf1b6abe7c2e7990788c9c1b52e515c700e92047558042804e51fb1,DD,False,0,True,6D81.F;6D81.XETRA;6D81.STU,False,,,False,False,False,,,0,,DD,2022-11-28,2026-10-01,964,1442,479,0,479,0,2023-09-29,211,0,0,42,0,0,479,False,False,False,UNRESOLVED,False,,,XNYS,False,False,2,16,False,0,0,0,False,0,,UNVERIFIED; preserve source share class,listing;ohlcv;adjustment;corporate_actions;gics;calendar_timezone,"verify prior-public listing intervals and security representation; validate source clocks/calendars; reconcile split-only OHLC, total-return vintages, dividends/payment dates and merger/delisting ledger; recover seed/warm-up and missing sessions; source exact-ID current GICS and corrections; USD identity FX only","[{""symbol"":""DD"",""file"":""backtests/staged/wf3_prices.json.gz"",""sha256"":""6ab928b5ab5a1226dfecbccd9b50e444766aba9c00f6ce4f372801cbaaab2793"",""observations"":964,""first"":""2022-11-28"",""last"":""2026-10-01""}]",False,False,False,False,False,False,True,True
isin:US26875P1012,EOG Resources Inc,US26875P1012,26875P101,,US,PARTIALLY_READY,PARTIALLY_READY,2023-10;2023-11;2023-12;2024-01;2024-02;2024-03;2024-04;2024-05;2024-06;2024-07;2024-08;2024-09;2024-10;2024-11;2024-12;2025-01;2025-02;2025-03;2025-04;2025-05;2025-06;2025-07;2025-08;2025-09;2025-10;2025-11;2025-12;2026-01;2026-02;2026-03;2026-04;2026-05;2026-06;2026-07;2026-08;2026-09,2023-10,2026-09,2b660030dbf1b6abe7c2e7990788c9c1b52e515c700e92047558042804e51fb1,EOG,True,1,True,,False,XNYS,USD,False,False,False,,,0,,EOG,2022-11-28,2026-10-01,964,1442,479,0,479,0,2023-09-29,211,0,0,42,0,0,479,False,True,False,Energy,True,https://raw.githubusercontent.com/datasets/s-and-p-500-companies/master/data/constituents.csv,2e40de4c611f55825f42441234fa62069472233b76b89804c2d1508d8815086b,XNYS,False,False,0,18,False,0,0,0,False,0,,UNVERIFIED; preserve source share class,listing;ohlcv;adjustment;corporate_actions;calendar_timezone,"verify prior-public listing intervals and security representation; validate source clocks/calendars; reconcile split-only OHLC, total-return vintages, dividends/payment dates and merger/delisting ledger; recover seed/warm-up and missing sessions; disclose current-GICS approximation and assess sensitivity; USD identity FX only","[{""symbol"":""EOG"",""file"":""backtests/staged/wf3_prices.json.gz"",""sha256"":""6ab928b5ab5a1226dfecbccd9b50e444766aba9c00f6ce4f372801cbaaab2793"",""observations"":964,""first"":""2022-11-28"",""last"":""2026-10-01""}]",False,False,False,False,True,False,True,True
isin:US26884L1098,EQT Corp,US26884L1098,26884L109,,US,PARTIALLY_READY,PARTIALLY_READY,2023-10;2023-11;2023-12;2024-01;2024-02;2024-03;2024-04;2024-05;2024-06;2024-07;2024-08;2024-09;2024-10;2024-11;2024-12;2025-01;2025-02;2025-03;2025-04;2025-05;2025-06;2025-07;2025-08;2025-09;2025-10;2025-11;2025-12;2026-01;2026-02;2026-03;2026-04;2026-05;2026-06;2026-07;2026-08;2026-09,2023-10,2026-09,2b660030dbf1b6abe7c2e7990788c9c1b52e515c700e92047558042804e51fb1,EQT,True,1,True,,False,XNYS,USD,False,False,False,,,0,,EQT,2022-11-28,2026-10-01,964,1442,479,0,479,0,2023-09-29,211,0,0,42,0,0,479,False,True,False,Energy,True,https://raw.githubusercontent.com/datasets/s-and-p-500-companies/master/data/constituents.csv,72b8bc51b501f29f753427e7ab5a2cd01b8f03357d328be417929cc5049f9612,XNYS,False,False,0,15,False,0,0,0,False,0,,UNVERIFIED; preserve source share class,listing;ohlcv;adjustment;corporate_actions;calendar_timezone,"verify prior-public listing intervals and security representation; validate source clocks/calendars; reconcile split-only OHLC, total-return vintages, dividends/payment dates and merger/delisting ledger; recover seed/warm-up and missing sessions; disclose current-GICS approximation and assess sensitivity; USD identity FX only","[{""symbol"":""EQT"",""file"":""backtests/staged/wf3_prices.json.gz"",""sha256"":""6ab928b5ab5a1226dfecbccd9b50e444766aba9c00f6ce4f372801cbaaab2793"",""observations"":964,""first"":""2022-11-28"",""last"":""2026-10-01""}]",False,False,False,False,True,False,True,True
isin:US2786421030,eBay Inc,US2786421030,278642103,,US,PARTIALLY_READY,PARTIALLY_READY,2023-10;2023-11;2023-12;2024-01;2024-02;2024-03;2024-04;2024-05;2024-06;2024-07;2024-08;2024-09;2024-10;2024-11;2024-12;2025-01;2025-02;2025-03;2025-04;2025-05;2025-06;2025-07;2025-08;2025-09;2025-10;2025-11;2025-12;2026-01;2026-02;2026-03;2026-04;2026-05;2026-06;2026-07;2026-08;2026-09,2023-10,2026-09,2b660030dbf1b6abe7c2e7990788c9c1b52e515c700e92047558042804e51fb1,EBAY,True,1,True,,False,XNAS,USD,False,False,False,,,0,,EBAY,2022-11-28,2026-10-01,964,1442,479,0,479,0,2023-09-29,211,0,0,42,0,0,479,False,True,False,Consumer Discretionary,True,https://raw.githubusercontent.com/datasets/s-and-p-500-companies/master/data/constituents.csv,14f7b71796d09884cd0a3430011534637f2024e8a449586ad3f1b3a314fe24ea,XNYS,False,False,0,16,False,0,0,0,False,0,,UNVERIFIED; preserve source share class,listing;ohlcv;adjustment;corporate_actions;calendar_timezone,"verify prior-public listing intervals and security representation; validate source clocks/calendars; reconcile split-only OHLC, total-return vintages, dividends/payment dates and merger/delisting ledger; recover seed/warm-up and missing sessions; disclose current-GICS approximation and assess sensitivity; USD identity FX only","[{""symbol"":""EBAY"",""file"":""backtests/staged/wf3_prices.json.gz"",""sha256"":""6ab928b5ab5a1226dfecbccd9b50e444766aba9c00f6ce4f372801cbaaab2793"",""observations"":964,""first"":""2022-11-28"",""last"":""2026-10-01""}]",False,False,False,False,True,False,True,True
isin:US2788651006,Ecolab Inc,US2788651006,278865100,,US,PARTIALLY_READY,PARTIALLY_READY,2023-10;2023-11;2023-12;2024-01;2024-02;2024-03;2024-04;2024-05;2024-06;2024-07;2024-08;2024-09;2024-10;2024-11;2024-12;2025-01;2025-02;2025-03;2025-04;2025-05;2025-06;2025-07;2025-08;2025-09;2025-10;2025-11;2025-12;2026-01;2026-02;2026-03;2026-04;2026-05;2026-06;2026-07;2026-08;2026-09,2023-10,2026-09,2b660030dbf1b6abe7c2e7990788c9c1b52e515c700e92047558042804e51fb1,ECL,True,1,True,,False,XNYS,USD,False,False,False,,,0,,ECL,2022-11-28,2026-10-01,964,1442,479,0,479,0,2023-09-29,211,0,0,42,0,0,479,False,True,False,Materials,True,https://raw.githubusercontent.com/datasets/s-and-p-500-companies/master/data/constituents.csv,d09bc673e693b1264938309054479698708bad17f373f168b766db58f1cf6a80,XNYS,False,False,0,16,False,0,0,0,False,0,,UNVERIFIED; preserve source share class,listing;ohlcv;adjustment;corporate_actions;calendar_timezone,"verify prior-public listing intervals and security representation; validate source clocks/calendars; reconcile split-only OHLC, total-return vintages, dividends/payment dates and merger/delisting ledger; recover seed/warm-up and missing sessions; disclose current-GICS approximation and assess sensitivity; USD identity FX only","[{""symbol"":""ECL"",""file"":""backtests/staged/wf3_prices.json.gz"",""sha256"":""6ab928b5ab5a1226dfecbccd9b50e444766aba9c00f6ce4f372801cbaaab2793"",""observations"":964,""first"":""2022-11-28"",""last"":""2026-10-01""}]",False,False,False,False,True,False,True,True
isin:US2810201077,Edison International,US2810201077,281020107,,US,PARTIALLY_READY,PARTIALLY_READY,2023-10;2023-11;2023-12;2024-01;2024-02;2024-03;2024-04;2024-05;2024-06;2024-07;2024-08;2024-09;2024-10;2024-11;2024-12;2025-01;2025-02;2025-03;2025-04;2025-05;2025-06;2025-07;2025-08;2025-09;2025-10;2025-11;2025-12;2026-01;2026-02;2026-03;2026-04;2026-05;2026-06;2026-07;2026-08;2026-09,2023-10,2026-09,2b660030dbf1b6abe7c2e7990788c9c1b52e515c700e92047558042804e51fb1,EIX,True,1,True,,False,XNYS,USD,False,False,False,,,0,,EIX,2022-11-28,2026-10-01,964,1442,479,0,479,0,2023-09-29,211,0,0,42,0,0,479,False,True,False,Utilities,True,https://raw.githubusercontent.com/datasets/s-and-p-500-companies/master/data/constituents.csv,611a5a3365b5fa81c4598f0f68f933fb59de08d73f973a2f6b95f68d27acb70e,XNYS,False,False,0,15,False,0,0,0,False,0,,UNVERIFIED; preserve source share class,listing;ohlcv;adjustment;corporate_actions;calendar_timezone,"verify prior-public listing intervals and security representation; validate source clocks/calendars; reconcile split-only OHLC, total-return vintages, dividends/payment dates and merger/delisting ledger; recover seed/warm-up and missing sessions; disclose current-GICS approximation and assess sensitivity; USD identity FX only","[{""symbol"":""EIX"",""file"":""backtests/staged/wf3_prices.json.gz"",""sha256"":""6ab928b5ab5a1226dfecbccd9b50e444766aba9c00f6ce4f372801cbaaab2793"",""observations"":964,""first"":""2022-11-28"",""last"":""2026-10-01""}]",False,False,False,False,True,False,True,True
isin:US2855121099,Electronic Arts Inc,US2855121099,285512109,,US,PARTIALLY_READY,PARTIALLY_READY,2023-10;2023-11;2023-12;2024-01;2024-02;2024-03;2024-04;2024-05;2024-06;2024-07;2024-08;2024-09;2024-10;2024-11;2024-12;2025-01;2025-02;2025-03;2025-04;2025-05;2025-06;2025-07;2025-08;2025-09;2025-10;2025-11;2025-12;2026-01;2026-02;2026-03;2026-04;2026-05;2026-06;2026-07;2026-08;2026-09,2023-10,2026-09,2b660030dbf1b6abe7c2e7990788c9c1b52e515c700e92047558042804e51fb1,EA,True,1,True,,False,XNAS,USD,False,False,False,,,0,,EA,2026-08-04,2026-08-04,1,1442,1441,0,1441,751,2023-09-29,0,64,127,253,200,15,690,False,False,False,UNRESOLVED,False,,,XNYS,False,False,0,0,False,0,0,0,False,0,,UNVERIFIED; preserve source share class,listing;ohlcv;adjustment;corporate_actions;gics;calendar_timezone,"verify prior-public listing intervals and security representation; validate source clocks/calendars; reconcile split-only OHLC, total-return vintages, dividends/payment dates and merger/delisting ledger; recover seed/warm-up and missing sessions; source exact-ID current GICS and corrections; USD identity FX only","[{""symbol"":""EA"",""file"":""backtests/staged/wf3_prices.json.gz"",""sha256"":""6ab928b5ab5a1226dfecbccd9b50e444766aba9c00f6ce4f372801cbaaab2793"",""observations"":1,""first"":""2026-08-04"",""last"":""2026-08-04""}]",False,False,False,False,False,False,True,True
isin:US2910111044,Emerson Electric Co,US2910111044,291011104,,US,PARTIALLY_READY,PARTIALLY_READY,2023-10;2023-11;2023-12;2024-01;2024-02;2024-03;2024-04;2024-05;2024-06;2024-07;2024-08;2024-09;2024-10;2024-11;2024-12;2025-01;2025-02;2025-03;2025-04;2025-05;2025-06;2025-07;2025-08;2025-09;2025-10;2025-11;2025-12;2026-01;2026-02;2026-03;2026-04;2026-05;2026-06;2026-07;2026-08;2026-09,2023-10,2026-09,2b660030dbf1b6abe7c2e7990788c9c1b52e515c700e92047558042804e51fb1,EMR,True,1,True,,False,XNYS,USD,False,False,False,,,0,,EMR,2022-11-28,2026-10-01,964,1442,479,0,479,0,2023-09-29,211,0,0,42,0,0,479,False,True,False,Industrials,True,https://raw.githubusercontent.com/datasets/s-and-p-500-companies/master/data/constituents.csv,5ce6eea436c95a309096fb517fad20bcac35c90d60d4ad5208ca1d988e400c5c,XNYS,False,False,0,15,False,0,0,0,False,0,,UNVERIFIED; preserve source share class,listing;ohlcv;adjustment;corporate_actions;calendar_timezone,"verify prior-public listing intervals and security representation; validate source clocks/calendars; reconcile split-only OHLC, total-return vintages, dividends/payment dates and merger/delisting ledger; recover seed/warm-up and missing sessions; disclose current-GICS approximation and assess sensitivity; USD identity FX only","[{""symbol"":""EMR"",""file"":""backtests/staged/wf3_prices.json.gz"",""sha256"":""6ab928b5ab5a1226dfecbccd9b50e444766aba9c00f6ce4f372801cbaaab2793"",""observations"":964,""first"":""2022-11-28"",""last"":""2026-10-01""}]",False,False,False,False,True,False,True,True
isin:US29355A1079,Enphase Energy Inc,US29355A1079,29355A107,,US,PARTIALLY_READY,PARTIALLY_READY,2023-10;2023-11;2023-12;2024-01;2024-02;2024-03;2024-04;2024-05;2024-06;2024-07;2024-08;2024-09;2024-10;2024-11;2024-12;2025-01;2025-02;2025-03;2025-04;2025-05;2025-06;2025-07;2025-08;2025-09;2025-10;2025-11;2025-12;2026-01;2026-02;2026-03;2026-04;2026-05;2026-06;2026-07;2026-08;2026-09,2023-10,2026-09,2b660030dbf1b6abe7c2e7990788c9c1b52e515c700e92047558042804e51fb1,ENPH,True,1,True,,False,XNAS,USD,False,False,False,,,0,,ENPH,2022-11-28,2026-10-01,964,1442,479,0,479,0,2023-09-29,211,0,0,42,0,0,479,False,False,False,UNRESOLVED,False,,,XNYS,False,False,0,0,False,0,0,0,False,0,,UNVERIFIED; preserve source share class,listing;ohlcv;adjustment;corporate_actions;gics;calendar_timezone,"verify prior-public listing intervals and security representation; validate source clocks/calendars; reconcile split-only OHLC, total-return vintages, dividends/payment dates and merger/delisting ledger; recover seed/warm-up and missing sessions; source exact-ID current GICS and corrections; USD identity FX only","[{""symbol"":""ENPH"",""file"":""backtests/staged/wf3_prices.json.gz"",""sha256"":""6ab928b5ab5a1226dfecbccd9b50e444766aba9c00f6ce4f372801cbaaab2793"",""observations"":964,""first"":""2022-11-28"",""last"":""2026-10-01""}]",False,False,False,False,False,False,True,True
isin:US29414B1044,EPAM Systems Inc,US29414B1044,29414B104,,US,PARTIALLY_READY,PARTIALLY_READY,2023-10;2023-11;2023-12;2024-01;2024-02;2024-03;2024-04;2024-05;2024-06;2024-07;2024-08;2024-09;2024-10;2024-11;2024-12;2025-01;2025-02;2025-03;2025-04;2025-05;2025-06;2025-07;2025-08;2025-09;2025-10;2025-11;2025-12;2026-01;2026-02;2026-03;2026-04;2026-05;2026-06;2026-07;2026-08;2026-09,2023-10,2026-09,2b660030dbf1b6abe7c2e7990788c9c1b52e515c700e92047558042804e51fb1,EPAM,True,1,True,,False,XNYS,USD,False,False,False,,,0,,EPAM,2022-11-28,2026-10-01,964,1442,479,0,479,0,2023-09-29,211,0,0,42,0,0,479,False,False,False,UNRESOLVED,False,,,XNYS,False,False,0,0,False,0,0,0,False,0,,UNVERIFIED; preserve source share class,listing;ohlcv;adjustment;corporate_actions;gics;calendar_timezone,"verify prior-public listing intervals and security representation; validate source clocks/calendars; reconcile split-only OHLC, total-return vintages, dividends/payment dates and merger/delisting ledger; recover seed/warm-up and missing sessions; source exact-ID current GICS and corrections; USD identity FX only","[{""symbol"":""EPAM"",""file"":""backtests/staged/wf3_prices.json.gz"",""sha256"":""6ab928b5ab5a1226dfecbccd9b50e444766aba9c00f6ce4f372801cbaaab2793"",""observations"":964,""first"":""2022-11-28"",""last"":""2026-10-01""}]",False,False,False,False,False,False,True,True
isin:US29444U7000,Equinix Inc,US29444U7000,29444U700,,US,PARTIALLY_READY,PARTIALLY_READY,2023-10;2023-11;2023-12;2024-01;2024-02;2024-03;2024-04;2024-05;2024-06;2024-07;2024-08;2024-09;2024-10;2024-11;2024-12;2025-01;2025-02;2025-03;2025-04;2025-05;2025-06;2025-07;2025-08;2025-09;2025-10;2025-11;2025-12;2026-01;2026-02;2026-03;2026-04;2026-05;2026-06;2026-07;2026-08;2026-09,2023-10,2026-09,2b660030dbf1b6abe7c2e7990788c9c1b52e515c700e92047558042804e51fb1,EQIX,True,1,True,,False,XNAS,USD,False,False,False,,,0,,EQIX,2022-11-28,2026-10-01,964,1442,479,0,479,0,2023-09-29,211,0,0,42,0,0,479,False,True,False,Real Estate,True,https://raw.githubusercontent.com/datasets/s-and-p-500-companies/master/data/constituents.csv,4e55472ebc7c24844e23fdba486a4c912f553237c7c4087898d5d4f10a03d849,XNYS,False,False,0,15,False,0,0,0,False,0,,UNVERIFIED; preserve source share class,listing;ohlcv;adjustment;corporate_actions;calendar_timezone,"verify prior-public listing intervals and security representation; validate source clocks/calendars; reconcile split-only OHLC, total-return vintages, dividends/payment dates and merger/delisting ledger; recover seed/warm-up and missing sessions; disclose current-GICS approximation and assess sensitivity; USD identity FX only","[{""symbol"":""EQIX"",""file"":""backtests/staged/wf3_prices.json.gz"",""sha256"":""6ab928b5ab5a1226dfecbccd9b50e444766aba9c00f6ce4f372801cbaaab2793"",""observations"":964,""first"":""2022-11-28"",""last"":""2026-10-01""}]",False,False,False,False,True,False,True,True
isin:US29786A1060,Etsy Inc,US29786A1060,29786A106,,US,PARTIALLY_READY,PARTIALLY_READY,2023-10;2023-11;2023-12;2024-01;2024-02;2024-03;2024-04;2024-05;2024-06;2024-07;2024-08;2024-09;2024-10;2024-11;2024-12;2025-01;2025-02;2025-03;2025-04;2025-05;2025-06;2025-07;2025-08;2025-09;2025-10;2025-11;2025-12;2026-01;2026-02;2026-03;2026-04;2026-05;2026-06;2026-07;2026-08;2026-09,2023-10,2026-09,2b660030dbf1b6abe7c2e7990788c9c1b52e515c700e92047558042804e51fb1,ETSY,True,1,True,,False,XNYS,USD,False,False,False,,,0,,ETSY,2022-11-28,2026-10-01,964,1442,479,0,479,0,2023-09-29,211,0,0,42,0,0,479,False,False,False,UNRESOLVED,False,,,XNYS,False,False,0,0,False,0,0,0,False,0,,UNVERIFIED; preserve source share class,listing;ohlcv;adjustment;corporate_actions;gics;calendar_timezone,"verify prior-public listing intervals and security representation; validate source clocks/calendars; reconcile split-only OHLC, total-return vintages, dividends/payment dates and merger/delisting ledger; recover seed/warm-up and missing sessions; source exact-ID current GICS and corrections; USD identity FX only","[{""symbol"":""ETSY"",""file"":""backtests/staged/wf3_prices.json.gz"",""sha256"":""6ab928b5ab5a1226dfecbccd9b50e444766aba9c00f6ce4f372801cbaaab2793"",""observations"":964,""first"":""2022-11-28"",""last"":""2026-10-01""}]",False,False,False,False,False,False,True,True
isin:US30161N1019,Exelon Corp,US30161N1019,30161N101,,US,PARTIALLY_READY,PARTIALLY_READY,2023-10;2023-11;2023-12;2024-01;2024-02;2024-03;2024-04;2024-05;2024-06;2024-07;2024-08;2024-09;2024-10;2024-11;2024-12;2025-01;2025-02;2025-03;2025-04;2025-05;2025-06;2025-07;2025-08;2025-09;2025-10;2025-11;2025-12;2026-01;2026-02;2026-03;2026-04;2026-05;2026-06;2026-07;2026-08;2026-09,2023-10,2026-09,2b660030dbf1b6abe7c2e7990788c9c1b52e515c700e92047558042804e51fb1,EXC,True,1,True,,False,XNAS,USD,False,False,False,,,0,,EXC,2022-11-28,2026-10-01,964,1442,479,0,479,0,2023-09-29,211,0,0,42,0,0,479,False,True,False,Utilities,True,https://raw.githubusercontent.com/datasets/s-and-p-500-companies/master/data/constituents.csv,bd66684af312e82b24ad5d735e8d465b033af62d4318bdff5d31dcd5d5b5682b,XNYS,False,False,0,15,False,0,0,0,False,0,,UNVERIFIED; preserve source share class,listing;ohlcv;adjustment;corporate_actions;calendar_timezone,"verify prior-public listing intervals and security representation; validate source clocks/calendars; reconcile split-only OHLC, total-return vintages, dividends/payment dates and merger/delisting ledger; recover seed/warm-up and missing sessions; disclose current-GICS approximation and assess sensitivity; USD identity FX only","[{""symbol"":""EXC"",""file"":""backtests/staged/wf3_prices.json.gz"",""sha256"":""6ab928b5ab5a1226dfecbccd9b50e444766aba9c00f6ce4f372801cbaaab2793"",""observations"":964,""first"":""2022-11-28"",""last"":""2026-10-01""}]",False,False,False,False,True,False,True,True
isin:US30212P3038,Expedia Group Inc,US30212P3038,30212P303,,US,PARTIALLY_READY,PARTIALLY_READY,2023-10;2023-11;2023-12;2024-01;2024-02;2024-03;2024-04;2024-05;2024-06;2024-07;2024-08;2024-09;2024-10;2024-11;2024-12;2025-01;2025-02;2025-03;2025-04;2025-05;2025-06;2025-07;2025-08;2025-09;2025-10;2025-11;2025-12;2026-01;2026-02;2026-03;2026-04;2026-05;2026-06;2026-07;2026-08;2026-09,2023-10,2026-09,2b660030dbf1b6abe7c2e7990788c9c1b52e515c700e92047558042804e51fb1,EXPE,True,1,True,,False,XNAS,USD,False,False,False,,,0,,EXPE,2022-11-28,2026-10-01,964,1442,479,0,479,0,2023-09-29,211,0,0,42,0,0,479,False,True,False,Consumer Discretionary,True,https://raw.githubusercontent.com/datasets/s-and-p-500-companies/master/data/constituents.csv,8de383ed042909f047ab924fb892cb5ed8586a8f33db366bf1c8279e1facd290,XNYS,False,False,0,7,False,0,0,0,False,0,,UNVERIFIED; preserve source share class,listing;ohlcv;adjustment;corporate_actions;calendar_timezone,"verify prior-public listing intervals and security representation; validate source clocks/calendars; reconcile split-only OHLC, total-return vintages, dividends/payment dates and merger/delisting ledger; recover seed/warm-up and missing sessions; disclose current-GICS approximation and assess sensitivity; USD identity FX only","[{""symbol"":""EXPE"",""file"":""backtests/staged/wf3_prices.json.gz"",""sha256"":""6ab928b5ab5a1226dfecbccd9b50e444766aba9c00f6ce4f372801cbaaab2793"",""observations"":964,""first"":""2022-11-28"",""last"":""2026-10-01""}]",False,False,False,False,True,False,True,True
isin:US30231G1022,Exxon Mobil Corp,US30231G1022,30231G102,,US,PARTIALLY_READY,PARTIALLY_READY,2023-10;2023-11;2023-12;2024-01;2024-02;2024-03;2024-04;2024-05;2024-06;2024-07;2024-08;2024-09;2024-10;2024-11;2024-12;2025-01;2025-02;2025-03;2025-04;2025-05;2025-06;2025-07;2025-08;2025-09;2025-10;2025-11;2025-12;2026-01;2026-02;2026-03;2026-04;2026-05;2026-06;2026-07;2026-08;2026-09,2023-10,2026-09,2b660030dbf1b6abe7c2e7990788c9c1b52e515c700e92047558042804e51fb1,XOM,False,0,True,0R1M.LSE;XONA.XETRA;XONA.F;XONA.STU;XXON.TO,False,,,False,False,False,,,0,,XOM,2022-11-28,2026-10-01,964,1442,479,0,479,0,2023-09-29,211,0,0,42,0,0,479,False,False,False,UNRESOLVED,False,,,XNYS,False,False,0,15,False,0,0,0,False,0,,UNVERIFIED; preserve source share class,listing;ohlcv;adjustment;corporate_actions;gics;calendar_timezone,"verify prior-public listing intervals and security representation; validate source clocks/calendars; reconcile split-only OHLC, total-return vintages, dividends/payment dates and merger/delisting ledger; recover seed/warm-up and missing sessions; source exact-ID current GICS and corrections; USD identity FX only","[{""symbol"":""XOM"",""file"":""backtests/staged/wf3_prices.json.gz"",""sha256"":""6ab928b5ab5a1226dfecbccd9b50e444766aba9c00f6ce4f372801cbaaab2793"",""observations"":964,""first"":""2022-11-28"",""last"":""2026-10-01""}]",False,False,False,False,False,False,True,True
isin:US30303M1027,Meta Platforms Inc,US30303M1027,30303M102,,US,PARTIALLY_READY,PARTIALLY_READY,2023-10;2023-11;2023-12;2024-01;2024-02;2024-03;2024-04;2024-05;2024-06;2024-07;2024-08;2024-09;2024-10;2024-11;2024-12;2025-01;2025-02;2025-03;2025-04;2025-05;2025-06;2025-07;2025-08;2025-09;2025-10;2025-11;2025-12;2026-01;2026-02;2026-03;2026-04;2026-05;2026-06;2026-07;2026-08;2026-09,2023-10,2026-09,2b660030dbf1b6abe7c2e7990788c9c1b52e515c700e92047558042804e51fb1,META,True,2,True,,False,BATS;XNAS,USD,False,False,False,,,0,,META,2022-11-28,2026-10-01,964,1442,479,0,479,0,2023-09-29,211,0,0,42,0,0,479,False,True,False,Communication Services,True,https://raw.githubusercontent.com/datasets/s-and-p-500-companies/master/data/constituents.csv,3b22561c84f252da38ed6fa17e9cb9d244185f3ba3bc686276e882598ad1ddad,XNYS,False,False,0,11,False,0,0,0,False,0,,UNVERIFIED; preserve source share class,listing;ohlcv;adjustment;corporate_actions;calendar_timezone,"verify prior-public listing intervals and security representation; validate source clocks/calendars; reconcile split-only OHLC, total-return vintages, dividends/payment dates and merger/delisting ledger; recover seed/warm-up and missing sessions; disclose current-GICS approximation and assess sensitivity; USD identity FX only","[{""symbol"":""META"",""file"":""backtests/staged/wf3_prices.json.gz"",""sha256"":""6ab928b5ab5a1226dfecbccd9b50e444766aba9c00f6ce4f372801cbaaab2793"",""observations"":964,""first"":""2022-11-28"",""last"":""2026-10-01""}]",False,False,False,False,True,False,True,True
isin:US3032501047,Fair Isaac Corp,US3032501047,303250104,,US,PARTIALLY_READY,PARTIALLY_READY,2023-10;2023-11;2023-12;2024-01;2024-02;2024-03;2024-04;2024-05;2024-06;2024-07;2024-08;2024-09;2024-10;2024-11;2024-12;2025-01;2025-02;2025-03;2025-04;2025-05;2025-06;2025-07;2025-08;2025-09;2025-10;2025-11;2025-12;2026-01;2026-02;2026-03;2026-04;2026-05;2026-06;2026-07;2026-08;2026-09,2023-10,2026-09,2b660030dbf1b6abe7c2e7990788c9c1b52e515c700e92047558042804e51fb1,FICO,True,1,True,,False,XNYS,USD,False,False,False,,,0,,FICO,2022-11-28,2026-10-01,964,1442,479,0,479,0,2023-09-29,211,0,0,42,0,0,479,False,True,False,Information Technology,True,https://raw.githubusercontent.com/datasets/s-and-p-500-companies/master/data/constituents.csv,00d19dd07729e7798e135489272a45720aefd050392f64c76c1266cdb31e394e,XNYS,False,False,0,0,False,0,0,0,False,0,,UNVERIFIED; preserve source share class,listing;ohlcv;adjustment;corporate_actions;calendar_timezone,"verify prior-public listing intervals and security representation; validate source clocks/calendars; reconcile split-only OHLC, total-return vintages, dividends/payment dates and merger/delisting ledger; recover seed/warm-up and missing sessions; disclose current-GICS approximation and assess sensitivity; USD identity FX only","[{""symbol"":""FICO"",""file"":""backtests/staged/wf3_prices.json.gz"",""sha256"":""6ab928b5ab5a1226dfecbccd9b50e444766aba9c00f6ce4f372801cbaaab2793"",""observations"":964,""first"":""2022-11-28"",""last"":""2026-10-01""}]",False,False,False,False,True,False,True,True
isin:US3119001044,Fastenal Co,US3119001044,311900104,,US,PARTIALLY_READY,PARTIALLY_READY,2023-10;2023-11;2023-12;2024-01;2024-02;2024-03;2024-04;2024-05;2024-06;2024-07;2024-08;2024-09;2024-10;2024-11;2024-12;2025-01;2025-02;2025-03;2025-04;2025-05;2025-06;2025-07;2025-08;2025-09;2025-10;2025-11;2025-12;2026-01;2026-02;2026-03;2026-04;2026-05;2026-06;2026-07;2026-08;2026-09,2023-10,2026-09,2b660030dbf1b6abe7c2e7990788c9c1b52e515c700e92047558042804e51fb1,FAST,True,1,True,,False,XNAS,USD,False,False,False,,,0,,FAST,2022-11-28,2026-10-01,964,1442,479,0,479,0,2023-09-29,211,0,0,42,0,0,479,False,True,False,Industrials,True,https://raw.githubusercontent.com/datasets/s-and-p-500-companies/master/data/constituents.csv,cfd516b438f899cc86e46f81dcc35804538c306895f88e23d735dfdbd3d67ecb,XNYS,False,False,1,16,False,0,0,0,False,0,,UNVERIFIED; preserve source share class,listing;ohlcv;adjustment;corporate_actions;calendar_timezone,"verify prior-public listing intervals and security representation; validate source clocks/calendars; reconcile split-only OHLC, total-return vintages, dividends/payment dates and merger/delisting ledger; recover seed/warm-up and missing sessions; disclose current-GICS approximation and assess sensitivity; USD identity FX only","[{""symbol"":""FAST"",""file"":""backtests/staged/wf3_prices.json.gz"",""sha256"":""6ab928b5ab5a1226dfecbccd9b50e444766aba9c00f6ce4f372801cbaaab2793"",""observations"":964,""first"":""2022-11-28"",""last"":""2026-10-01""}]",False,False,False,False,True,False,True,True
isin:US31428X1063,FedEx Corp,US31428X1063,31428X106,,US,PARTIALLY_READY,PARTIALLY_READY,2023-10;2023-11;2023-12;2024-01;2024-02;2024-03;2024-04;2024-05;2024-06;2024-07;2024-08;2024-09;2024-10;2024-11;2024-12;2025-01;2025-02;2025-03;2025-04;2025-05;2025-06;2025-07;2025-08;2025-09;2025-10;2025-11;2025-12;2026-01;2026-02;2026-03;2026-04;2026-05;2026-06;2026-07;2026-08;2026-09,2023-10,2026-09,2b660030dbf1b6abe7c2e7990788c9c1b52e515c700e92047558042804e51fb1,FDX,True,1,True,,False,XNYS,USD,False,False,False,,,0,,FDX,2022-11-28,2026-10-01,964,1442,479,0,479,0,2023-09-29,211,0,0,42,0,0,479,False,True,False,Industrials,True,https://raw.githubusercontent.com/datasets/s-and-p-500-companies/master/data/constituents.csv,be18562c65b1a9e966d946fc85a67c1165a572e5883b6604007a5a449c1657a9,XNYS,False,False,1,16,False,0,0,0,False,0,,UNVERIFIED; preserve source share class,listing;ohlcv;adjustment;corporate_actions;calendar_timezone,"verify prior-public listing intervals and security representation; validate source clocks/calendars; reconcile split-only OHLC, total-return vintages, dividends/payment dates and merger/delisting ledger; recover seed/warm-up and missing sessions; disclose current-GICS approximation and assess sensitivity; USD identity FX only","[{""symbol"":""FDX"",""file"":""backtests/staged/wf3_prices.json.gz"",""sha256"":""6ab928b5ab5a1226dfecbccd9b50e444766aba9c00f6ce4f372801cbaaab2793"",""observations"":964,""first"":""2022-11-28"",""last"":""2026-10-01""}]",False,False,False,False,True,False,True,True
isin:US31488V1070,Ferguson Enterprises Inc,US31488V1070,31488V107,,US,PARTIALLY_READY,PARTIALLY_READY,2024-11;2024-12;2025-01;2025-02;2025-03;2025-04;2025-05;2025-06;2025-07;2025-08;2025-09;2025-10;2025-11;2025-12;2026-01;2026-02;2026-03;2026-04;2026-05;2026-06;2026-07;2026-08;2026-09,2024-11,2026-09,2b660030dbf1b6abe7c2e7990788c9c1b52e515c700e92047558042804e51fb1,FERG,True,1,True,,False,XNYS,USD,False,False,False,,,0,,FERG,2022-11-28,2026-10-01,964,1442,479,0,479,0,2024-11-29,505,0,0,0,0,0,479,False,True,False,Industrials,True,https://raw.githubusercontent.com/datasets/s-and-p-500-companies/master/data/constituents.csv,ad9a973aa331402f7ff663249f6bbab37ebbce3aecfaf4d31e25a21fe05b34b5,XNYS,False,False,0,16,False,0,0,0,False,0,,UNVERIFIED; preserve source share class,listing;ohlcv;adjustment;corporate_actions;calendar_timezone,"verify prior-public listing intervals and security representation; validate source clocks/calendars; reconcile split-only OHLC, total-return vintages, dividends/payment dates and merger/delisting ledger; recover seed/warm-up and missing sessions; disclose current-GICS approximation and assess sensitivity; USD identity FX only","[{""symbol"":""FERG"",""file"":""backtests/staged/wf3_prices.json.gz"",""sha256"":""6ab928b5ab5a1226dfecbccd9b50e444766aba9c00f6ce4f372801cbaaab2793"",""observations"":964,""first"":""2022-11-28"",""last"":""2026-10-01""}]",False,False,False,False,True,False,True,True
isin:US31620M1062,Fidelity National Information Services Inc,US31620M1062,31620M106,,US,PARTIALLY_READY,PARTIALLY_READY,2023-10;2023-11;2023-12;2024-01;2024-02;2024-03;2024-04;2024-05;2024-06;2024-07;2024-08;2024-09;2024-10;2024-11;2024-12;2025-01;2025-02;2025-03;2025-04;2025-05;2025-06;2025-07;2025-08;2025-09;2025-10;2025-11;2025-12;2026-01;2026-02;2026-03;2026-04;2026-05;2026-06;2026-07;2026-08;2026-09,2023-10,2026-09,2b660030dbf1b6abe7c2e7990788c9c1b52e515c700e92047558042804e51fb1,FIS,True,1,True,,False,XNYS,USD,False,False,False,,,0,,FIS,2022-11-28,2026-10-01,964,1442,479,0,479,0,2023-09-29,211,0,0,42,0,0,479,False,True,False,Financials,True,https://raw.githubusercontent.com/datasets/s-and-p-500-companies/master/data/constituents.csv,e55613fab4105f539e4b1e8220fde4d03b20d674362006d1c81b1806387f53d6,XNYS,False,False,0,16,False,0,0,0,False,0,,UNVERIFIED; preserve source share class,listing;ohlcv;adjustment;corporate_actions;calendar_timezone,"verify prior-public listing intervals and security representation; validate source clocks/calendars; reconcile split-only OHLC, total-return vintages, dividends/payment dates and merger/delisting ledger; recover seed/warm-up and missing sessions; disclose current-GICS approximation and assess sensitivity; USD identity FX only","[{""symbol"":""FIS"",""file"":""backtests/staged/wf3_prices.json.gz"",""sha256"":""6ab928b5ab5a1226dfecbccd9b50e444766aba9c00f6ce4f372801cbaaab2793"",""observations"":964,""first"":""2022-11-28"",""last"":""2026-10-01""}]",False,False,False,False,True,False,True,True
isin:US3364331070,First Solar Inc,US3364331070,336433107,,US,PARTIALLY_READY,PARTIALLY_READY,2023-10;2023-11;2023-12;2024-01;2024-02;2024-03;2024-04;2024-05;2024-06;2024-07;2024-08;2024-09;2024-10;2024-11;2024-12;2025-01;2025-02;2025-03;2025-04;2025-05;2025-06;2025-07;2025-08;2025-09;2025-10;2025-11;2025-12;2026-01;2026-02;2026-03;2026-04;2026-05;2026-06;2026-07;2026-08;2026-09,2023-10,2026-09,2b660030dbf1b6abe7c2e7990788c9c1b52e515c700e92047558042804e51fb1,FSLR,True,1,True,,False,XNAS,USD,False,False,False,,,0,,FSLR,2022-11-28,2026-10-01,964,1442,479,0,479,0,2023-09-29,211,0,0,42,0,0,479,False,True,False,Information Technology,True,https://raw.githubusercontent.com/datasets/s-and-p-500-companies/master/data/constituents.csv,ec9d2a36e036910d60835147390afc1777354a0cdf8a28b0593aa957344c6101,XNYS,False,False,0,0,False,0,0,0,False,0,,UNVERIFIED; preserve source share class,listing;ohlcv;adjustment;corporate_actions;calendar_timezone,"verify prior-public listing intervals and security representation; validate source clocks/calendars; reconcile split-only OHLC, total-return vintages, dividends/payment dates and merger/delisting ledger; recover seed/warm-up and missing sessions; disclose current-GICS approximation and assess sensitivity; USD identity FX only","[{""symbol"":""FSLR"",""file"":""backtests/staged/wf3_prices.json.gz"",""sha256"":""6ab928b5ab5a1226dfecbccd9b50e444766aba9c00f6ce4f372801cbaaab2793"",""observations"":964,""first"":""2022-11-28"",""last"":""2026-10-01""}]",False,False,False,False,True,False,True,True
isin:US3379321074,FirstEnergy Corp,US3379321074,337932107,,US,PARTIALLY_READY,PARTIALLY_READY,2023-10;2023-11;2023-12;2024-01;2024-02;2024-03;2024-04;2024-05;2024-06;2024-07;2024-08;2024-09;2024-10;2024-11;2024-12;2025-01;2025-02;2025-03;2025-04;2025-05;2025-06;2025-07;2025-08;2025-09;2025-10;2025-11;2025-12;2026-01;2026-02;2026-03;2026-04;2026-05;2026-06;2026-07;2026-08;2026-09,2023-10,2026-09,2b660030dbf1b6abe7c2e7990788c9c1b52e515c700e92047558042804e51fb1,FE,True,1,True,,False,XNYS,USD,False,False,False,,,0,,FE,2022-11-28,2026-10-01,964,1442,479,0,479,0,2023-09-29,211,0,0,42,0,0,479,False,True,False,Utilities,True,https://raw.githubusercontent.com/datasets/s-and-p-500-companies/master/data/constituents.csv,45f70a0471ece09834f8e2dfafe5c981a1f2715ac14828306cb77b61c03c47b2,XNYS,False,False,0,15,False,0,0,0,False,0,,UNVERIFIED; preserve source share class,listing;ohlcv;adjustment;corporate_actions;calendar_timezone,"verify prior-public listing intervals and security representation; validate source clocks/calendars; reconcile split-only OHLC, total-return vintages, dividends/payment dates and merger/delisting ledger; recover seed/warm-up and missing sessions; disclose current-GICS approximation and assess sensitivity; USD identity FX only","[{""symbol"":""FE"",""file"":""backtests/staged/wf3_prices.json.gz"",""sha256"":""6ab928b5ab5a1226dfecbccd9b50e444766aba9c00f6ce4f372801cbaaab2793"",""observations"":964,""first"":""2022-11-28"",""last"":""2026-10-01""}]",False,False,False,False,True,False,True,True
isin:US3453708600,Ford Motor Co,US3453708600,345370860,,US,PARTIALLY_READY,PARTIALLY_READY,2023-10;2023-11;2023-12;2024-01;2024-02;2024-03;2024-04;2024-05;2024-06;2024-07;2024-08;2024-09;2024-10;2024-11;2024-12;2025-01;2025-02;2025-03;2025-04;2025-05;2025-06;2025-07;2025-08;2025-09;2025-10;2025-11;2025-12;2026-01;2026-02;2026-03;2026-04;2026-05;2026-06;2026-07;2026-08;2026-09,2023-10,2026-09,2b660030dbf1b6abe7c2e7990788c9c1b52e515c700e92047558042804e51fb1,F,True,1,True,,False,XNYS,USD,False,False,False,,,0,,F,2022-11-28,2026-10-01,964,1442,479,0,479,0,2023-09-29,211,0,0,42,0,0,479,False,True,False,Consumer Discretionary,True,https://raw.githubusercontent.com/datasets/s-and-p-500-companies/master/data/constituents.csv,c2500bc03d43e44a6de7ce65109121df3f1d6016ec36b13c555015f0d303f2a0,XNYS,False,False,0,15,False,0,0,0,False,0,,UNVERIFIED; preserve source share class,listing;ohlcv;adjustment;corporate_actions;calendar_timezone,"verify prior-public listing intervals and security representation; validate source clocks/calendars; reconcile split-only OHLC, total-return vintages, dividends/payment dates and merger/delisting ledger; recover seed/warm-up and missing sessions; disclose current-GICS approximation and assess sensitivity; USD identity FX only","[{""symbol"":""F"",""file"":""backtests/staged/wf3_prices.json.gz"",""sha256"":""6ab928b5ab5a1226dfecbccd9b50e444766aba9c00f6ce4f372801cbaaab2793"",""observations"":964,""first"":""2022-11-28"",""last"":""2026-10-01""}]",False,False,False,False,True,False,True,True
isin:US34959E1091,Fortinet Inc,US34959E1091,34959E109,,US,PARTIALLY_READY,PARTIALLY_READY,2023-10;2023-11;2023-12;2024-01;2024-02;2024-03;2024-04;2024-05;2024-06;2024-07;2024-08;2024-09;2024-10;2024-11;2024-12;2025-01;2025-02;2025-03;2025-04;2025-05;2025-06;2025-07;2025-08;2025-09;2025-10;2025-11;2025-12;2026-01;2026-02;2026-03;2026-04;2026-05;2026-06;2026-07;2026-08;2026-09,2023-10,2026-09,2b660030dbf1b6abe7c2e7990788c9c1b52e515c700e92047558042804e51fb1,FTNT,True,1,True,,False,XNAS,USD,False,False,False,,,0,,FTNT,2022-11-28,2026-10-01,964,1442,479,0,479,0,2023-09-29,211,0,0,42,0,0,479,False,True,False,Information Technology,True,https://raw.githubusercontent.com/datasets/s-and-p-500-companies/master/data/constituents.csv,73f38f1d54f2003e9f4a87904befd0d21db8972534adb69a2b8810ba752ea8b6,XNYS,False,False,0,0,False,0,0,0,False,0,,UNVERIFIED; preserve source share class,listing;ohlcv;adjustment;corporate_actions;calendar_timezone,"verify prior-public listing intervals and security representation; validate source clocks/calendars; reconcile split-only OHLC, total-return vintages, dividends/payment dates and merger/delisting ledger; recover seed/warm-up and missing sessions; disclose current-GICS approximation and assess sensitivity; USD identity FX only","[{""symbol"":""FTNT"",""file"":""backtests/staged/wf3_prices.json.gz"",""sha256"":""6ab928b5ab5a1226dfecbccd9b50e444766aba9c00f6ce4f372801cbaaab2793"",""observations"":964,""first"":""2022-11-28"",""last"":""2026-10-01""}]",False,False,False,False,True,False,True,True
isin:US34959J1088,Fortive Corp,US34959J1088,34959J108,,US,PARTIALLY_READY,PARTIALLY_READY,2023-10;2023-11;2023-12;2024-01;2024-02;2024-03;2024-04;2024-05;2024-06;2024-07;2024-08;2024-09;2024-10;2024-11;2024-12;2025-01;2025-02;2025-03;2025-04;2025-05;2025-06;2025-07;2025-08;2025-09;2025-10;2025-11;2025-12;2026-01;2026-02;2026-03;2026-04;2026-05;2026-06;2026-07;2026-08;2026-09,2023-10,2026-09,2b660030dbf1b6abe7c2e7990788c9c1b52e515c700e92047558042804e51fb1,FTV,True,1,True,,False,XNYS,USD,False,False,False,,,0,,FTV,2022-11-28,2026-10-01,964,1442,479,0,479,0,2023-09-29,211,0,0,42,0,0,479,False,True,False,Industrials,True,https://raw.githubusercontent.com/datasets/s-and-p-500-companies/master/data/constituents.csv,856bdf51d015aa306a22eadb9177f25a617807c464d4b1bef6643727340acb5b,XNYS,False,False,1,16,False,0,0,0,False,0,,UNVERIFIED; preserve source share class,listing;ohlcv;adjustment;corporate_actions;calendar_timezone,"verify prior-public listing intervals and security representation; validate source clocks/calendars; reconcile split-only OHLC, total-return vintages, dividends/payment dates and merger/delisting ledger; recover seed/warm-up and missing sessions; disclose current-GICS approximation and assess sensitivity; USD identity FX only","[{""symbol"":""FTV"",""file"":""backtests/staged/wf3_prices.json.gz"",""sha256"":""6ab928b5ab5a1226dfecbccd9b50e444766aba9c00f6ce4f372801cbaaab2793"",""observations"":964,""first"":""2022-11-28"",""last"":""2026-10-01""}]",False,False,False,False,True,False,True,True
isin:US35137L1052,Fox Corp,US35137L1052,35137L105,,US,PARTIALLY_READY,PARTIALLY_READY,2023-10;2023-11;2023-12;2024-01;2024-02;2024-03;2024-04;2024-05;2024-06;2024-07;2024-08;2024-09;2024-10;2024-11;2024-12;2025-01;2025-02;2025-03;2025-04;2025-05;2025-06;2025-07;2025-08;2025-09;2025-10;2025-11;2025-12;2026-01;2026-02;2026-03;2026-04;2026-05;2026-06;2026-07;2026-08;2026-09,2023-10,2026-09,2b660030dbf1b6abe7c2e7990788c9c1b52e515c700e92047558042804e51fb1,FOXA,True,1,True,,False,XNAS,USD,False,False,False,,,0,,FOXA,2022-11-28,2026-10-01,964,1442,479,0,479,0,2023-09-29,211,0,0,42,0,0,479,False,True,False,Communication Services,True,https://raw.githubusercontent.com/datasets/s-and-p-500-companies/master/data/constituents.csv,df3e270ef1ed57bfe2d55c8ada0c53a341fe7062d0e5b12990bb04b192438298,XNYS,False,False,0,8,False,0,0,0,False,0,,UNVERIFIED; preserve source share class,listing;ohlcv;adjustment;corporate_actions;calendar_timezone,"verify prior-public listing intervals and security representation; validate source clocks/calendars; reconcile split-only OHLC, total-return vintages, dividends/payment dates and merger/delisting ledger; recover seed/warm-up and missing sessions; disclose current-GICS approximation and assess sensitivity; USD identity FX only","[{""symbol"":""FOXA"",""file"":""backtests/staged/wf3_prices.json.gz"",""sha256"":""6ab928b5ab5a1226dfecbccd9b50e444766aba9c00f6ce4f372801cbaaab2793"",""observations"":964,""first"":""2022-11-28"",""last"":""2026-10-01""}]",False,False,False,False,True,False,True,True
isin:US3546131018,Franklin Resources Inc,US3546131018,354613101,,US,PARTIALLY_READY,PARTIALLY_READY,2023-10;2023-11;2023-12;2024-01;2024-02;2024-03;2024-04;2024-05;2024-06;2024-07;2024-08;2024-09;2024-10;2024-11;2024-12;2025-01;2025-02;2025-03;2025-04;2025-05;2025-06;2025-07;2025-08;2025-09;2025-10;2025-11;2025-12;2026-01;2026-02;2026-03;2026-04;2026-05;2026-06;2026-07;2026-08;2026-09,2023-10,2026-09,2b660030dbf1b6abe7c2e7990788c9c1b52e515c700e92047558042804e51fb1,BEN,True,1,True,,False,XNYS,USD,False,False,False,,,0,,BEN,2022-11-28,2026-10-01,964,1442,479,0,479,0,2023-09-29,211,0,0,42,0,0,479,False,True,False,Financials,True,https://raw.githubusercontent.com/datasets/s-and-p-500-companies/master/data/constituents.csv,f965b721951602272a8b20e59649685e117027138c64e423a706604f1a514ea4,XNYS,False,False,0,16,False,0,0,0,False,0,,UNVERIFIED; preserve source share class,listing;ohlcv;adjustment;corporate_actions;calendar_timezone,"verify prior-public listing intervals and security representation; validate source clocks/calendars; reconcile split-only OHLC, total-return vintages, dividends/payment dates and merger/delisting ledger; recover seed/warm-up and missing sessions; disclose current-GICS approximation and assess sensitivity; USD identity FX only","[{""symbol"":""BEN"",""file"":""backtests/staged/wf3_prices.json.gz"",""sha256"":""6ab928b5ab5a1226dfecbccd9b50e444766aba9c00f6ce4f372801cbaaab2793"",""observations"":964,""first"":""2022-11-28"",""last"":""2026-10-01""}]",False,False,False,False,True,False,True,True
isin:US35671D8570,Freeport-McMoRan Inc,US35671D8570,35671D857,,US,PARTIALLY_READY,PARTIALLY_READY,2023-10;2023-11;2023-12;2024-01;2024-02;2024-03;2024-04;2024-05;2024-06;2024-07;2024-08;2024-09;2024-10;2024-11;2024-12;2025-01;2025-02;2025-03;2025-04;2025-05;2025-06;2025-07;2025-08;2025-09;2025-10;2025-11;2025-12;2026-01;2026-02;2026-03;2026-04;2026-05;2026-06;2026-07;2026-08;2026-09,2023-10,2026-09,2b660030dbf1b6abe7c2e7990788c9c1b52e515c700e92047558042804e51fb1,FCX,True,1,True,,False,XNYS,USD,False,False,False,,,0,,FCX,2022-11-28,2026-10-01,964,1442,479,0,479,0,2023-09-29,211,0,0,42,0,0,479,False,True,False,Materials,True,https://raw.githubusercontent.com/datasets/s-and-p-500-companies/master/data/constituents.csv,45335495575c7a73cc8e46034b00e41b5863b5b760e884ce59a15666aae1e6c5,XNYS,False,False,0,15,False,0,0,0,False,0,,UNVERIFIED; preserve source share class,listing;ohlcv;adjustment;corporate_actions;calendar_timezone,"verify prior-public listing intervals and security representation; validate source clocks/calendars; reconcile split-only OHLC, total-return vintages, dividends/payment dates and merger/delisting ledger; recover seed/warm-up and missing sessions; disclose current-GICS approximation and assess sensitivity; USD identity FX only","[{""symbol"":""FCX"",""file"":""backtests/staged/wf3_prices.json.gz"",""sha256"":""6ab928b5ab5a1226dfecbccd9b50e444766aba9c00f6ce4f372801cbaaab2793"",""observations"":964,""first"":""2022-11-28"",""last"":""2026-10-01""}]",False,False,False,False,True,False,True,True
isin:US36266G1076,GE HealthCare Technologies Inc,US36266G1076,36266G107,,US,PARTIALLY_READY,PARTIALLY_READY,2023-10;2023-11;2023-12;2024-01;2024-02;2024-03;2024-04;2024-05;2024-06;2024-07;2024-08;2024-09;2024-10;2024-11;2024-12;2025-01;2025-02;2025-03;2025-04;2025-05;2025-06;2025-07;2025-08;2025-09;2025-10;2025-11;2025-12;2026-01;2026-02;2026-03;2026-04;2026-05;2026-06;2026-07;2026-08;2026-09,2023-10,2026-09,2b660030dbf1b6abe7c2e7990788c9c1b52e515c700e92047558042804e51fb1,GEHC,True,1,True,,False,XNAS,USD,False,False,False,,,0,,GEHC,2022-12-15,2026-10-01,951,1442,492,0,492,0,2023-09-29,198,0,0,55,2,0,492,False,True,False,Health Care,True,https://raw.githubusercontent.com/datasets/s-and-p-500-companies/master/data/constituents.csv,34b29790f8c9f250f99927c6a1fbc33bdbc2f2e85d5696635e8c88eca9317936,XNYS,False,False,0,14,False,0,0,0,False,0,,UNVERIFIED; preserve source share class,listing;ohlcv;adjustment;corporate_actions;calendar_timezone,"verify prior-public listing intervals and security representation; validate source clocks/calendars; reconcile split-only OHLC, total-return vintages, dividends/payment dates and merger/delisting ledger; recover seed/warm-up and missing sessions; disclose current-GICS approximation and assess sensitivity; USD identity FX only","[{""symbol"":""GEHC"",""file"":""backtests/staged/wf3_prices.json.gz"",""sha256"":""6ab928b5ab5a1226dfecbccd9b50e444766aba9c00f6ce4f372801cbaaab2793"",""observations"":951,""first"":""2022-12-15"",""last"":""2026-10-01""}]",False,False,False,False,True,False,True,True
isin:US3635761097,Arthur J Gallagher & Co,US3635761097,363576109,,US,PARTIALLY_READY,PARTIALLY_READY,2025-05;2025-06;2025-07;2025-08;2025-09;2025-10;2025-11;2025-12;2026-01;2026-02;2026-03;2026-04;2026-05;2026-06;2026-07;2026-08;2026-09,2025-05,2026-09,2b660030dbf1b6abe7c2e7990788c9c1b52e515c700e92047558042804e51fb1,AJG,True,1,True,,False,XNYS,USD,False,False,False,,,0,,AJG,2022-11-28,2026-10-01,964,1442,479,0,479,0,2025-05-30,628,0,0,0,0,0,479,False,True,False,Financials,True,https://raw.githubusercontent.com/datasets/s-and-p-500-companies/master/data/constituents.csv,5b7cf05cb81085f1d334f918886005de59b1034e6c1d14a52f9d594324882259,XNYS,False,False,0,16,False,0,0,0,False,0,,UNVERIFIED; preserve source share class,listing;ohlcv;adjustment;corporate_actions;calendar_timezone,"verify prior-public listing intervals and security representation; validate source clocks/calendars; reconcile split-only OHLC, total-return vintages, dividends/payment dates and merger/delisting ledger; recover seed/warm-up and missing sessions; disclose current-GICS approximation and assess sensitivity; USD identity FX only","[{""symbol"":""AJG"",""file"":""backtests/staged/wf3_prices.json.gz"",""sha256"":""6ab928b5ab5a1226dfecbccd9b50e444766aba9c00f6ce4f372801cbaaab2793"",""observations"":964,""first"":""2022-11-28"",""last"":""2026-10-01""}]",False,False,False,False,True,False,True,True
isin:US36828A1016,GE Vernova Inc,US36828A1016,36828A101,,US,PARTIALLY_READY,PARTIALLY_READY,2024-08;2024-09;2024-10;2024-11;2024-12;2025-01;2025-02;2025-03;2025-04;2025-05;2025-06;2025-07;2025-08;2025-09;2025-10;2025-11;2025-12;2026-01;2026-02;2026-03;2026-04;2026-05;2026-06;2026-07;2026-08;2026-09,2024-08,2026-09,2b660030dbf1b6abe7c2e7990788c9c1b52e515c700e92047558042804e51fb1,GEV,True,1,True,,False,XNYS,USD,False,False,False,,,0,,GEV,2024-03-27,2026-10-01,631,1442,812,0,812,0,2024-08-30,109,0,18,144,91,0,812,False,True,False,Industrials,True,https://raw.githubusercontent.com/datasets/s-and-p-500-companies/master/data/constituents.csv,a8ca2ccd1caa6715123900a3097633e05fcdcef9981baa794fdda517ab6462d2,XNYS,False,False,0,7,False,0,0,0,False,0,,UNVERIFIED; preserve source share class,listing;ohlcv;adjustment;corporate_actions;calendar_timezone,"verify prior-public listing intervals and security representation; validate source clocks/calendars; reconcile split-only OHLC, total-return vintages, dividends/payment dates and merger/delisting ledger; recover seed/warm-up and missing sessions; disclose current-GICS approximation and assess sensitivity; USD identity FX only","[{""symbol"":""GEV"",""file"":""backtests/staged/wf3_prices.json.gz"",""sha256"":""6ab928b5ab5a1226dfecbccd9b50e444766aba9c00f6ce4f372801cbaaab2793"",""observations"":631,""first"":""2024-03-27"",""last"":""2026-10-01""}]",False,False,False,False,True,False,True,True
isin:US3687361044,Generac Holdings Inc,US3687361044,368736104,,US,PARTIALLY_READY,PARTIALLY_READY,2023-10;2023-11;2023-12;2024-01;2024-02;2024-03;2024-04;2024-05;2024-06;2024-07;2024-08;2024-09;2024-10;2024-11;2024-12;2025-01;2025-02;2025-03;2025-04;2025-05;2025-06;2025-07;2025-08;2025-09;2025-10;2025-11;2025-12;2026-01;2026-02;2026-03;2026-04;2026-05;2026-06;2026-07;2026-08;2026-09,2023-10,2026-09,2b660030dbf1b6abe7c2e7990788c9c1b52e515c700e92047558042804e51fb1,GNRC,True,1,True,,False,XNYS,USD,False,False,False,,,0,,GNRC,2022-11-28,2026-10-01,964,1442,479,0,479,0,2023-09-29,211,0,0,42,0,0,479,False,True,False,Industrials,True,https://raw.githubusercontent.com/datasets/s-and-p-500-companies/master/data/constituents.csv,735468fcbd4ea6688e2872aec87cf9095b97b2c56386aecfe3d3665875abc0c0,XNYS,False,False,0,0,False,0,0,0,False,0,,UNVERIFIED; preserve source share class,listing;ohlcv;adjustment;corporate_actions;calendar_timezone,"verify prior-public listing intervals and security representation; validate source clocks/calendars; reconcile split-only OHLC, total-return vintages, dividends/payment dates and merger/delisting ledger; recover seed/warm-up and missing sessions; disclose current-GICS approximation and assess sensitivity; USD identity FX only","[{""symbol"":""GNRC"",""file"":""backtests/staged/wf3_prices.json.gz"",""sha256"":""6ab928b5ab5a1226dfecbccd9b50e444766aba9c00f6ce4f372801cbaaab2793"",""observations"":964,""first"":""2022-11-28"",""last"":""2026-10-01""}]",False,False,False,False,True,False,True,True
isin:US3695501086,General Dynamics Corp,US3695501086,369550108,,US,PARTIALLY_READY,PARTIALLY_READY,2023-10;2023-11;2023-12;2024-01;2024-02;2024-03;2024-04;2024-05;2024-06;2024-07;2024-08;2024-09;2024-10;2024-11;2024-12;2025-01;2025-02;2025-03;2025-04;2025-05;2025-06;2025-07;2025-08;2025-09;2025-10;2025-11;2025-12;2026-01;2026-02;2026-03;2026-04;2026-05;2026-06;2026-07;2026-08;2026-09,2023-10,2026-09,2b660030dbf1b6abe7c2e7990788c9c1b52e515c700e92047558042804e51fb1,GD,True,1,True,,False,XNYS,USD,False,False,False,,,0,,GD,2022-11-28,2026-10-01,964,1442,479,0,479,0,2023-09-29,211,0,0,42,0,0,479,False,True,False,Industrials,True,https://raw.githubusercontent.com/datasets/s-and-p-500-companies/master/data/constituents.csv,1b584177643c7e74f6809cbaf7012b8d2af718e666e02e5032516de85017a011,XNYS,False,False,0,15,False,0,0,0,False,0,,UNVERIFIED; preserve source share class,listing;ohlcv;adjustment;corporate_actions;calendar_timezone,"verify prior-public listing intervals and security representation; validate source clocks/calendars; reconcile split-only OHLC, total-return vintages, dividends/payment dates and merger/delisting ledger; recover seed/warm-up and missing sessions; disclose current-GICS approximation and assess sensitivity; USD identity FX only","[{""symbol"":""GD"",""file"":""backtests/staged/wf3_prices.json.gz"",""sha256"":""6ab928b5ab5a1226dfecbccd9b50e444766aba9c00f6ce4f372801cbaaab2793"",""observations"":964,""first"":""2022-11-28"",""last"":""2026-10-01""}]",False,False,False,False,True,False,True,True
isin:US3696043013,General Electric Co,US3696043013,369604301,,US,PARTIALLY_READY,PARTIALLY_READY,2023-10;2023-11;2023-12;2024-01;2024-02;2024-03;2024-04;2024-05;2024-06;2024-07;2024-08;2024-09;2024-10;2024-11;2024-12;2025-01;2025-02;2025-03;2025-04;2025-05;2025-06;2025-07;2025-08;2025-09;2025-10;2025-11;2025-12;2026-01;2026-02;2026-03;2026-04;2026-05;2026-06;2026-07;2026-08;2026-09,2023-10,2026-09,2b660030dbf1b6abe7c2e7990788c9c1b52e515c700e92047558042804e51fb1,GE,True,1,True,,False,XNYS,USD,False,False,False,,,0,,GE,2022-11-28,2026-10-01,964,1442,479,0,479,0,2023-09-29,211,0,0,42,0,0,479,False,True,False,Industrials,True,https://raw.githubusercontent.com/datasets/s-and-p-500-companies/master/data/constituents.csv,d1e672dc2bc95afa01964c8f0b1c790d97e51bea65aafd6dc3b7270944a9b281,XNYS,False,False,2,15,False,0,0,0,False,0,,UNVERIFIED; preserve source share class,listing;ohlcv;adjustment;corporate_actions;calendar_timezone,"verify prior-public listing intervals and security representation; validate source clocks/calendars; reconcile split-only OHLC, total-return vintages, dividends/payment dates and merger/delisting ledger; recover seed/warm-up and missing sessions; disclose current-GICS approximation and assess sensitivity; USD identity FX only","[{""symbol"":""GE"",""file"":""backtests/staged/wf3_prices.json.gz"",""sha256"":""6ab928b5ab5a1226dfecbccd9b50e444766aba9c00f6ce4f372801cbaaab2793"",""observations"":964,""first"":""2022-11-28"",""last"":""2026-10-01""}]",False,False,False,False,True,False,True,True
isin:US3703341046,General Mills Inc,US3703341046,370334104,,US,PARTIALLY_READY,PARTIALLY_READY,2023-10;2023-11;2023-12;2024-01;2024-02;2024-03;2024-04;2024-05;2024-06;2024-07;2024-08;2024-09;2024-10;2024-11;2024-12;2025-01;2025-02;2025-03;2025-04;2025-05;2025-06;2025-07;2025-08;2025-09;2025-10;2025-11;2025-12;2026-01;2026-02;2026-03;2026-04;2026-05;2026-06;2026-07;2026-08;2026-09,2023-10,2026-09,2b660030dbf1b6abe7c2e7990788c9c1b52e515c700e92047558042804e51fb1,GIS,True,1,True,,False,XNYS,USD,False,False,False,,,0,,GIS,2022-11-28,2026-10-01,964,1442,479,0,479,0,2023-09-29,211,0,0,42,0,0,479,False,True,False,Consumer Staples,True,https://raw.githubusercontent.com/datasets/s-and-p-500-companies/master/data/constituents.csv,52320ea9f65e6c3f2a621057344fc42a20243a172a330215118b6301e271bf63,XNYS,False,False,0,15,False,0,0,0,False,0,,UNVERIFIED; preserve source share class,listing;ohlcv;adjustment;corporate_actions;calendar_timezone,"verify prior-public listing intervals and security representation; validate source clocks/calendars; reconcile split-only OHLC, total-return vintages, dividends/payment dates and merger/delisting ledger; recover seed/warm-up and missing sessions; disclose current-GICS approximation and assess sensitivity; USD identity FX only","[{""symbol"":""GIS"",""file"":""backtests/staged/wf3_prices.json.gz"",""sha256"":""6ab928b5ab5a1226dfecbccd9b50e444766aba9c00f6ce4f372801cbaaab2793"",""observations"":964,""first"":""2022-11-28"",""last"":""2026-10-01""}]",False,False,False,False,True,False,True,True
isin:US37045V1008,General Motors Co,US37045V1008,37045V100,,US,PARTIALLY_READY,PARTIALLY_READY,2023-10;2023-11;2023-12;2024-01;2024-02;2024-03;2024-04;2024-05;2024-06;2024-07;2024-08;2024-09;2024-10;2024-11;2024-12;2025-01;2025-02;2025-03;2025-04;2025-05;2025-06;2025-07;2025-08;2025-09;2025-10;2025-11;2025-12;2026-01;2026-02;2026-03;2026-04;2026-05;2026-06;2026-07;2026-08;2026-09,2023-10,2026-09,2b660030dbf1b6abe7c2e7990788c9c1b52e515c700e92047558042804e51fb1,GM,True,1,True,,False,XNYS,USD,False,False,False,,,0,,GM,2022-11-28,2026-10-01,964,1442,479,0,479,0,2023-09-29,211,0,0,42,0,0,479,False,True,False,Consumer Discretionary,True,https://raw.githubusercontent.com/datasets/s-and-p-500-companies/master/data/constituents.csv,a87f98e18b97e55152c5b33dd7d55503e8db931411bb6bc7b31d89235bd548c3,XNYS,False,False,0,16,False,0,0,0,False,0,,UNVERIFIED; preserve source share class,listing;ohlcv;adjustment;corporate_actions;calendar_timezone,"verify prior-public listing intervals and security representation; validate source clocks/calendars; reconcile split-only OHLC, total-return vintages, dividends/payment dates and merger/delisting ledger; recover seed/warm-up and missing sessions; disclose current-GICS approximation and assess sensitivity; USD identity FX only","[{""symbol"":""GM"",""file"":""backtests/staged/wf3_prices.json.gz"",""sha256"":""6ab928b5ab5a1226dfecbccd9b50e444766aba9c00f6ce4f372801cbaaab2793"",""observations"":964,""first"":""2022-11-28"",""last"":""2026-10-01""}]",False,False,False,False,True,False,True,True
isin:US3755581036,Gilead Sciences Inc,US3755581036,375558103,,US,PARTIALLY_READY,PARTIALLY_READY,2023-10;2023-11;2023-12;2024-01;2024-02;2024-03;2024-04;2024-05;2024-06;2024-07;2024-08;2024-09;2024-10;2024-11;2024-12;2025-01;2025-02;2025-03;2025-04;2025-05;2025-06;2025-07;2025-08;2025-09;2025-10;2025-11;2025-12;2026-01;2026-02;2026-03;2026-04;2026-05;2026-06;2026-07;2026-08;2026-09,2023-10,2026-09,2b660030dbf1b6abe7c2e7990788c9c1b52e515c700e92047558042804e51fb1,GILD,True,1,True,,False,XNAS,USD,False,False,False,,,0,,GILD,2022-11-28,2026-10-01,964,1442,479,0,479,0,2023-09-29,211,0,0,42,0,0,479,False,True,False,Health Care,True,https://raw.githubusercontent.com/datasets/s-and-p-500-companies/master/data/constituents.csv,7a5c1f1798ce363a55f5306096efb3be039aaf6bf5afefd140710008c8bf68f8,XNYS,False,False,0,16,False,0,0,0,False,0,,UNVERIFIED; preserve source share class,listing;ohlcv;adjustment;corporate_actions;calendar_timezone,"verify prior-public listing intervals and security representation; validate source clocks/calendars; reconcile split-only OHLC, total-return vintages, dividends/payment dates and merger/delisting ledger; recover seed/warm-up and missing sessions; disclose current-GICS approximation and assess sensitivity; USD identity FX only","[{""symbol"":""GILD"",""file"":""backtests/staged/wf3_prices.json.gz"",""sha256"":""6ab928b5ab5a1226dfecbccd9b50e444766aba9c00f6ce4f372801cbaaab2793"",""observations"":964,""first"":""2022-11-28"",""last"":""2026-10-01""}]",False,False,False,False,True,False,True,True
isin:US37940X1028,Global Payments Inc,US37940X1028,37940X102,,US,PARTIALLY_READY,PARTIALLY_READY,2023-10;2023-11;2023-12;2024-01;2024-02;2024-03;2024-04;2024-05;2024-06;2024-07;2024-08;2024-09;2024-10;2024-11;2024-12;2025-01;2025-02;2025-03;2025-04;2025-05;2025-06;2025-07;2025-08;2025-09;2025-10;2025-11;2025-12;2026-01;2026-02;2026-03;2026-04;2026-05;2026-06;2026-07;2026-08;2026-09,2023-10,2026-09,2b660030dbf1b6abe7c2e7990788c9c1b52e515c700e92047558042804e51fb1,GPN,True,1,True,,False,XNYS,USD,False,False,False,,,0,,GPN,2022-11-28,2026-10-01,964,1442,479,0,479,0,2023-09-29,211,0,0,42,0,0,479,False,True,False,Financials,True,https://raw.githubusercontent.com/datasets/s-and-p-500-companies/master/data/constituents.csv,43949e0143cfbe3f957377d611e88c9259525747dbdbcaa55a59b43173fb022c,XNYS,False,False,0,16,False,0,0,0,False,0,,UNVERIFIED; preserve source share class,listing;ohlcv;adjustment;corporate_actions;calendar_timezone,"verify prior-public listing intervals and security representation; validate source clocks/calendars; reconcile split-only OHLC, total-return vintages, dividends/payment dates and merger/delisting ledger; recover seed/warm-up and missing sessions; disclose current-GICS approximation and assess sensitivity; USD identity FX only","[{""symbol"":""GPN"",""file"":""backtests/staged/wf3_prices.json.gz"",""sha256"":""6ab928b5ab5a1226dfecbccd9b50e444766aba9c00f6ce4f372801cbaaab2793"",""observations"":964,""first"":""2022-11-28"",""last"":""2026-10-01""}]",False,False,False,False,True,False,True,True
isin:US38141G1040,Goldman Sachs Group Inc/The,US38141G1040,38141G104,,US,PARTIALLY_READY,PARTIALLY_READY,2023-10;2023-11;2023-12;2024-01;2024-02;2024-03;2024-04;2024-05;2024-06;2024-07;2024-08;2024-09;2024-10;2024-11;2024-12;2025-01;2025-02;2025-03;2025-04;2025-05;2025-06;2025-07;2025-08;2025-09;2025-10;2025-11;2025-12;2026-01;2026-02;2026-03;2026-04;2026-05;2026-06;2026-07;2026-08;2026-09,2023-10,2026-09,2b660030dbf1b6abe7c2e7990788c9c1b52e515c700e92047558042804e51fb1,GS,True,1,True,,False,XNYS,USD,False,False,False,,,0,,GS,2022-11-28,2026-10-01,964,1442,479,0,479,0,2023-09-29,211,0,0,42,0,0,479,False,True,False,Financials,True,https://raw.githubusercontent.com/datasets/s-and-p-500-companies/master/data/constituents.csv,fcc64601b01775676d6e540bd89ee2e6e47cb4c7bd951d5a15396f9b7ee88ce5,XNYS,False,False,0,16,False,0,0,0,False,0,,UNVERIFIED; preserve source share class,listing;ohlcv;adjustment;corporate_actions;calendar_timezone,"verify prior-public listing intervals and security representation; validate source clocks/calendars; reconcile split-only OHLC, total-return vintages, dividends/payment dates and merger/delisting ledger; recover seed/warm-up and missing sessions; disclose current-GICS approximation and assess sensitivity; USD identity FX only","[{""symbol"":""GS"",""file"":""backtests/staged/wf3_prices.json.gz"",""sha256"":""6ab928b5ab5a1226dfecbccd9b50e444766aba9c00f6ce4f372801cbaaab2793"",""observations"":964,""first"":""2022-11-28"",""last"":""2026-10-01""}]",False,False,False,False,True,False,True,True
isin:US40412C1018,HCA Healthcare Inc,US40412C1018,40412C101,,US,PARTIALLY_READY,PARTIALLY_READY,2023-10;2023-11;2023-12;2024-01;2024-02;2024-03;2024-04;2024-05;2024-06;2024-07;2024-08;2024-09;2024-10;2024-11;2024-12;2025-01;2025-02;2025-03;2025-04;2025-05;2025-06;2025-07;2025-08;2025-09;2025-10;2025-11;2025-12;2026-01;2026-02;2026-03;2026-04;2026-05;2026-06;2026-07;2026-08;2026-09,2023-10,2026-09,2b660030dbf1b6abe7c2e7990788c9c1b52e515c700e92047558042804e51fb1,HCA,True,1,True,,False,XNYS,USD,False,False,False,,,0,,HCA,2022-11-28,2026-10-01,964,1442,479,0,479,0,2023-09-29,211,0,0,42,0,0,479,False,True,False,Health Care,True,https://raw.githubusercontent.com/datasets/s-and-p-500-companies/master/data/constituents.csv,9999146ec7e5b1d5a92b96361bfe9fa384019e2df8ee2b09d05985f220b4c41a,XNYS,False,False,0,16,False,0,0,0,False,0,,UNVERIFIED; preserve source share class,listing;ohlcv;adjustment;corporate_actions;calendar_timezone,"verify prior-public listing intervals and security representation; validate source clocks/calendars; reconcile split-only OHLC, total-return vintages, dividends/payment dates and merger/delisting ledger; recover seed/warm-up and missing sessions; disclose current-GICS approximation and assess sensitivity; USD identity FX only","[{""symbol"":""HCA"",""file"":""backtests/staged/wf3_prices.json.gz"",""sha256"":""6ab928b5ab5a1226dfecbccd9b50e444766aba9c00f6ce4f372801cbaaab2793"",""observations"":964,""first"":""2022-11-28"",""last"":""2026-10-01""}]",False,False,False,False,True,False,True,True
isin:US40434L1052,HP Inc,US40434L1052,40434L105,,US,PARTIALLY_READY,PARTIALLY_READY,2023-10;2023-11;2023-12;2024-01;2024-02;2024-03;2024-04;2024-05;2024-06;2024-07;2024-08;2024-09;2024-10;2024-11;2024-12;2025-01;2025-02;2025-03;2025-04;2025-05;2025-06;2025-07;2025-08;2025-09;2025-10;2025-11;2025-12;2026-01;2026-02;2026-03;2026-04;2026-05;2026-06;2026-07;2026-08;2026-09,2023-10,2026-09,2b660030dbf1b6abe7c2e7990788c9c1b52e515c700e92047558042804e51fb1,HPQ,True,1,True,,False,XNYS,USD,False,False,False,,,0,,HPQ,2022-11-28,2026-10-01,964,1442,479,0,479,0,2023-09-29,211,0,0,42,0,0,479,False,True,False,Information Technology,True,https://raw.githubusercontent.com/datasets/s-and-p-500-companies/master/data/constituents.csv,0c02d76a27c8da87da8e55f961afdca26fe8aa07adbd28609e80e07749831ed8,XNYS,False,False,0,16,False,0,0,0,False,0,,UNVERIFIED; preserve source share class,listing;ohlcv;adjustment;corporate_actions;calendar_timezone,"verify prior-public listing intervals and security representation; validate source clocks/calendars; reconcile split-only OHLC, total-return vintages, dividends/payment dates and merger/delisting ledger; recover seed/warm-up and missing sessions; disclose current-GICS approximation and assess sensitivity; USD identity FX only","[{""symbol"":""HPQ"",""file"":""backtests/staged/wf3_prices.json.gz"",""sha256"":""6ab928b5ab5a1226dfecbccd9b50e444766aba9c00f6ce4f372801cbaaab2793"",""observations"":964,""first"":""2022-11-28"",""last"":""2026-10-01""}]",False,False,False,False,True,False,True,True
isin:US4062161017,Halliburton Co,US4062161017,406216101,,US,PARTIALLY_READY,PARTIALLY_READY,2023-10;2023-11;2023-12;2024-01;2024-02;2024-03;2024-04;2024-05;2024-06;2024-07;2024-08;2024-09;2024-10;2024-11;2024-12;2025-01;2025-02;2025-03;2025-04;2025-05;2025-06;2025-07;2025-08;2025-09;2025-10;2025-11;2025-12;2026-01;2026-02;2026-03;2026-04;2026-05;2026-06;2026-07;2026-08;2026-09,2023-10,2026-09,2b660030dbf1b6abe7c2e7990788c9c1b52e515c700e92047558042804e51fb1,HAL,True,1,True,,False,XNYS,USD,False,False,False,,,0,,HAL,2022-11-28,2026-10-01,964,1442,479,0,479,0,2023-09-29,211,0,0,42,0,0,479,False,True,False,Energy,True,https://raw.githubusercontent.com/datasets/s-and-p-500-companies/master/data/constituents.csv,25e46b17f1dd9d2a43fb39c02c24910ef71762991ec21a841c274b562103c5d4,XNYS,False,False,0,16,False,0,0,0,False,0,,UNVERIFIED; preserve source share class,listing;ohlcv;adjustment;corporate_actions;calendar_timezone,"verify prior-public listing intervals and security representation; validate source clocks/calendars; reconcile split-only OHLC, total-return vintages, dividends/payment dates and merger/delisting ledger; recover seed/warm-up and missing sessions; disclose current-GICS approximation and assess sensitivity; USD identity FX only","[{""symbol"":""HAL"",""file"":""backtests/staged/wf3_prices.json.gz"",""sha256"":""6ab928b5ab5a1226dfecbccd9b50e444766aba9c00f6ce4f372801cbaaab2793"",""observations"":964,""first"":""2022-11-28"",""last"":""2026-10-01""}]",False,False,False,False,True,False,True,True
isin:US42250P1030,Healthpeak Properties Inc,US42250P1030,42250P103,,US,PARTIALLY_READY,PARTIALLY_READY,2023-10;2023-11;2023-12;2024-01;2024-02;2024-03;2024-04;2024-05;2024-06;2024-07;2024-08;2024-09;2024-10;2024-11;2024-12;2025-01;2025-02;2025-03;2025-04;2025-05;2025-06;2025-07;2025-08;2025-09;2025-10;2025-11;2025-12;2026-01;2026-02;2026-03;2026-04;2026-05;2026-06;2026-07;2026-08;2026-09,2023-10,2026-09,2b660030dbf1b6abe7c2e7990788c9c1b52e515c700e92047558042804e51fb1,DOC,True,2,True,,False,XNAS;XNYS,USD,False,False,False,,,0,,DOC,2022-11-28,2026-10-01,964,1442,479,0,479,0,2023-09-29,211,0,0,42,0,0,479,False,True,False,Real Estate,True,https://raw.githubusercontent.com/datasets/s-and-p-500-companies/master/data/constituents.csv,c2b3acca53b6b8d83682829fd26c2fb958dd0258d77a66fd69a8e582aad50f8a,XNYS,False,False,0,27,False,0,0,0,False,0,,UNVERIFIED; preserve source share class,listing;ohlcv;adjustment;corporate_actions;calendar_timezone,"verify prior-public listing intervals and security representation; validate source clocks/calendars; reconcile split-only OHLC, total-return vintages, dividends/payment dates and merger/delisting ledger; recover seed/warm-up and missing sessions; disclose current-GICS approximation and assess sensitivity; USD identity FX only","[{""symbol"":""DOC"",""file"":""backtests/staged/wf3_prices.json.gz"",""sha256"":""6ab928b5ab5a1226dfecbccd9b50e444766aba9c00f6ce4f372801cbaaab2793"",""observations"":964,""first"":""2022-11-28"",""last"":""2026-10-01""}]",False,False,False,False,True,False,True,True
isin:US4278661081,Hershey Co/The,US4278661081,427866108,,US,PARTIALLY_READY,PARTIALLY_READY,2023-10;2023-11;2023-12;2024-01;2024-02;2024-03;2024-04;2024-05;2024-06;2024-07;2024-08;2024-09;2024-10;2024-11;2024-12;2025-01;2025-02;2025-03;2025-04;2025-05;2025-06;2025-07;2025-08;2025-09;2025-10;2025-11;2025-12;2026-01;2026-02;2026-03;2026-04;2026-05;2026-06;2026-07;2026-08;2026-09,2023-10,2026-09,2b660030dbf1b6abe7c2e7990788c9c1b52e515c700e92047558042804e51fb1,HSY,True,1,True,,False,XNYS,USD,False,False,False,,,0,,HSY,2022-11-28,2026-10-01,964,1442,479,0,479,0,2023-09-29,211,0,0,42,0,0,479,False,True,False,Consumer Staples,True,https://raw.githubusercontent.com/datasets/s-and-p-500-companies/master/data/constituents.csv,97ad6959e8cd7947516ee8ca5aa29ce54ae8d4a40506d9d441f9ff52123df687,XNYS,False,False,0,15,False,0,0,0,False,0,,UNVERIFIED; preserve source share class,listing;ohlcv;adjustment;corporate_actions;calendar_timezone,"verify prior-public listing intervals and security representation; validate source clocks/calendars; reconcile split-only OHLC, total-return vintages, dividends/payment dates and merger/delisting ledger; recover seed/warm-up and missing sessions; disclose current-GICS approximation and assess sensitivity; USD identity FX only","[{""symbol"":""HSY"",""file"":""backtests/staged/wf3_prices.json.gz"",""sha256"":""6ab928b5ab5a1226dfecbccd9b50e444766aba9c00f6ce4f372801cbaaab2793"",""observations"":964,""first"":""2022-11-28"",""last"":""2026-10-01""}]",False,False,False,False,True,False,True,True
isin:US42824C1099,Hewlett Packard Enterprise Co,US42824C1099,42824C109,,US,PARTIALLY_READY,PARTIALLY_READY,2023-10;2023-11;2023-12;2024-01;2024-02;2024-03;2024-04;2024-05;2024-06;2024-07;2024-08;2024-09;2024-10;2024-11;2024-12;2025-01;2025-02;2025-03;2025-04;2025-05;2025-06;2025-07;2025-08;2025-09;2025-10;2025-11;2025-12;2026-01;2026-02;2026-03;2026-04;2026-05;2026-06;2026-07;2026-08;2026-09,2023-10,2026-09,2b660030dbf1b6abe7c2e7990788c9c1b52e515c700e92047558042804e51fb1,HPE,True,1,True,,False,XNYS,USD,False,False,False,,,0,,HPE,2022-11-28,2026-10-01,964,1442,479,0,479,0,2023-09-29,211,0,0,42,0,0,479,False,True,False,Information Technology,True,https://raw.githubusercontent.com/datasets/s-and-p-500-companies/master/data/constituents.csv,21c42117a447e85f87cc87eca64fa350d507b78af412b44f9f98905fe9810790,XNYS,False,False,0,16,False,0,0,0,False,0,,UNVERIFIED; preserve source share class,listing;ohlcv;adjustment;corporate_actions;calendar_timezone,"verify prior-public listing intervals and security representation; validate source clocks/calendars; reconcile split-only OHLC, total-return vintages, dividends/payment dates and merger/delisting ledger; recover seed/warm-up and missing sessions; disclose current-GICS approximation and assess sensitivity; USD identity FX only","[{""symbol"":""HPE"",""file"":""backtests/staged/wf3_prices.json.gz"",""sha256"":""6ab928b5ab5a1226dfecbccd9b50e444766aba9c00f6ce4f372801cbaaab2793"",""observations"":964,""first"":""2022-11-28"",""last"":""2026-10-01""}]",False,False,False,False,True,False,True,True
isin:US4370761029,Home Depot Inc/The,US4370761029,437076102,,US,PARTIALLY_READY,PARTIALLY_READY,2023-10;2023-11;2023-12;2024-01;2024-02;2024-03;2024-04;2024-05;2024-06;2024-07;2024-08;2024-09;2024-10;2024-11;2024-12;2025-01;2025-02;2025-03;2025-04;2025-05;2025-06;2025-07;2025-08;2025-09;2025-10;2025-11;2025-12;2026-01;2026-02;2026-03;2026-04;2026-05;2026-06;2026-07;2026-08;2026-09,2023-10,2026-09,2b660030dbf1b6abe7c2e7990788c9c1b52e515c700e92047558042804e51fb1,HD,True,1,True,,False,XNYS,USD,False,False,False,,,0,,HD,2022-11-28,2026-10-01,964,1442,479,0,479,0,2023-09-29,211,0,0,42,0,0,479,False,True,False,Consumer Discretionary,True,https://raw.githubusercontent.com/datasets/s-and-p-500-companies/master/data/constituents.csv,e399c4ed098c2538b37566e65ea1a69023bdb7a47d23b7cfddd9d4c89911ff20,XNYS,False,False,0,16,False,0,0,0,False,0,,UNVERIFIED; preserve source share class,listing;ohlcv;adjustment;corporate_actions;calendar_timezone,"verify prior-public listing intervals and security representation; validate source clocks/calendars; reconcile split-only OHLC, total-return vintages, dividends/payment dates and merger/delisting ledger; recover seed/warm-up and missing sessions; disclose current-GICS approximation and assess sensitivity; USD identity FX only","[{""symbol"":""HD"",""file"":""backtests/staged/wf3_prices.json.gz"",""sha256"":""6ab928b5ab5a1226dfecbccd9b50e444766aba9c00f6ce4f372801cbaaab2793"",""observations"":964,""first"":""2022-11-28"",""last"":""2026-10-01""}]",False,False,False,False,True,False,True,True
isin:US4385161066,Honeywell International Inc,US4385161066,438516106,,US,PARTIALLY_READY,PARTIALLY_READY,2023-10;2023-11;2023-12;2024-01;2024-02;2024-03;2024-04;2024-05;2024-06;2024-07;2024-08;2024-09;2024-10;2024-11;2024-12;2025-01;2025-02;2025-03;2025-04;2025-05;2025-06;2025-07;2025-08;2025-09;2025-10;2025-11;2025-12;2026-01;2026-02;2026-03;2026-04;2026-05;2026-06;2026-07,2023-10,2026-07,2b660030dbf1b6abe7c2e7990788c9c1b52e515c700e92047558042804e51fb1,HON,True,1,True,,False,XNAS,USD,False,False,False,,,0,,HON,2022-11-28,2026-10-01,964,1442,479,0,479,0,2023-09-29,211,0,0,42,0,0,479,False,True,False,Industrials,True,https://raw.githubusercontent.com/datasets/s-and-p-500-companies/master/data/constituents.csv,9e749247dd50145bd49979c14b53374d1058cfca69d5a1cea1d27d2c36a70dda,XNYS,False,False,2,15,False,0,0,0,False,0,,UNVERIFIED; preserve source share class,listing;ohlcv;adjustment;corporate_actions;calendar_timezone,"verify prior-public listing intervals and security representation; validate source clocks/calendars; reconcile split-only OHLC, total-return vintages, dividends/payment dates and merger/delisting ledger; recover seed/warm-up and missing sessions; disclose current-GICS approximation and assess sensitivity; USD identity FX only","[{""symbol"":""HON"",""file"":""backtests/staged/wf3_prices.json.gz"",""sha256"":""6ab928b5ab5a1226dfecbccd9b50e444766aba9c00f6ce4f372801cbaaab2793"",""observations"":964,""first"":""2022-11-28"",""last"":""2026-10-01""}]",False,False,False,False,True,False,True,True
isin:US44107P1049,Host Hotels & Resorts Inc,US44107P1049,44107P104,,US,PARTIALLY_READY,PARTIALLY_READY,2023-10;2023-11;2023-12;2024-01;2024-02;2024-03;2024-04;2024-05;2024-06;2024-07;2024-08;2024-09;2024-10;2024-11;2024-12;2025-01;2025-02;2025-03;2025-04;2025-05;2025-06;2025-07;2025-08;2025-09;2025-10;2025-11;2025-12;2026-01;2026-02;2026-03;2026-04;2026-05;2026-06;2026-07;2026-08;2026-09,2023-10,2026-09,2b660030dbf1b6abe7c2e7990788c9c1b52e515c700e92047558042804e51fb1,HST,True,1,True,,False,XNAS,USD,False,False,False,,,0,,HST,2022-11-28,2026-10-01,964,1442,479,0,479,0,2023-09-29,211,0,0,42,0,0,479,False,True,False,Real Estate,True,https://raw.githubusercontent.com/datasets/s-and-p-500-companies/master/data/constituents.csv,cd8f635d5e81abbca852b8ce3f0df94dbaad0af6f2f728deaa9f7aa3927bd3e1,XNYS,False,False,0,16,False,0,0,0,False,0,,UNVERIFIED; preserve source share class,listing;ohlcv;adjustment;corporate_actions;calendar_timezone,"verify prior-public listing intervals and security representation; validate source clocks/calendars; reconcile split-only OHLC, total-return vintages, dividends/payment dates and merger/delisting ledger; recover seed/warm-up and missing sessions; disclose current-GICS approximation and assess sensitivity; USD identity FX only","[{""symbol"":""HST"",""file"":""backtests/staged/wf3_prices.json.gz"",""sha256"":""6ab928b5ab5a1226dfecbccd9b50e444766aba9c00f6ce4f372801cbaaab2793"",""observations"":964,""first"":""2022-11-28"",""last"":""2026-10-01""}]",False,False,False,False,True,False,True,True
isin:US4432011082,Howmet Aerospace Inc,US4432011082,443201108,,US,PARTIALLY_READY,PARTIALLY_READY,2025-08;2025-09;2025-10;2025-11;2025-12;2026-01;2026-02;2026-03;2026-04;2026-05;2026-06;2026-07;2026-08;2026-09,2025-08,2026-09,2b660030dbf1b6abe7c2e7990788c9c1b52e515c700e92047558042804e51fb1,HWM,True,1,True,,False,XNYS,USD,False,False,False,,,0,,HWM,2022-11-28,2026-10-01,964,1442,479,0,479,0,2025-08-29,691,0,0,0,0,0,479,False,True,False,Industrials,True,https://raw.githubusercontent.com/datasets/s-and-p-500-companies/master/data/constituents.csv,9c95f8a8cf43a3e39227fd8e65354f87f9fc968d3001723ce58f6587919dbf43,XNYS,False,False,0,15,False,0,0,0,False,0,,UNVERIFIED; preserve source share class,listing;ohlcv;adjustment;corporate_actions;calendar_timezone,"verify prior-public listing intervals and security representation; validate source clocks/calendars; reconcile split-only OHLC, total-return vintages, dividends/payment dates and merger/delisting ledger; recover seed/warm-up and missing sessions; disclose current-GICS approximation and assess sensitivity; USD identity FX only","[{""symbol"":""HWM"",""file"":""backtests/staged/wf3_prices.json.gz"",""sha256"":""6ab928b5ab5a1226dfecbccd9b50e444766aba9c00f6ce4f372801cbaaab2793"",""observations"":964,""first"":""2022-11-28"",""last"":""2026-10-01""}]",False,False,False,False,True,False,True,True
isin:US4448591028,Humana Inc,US4448591028,444859102,,US,PARTIALLY_READY,PARTIALLY_READY,2025-02;2025-03;2025-04;2025-05;2025-06;2025-07;2025-08;2025-09;2025-10;2025-11;2025-12;2026-01;2026-02;2026-03;2026-04;2026-05;2026-06;2026-07;2026-08;2026-09,2025-02,2026-09,2b660030dbf1b6abe7c2e7990788c9c1b52e515c700e92047558042804e51fb1,HUM,True,1,True,,False,XNYS,USD,False,False,False,,,0,,HUM,2022-11-28,2026-10-01,964,1442,479,0,479,0,2025-02-28,565,0,0,0,0,0,479,False,True,False,Health Care,True,https://raw.githubusercontent.com/datasets/s-and-p-500-companies/master/data/constituents.csv,531218e91b2cf6a870f761eed905e0f3b60a7d205b0f14037f5264ec618772d4,XNYS,False,False,0,15,False,0,0,0,False,0,,UNVERIFIED; preserve source share class,listing;ohlcv;adjustment;corporate_actions;calendar_timezone,"verify prior-public listing intervals and security representation; validate source clocks/calendars; reconcile split-only OHLC, total-return vintages, dividends/payment dates and merger/delisting ledger; recover seed/warm-up and missing sessions; disclose current-GICS approximation and assess sensitivity; USD identity FX only","[{""symbol"":""HUM"",""file"":""backtests/staged/wf3_prices.json.gz"",""sha256"":""6ab928b5ab5a1226dfecbccd9b50e444766aba9c00f6ce4f372801cbaaab2793"",""observations"":964,""first"":""2022-11-28"",""last"":""2026-10-01""}]",False,False,False,False,True,False,True,True
isin:US45168D1046,IDEXX Laboratories Inc,US45168D1046,45168D104,,US,PARTIALLY_READY,PARTIALLY_READY,2023-10;2023-11;2023-12;2024-01;2024-02;2024-03;2024-04;2024-05;2024-06;2024-07;2024-08;2024-09;2024-10;2024-11;2024-12;2025-01;2025-02;2025-03;2025-04;2025-05;2025-06;2025-07;2025-08;2025-09;2025-10;2025-11;2025-12;2026-01;2026-02;2026-03;2026-04;2026-05;2026-06;2026-07;2026-08;2026-09,2023-10,2026-09,2b660030dbf1b6abe7c2e7990788c9c1b52e515c700e92047558042804e51fb1,IDXX,True,1,True,,False,XNAS,USD,False,False,False,,,0,,IDXX,2022-11-28,2026-10-01,964,1442,479,0,479,0,2023-09-29,211,0,0,42,0,0,479,False,True,False,Health Care,True,https://raw.githubusercontent.com/datasets/s-and-p-500-companies/master/data/constituents.csv,cac39fa1fe7f957de8a75d8fac14b22a6d8c6dc0be58f8d02ef0800305a8cccb,XNYS,False,False,0,0,False,0,0,0,False,0,,UNVERIFIED; preserve source share class,listing;ohlcv;adjustment;corporate_actions;calendar_timezone,"verify prior-public listing intervals and security representation; validate source clocks/calendars; reconcile split-only OHLC, total-return vintages, dividends/payment dates and merger/delisting ledger; recover seed/warm-up and missing sessions; disclose current-GICS approximation and assess sensitivity; USD identity FX only","[{""symbol"":""IDXX"",""file"":""backtests/staged/wf3_prices.json.gz"",""sha256"":""6ab928b5ab5a1226dfecbccd9b50e444766aba9c00f6ce4f372801cbaaab2793"",""observations"":964,""first"":""2022-11-28"",""last"":""2026-10-01""}]",False,False,False,False,True,False,True,True
isin:US4523081093,Illinois Tool Works Inc,US4523081093,452308109,,US,PARTIALLY_READY,PARTIALLY_READY,2023-10;2023-11;2023-12;2024-01;2024-02;2024-03;2024-04;2024-05;2024-06;2024-07;2024-08;2024-09;2024-10;2024-11;2024-12;2025-01;2025-02;2025-03;2025-04;2025-05;2025-06;2025-07;2025-08;2025-09;2025-10;2025-11;2025-12;2026-01;2026-02;2026-03;2026-04;2026-05;2026-06;2026-07;2026-08;2026-09,2023-10,2026-09,2b660030dbf1b6abe7c2e7990788c9c1b52e515c700e92047558042804e51fb1,ITW,True,1,True,,False,XNYS,USD,False,False,False,,,0,,ITW,2022-11-28,2026-10-01,964,1442,479,0,479,0,2023-09-29,211,0,0,42,0,0,479,False,True,False,Industrials,True,https://raw.githubusercontent.com/datasets/s-and-p-500-companies/master/data/constituents.csv,6e85169cc1908cd8b66e6ac65616dfabd982bf2c03520d60b7deed34bc9e6c4f,XNYS,False,False,0,16,False,0,0,0,False,0,,UNVERIFIED; preserve source share class,listing;ohlcv;adjustment;corporate_actions;calendar_timezone,"verify prior-public listing intervals and security representation; validate source clocks/calendars; reconcile split-only OHLC, total-return vintages, dividends/payment dates and merger/delisting ledger; recover seed/warm-up and missing sessions; disclose current-GICS approximation and assess sensitivity; USD identity FX only","[{""symbol"":""ITW"",""file"":""backtests/staged/wf3_prices.json.gz"",""sha256"":""6ab928b5ab5a1226dfecbccd9b50e444766aba9c00f6ce4f372801cbaaab2793"",""observations"":964,""first"":""2022-11-28"",""last"":""2026-10-01""}]",False,False,False,False,True,False,True,True
isin:US4523271090,Illumina Inc,US4523271090,452327109,,US,PARTIALLY_READY,PARTIALLY_READY,2023-10;2023-11;2023-12;2024-01;2024-02;2024-03;2024-04;2024-05;2024-06;2024-07;2024-08;2024-09;2024-10;2024-11;2024-12;2025-01;2025-02;2025-03;2025-04;2025-05;2025-06;2025-07;2025-08;2025-09;2025-10;2025-11;2025-12;2026-01;2026-02;2026-03;2026-04;2026-05;2026-06;2026-07;2026-08;2026-09,2023-10,2026-09,2b660030dbf1b6abe7c2e7990788c9c1b52e515c700e92047558042804e51fb1,ILMN,True,1,True,,False,XNAS,USD,False,False,False,,,0,,ILMN,2022-11-28,2026-10-01,964,1442,479,0,479,0,2023-09-29,211,0,0,42,0,0,479,False,True,False,Health Care,True,https://raw.githubusercontent.com/datasets/s-and-p-500-companies/master/data/constituents.csv,4c9d49934d3c469dcdf9b59a546df640739eede986373ad741cb250e6d3b4b55,XNYS,False,False,1,0,False,0,0,0,False,0,,UNVERIFIED; preserve source share class,listing;ohlcv;adjustment;corporate_actions;calendar_timezone,"verify prior-public listing intervals and security representation; validate source clocks/calendars; reconcile split-only OHLC, total-return vintages, dividends/payment dates and merger/delisting ledger; recover seed/warm-up and missing sessions; disclose current-GICS approximation and assess sensitivity; USD identity FX only","[{""symbol"":""ILMN"",""file"":""backtests/staged/wf3_prices.json.gz"",""sha256"":""6ab928b5ab5a1226dfecbccd9b50e444766aba9c00f6ce4f372801cbaaab2793"",""observations"":964,""first"":""2022-11-28"",""last"":""2026-10-01""}]",False,False,False,False,True,False,True,True
isin:US45687V1061,Ingersoll Rand Inc,US45687V1061,45687V106,,US,PARTIALLY_READY,PARTIALLY_READY,2023-10;2023-11;2023-12;2024-01;2024-02;2024-03;2024-04;2024-05;2024-06;2024-07;2024-08;2024-09;2024-10;2024-11;2024-12;2025-01;2025-02;2025-03;2025-04;2025-05;2025-06;2025-07;2025-08;2025-09;2025-10;2025-11;2025-12;2026-01;2026-02;2026-03;2026-04;2026-05;2026-06;2026-07;2026-08;2026-09,2023-10,2026-09,2b660030dbf1b6abe7c2e7990788c9c1b52e515c700e92047558042804e51fb1,IR,True,1,True,,False,XNYS,USD,False,False,False,,,0,,IR,2022-11-28,2026-10-01,964,1442,479,0,479,0,2023-09-29,211,0,0,42,0,0,479,False,True,False,Industrials,True,https://raw.githubusercontent.com/datasets/s-and-p-500-companies/master/data/constituents.csv,a7b13e23bfb155b5a1b0cfa2d9469d5b5fbd67259327c5d735e0fc813b31c41b,XNYS,False,False,0,15,False,0,0,0,False,0,,UNVERIFIED; preserve source share class,listing;ohlcv;adjustment;corporate_actions;calendar_timezone,"verify prior-public listing intervals and security representation; validate source clocks/calendars; reconcile split-only OHLC, total-return vintages, dividends/payment dates and merger/delisting ledger; recover seed/warm-up and missing sessions; disclose current-GICS approximation and assess sensitivity; USD identity FX only","[{""symbol"":""IR"",""file"":""backtests/staged/wf3_prices.json.gz"",""sha256"":""6ab928b5ab5a1226dfecbccd9b50e444766aba9c00f6ce4f372801cbaaab2793"",""observations"":964,""first"":""2022-11-28"",""last"":""2026-10-01""}]",False,False,False,False,True,False,True,True
isin:US45784P1012,Insulet Corp,US45784P1012,45784P101,,US,PARTIALLY_READY,PARTIALLY_READY,2023-10;2023-11;2023-12;2024-01;2024-02;2024-03;2024-04;2024-05;2024-06;2024-07;2024-08;2024-09;2024-10;2024-11;2024-12;2025-01;2025-02;2025-03;2025-04;2025-05;2025-06;2025-07;2025-08;2025-09;2025-10;2025-11;2025-12;2026-01;2026-02;2026-03;2026-04;2026-05;2026-06;2026-07;2026-08;2026-09,2023-10,2026-09,2b660030dbf1b6abe7c2e7990788c9c1b52e515c700e92047558042804e51fb1,PODD,True,1,True,,False,XNAS,USD,False,False,False,,,0,,PODD,2022-11-28,2026-10-01,964,1442,479,0,479,0,2023-09-29,211,0,0,42,0,0,479,False,True,False,Health Care,True,https://raw.githubusercontent.com/datasets/s-and-p-500-companies/master/data/constituents.csv,a2a0fbf3c101fa4435ec75e55950eef21de5b6fabf50f71d31368501177d42ce,XNYS,False,False,0,0,False,0,0,0,False,0,,UNVERIFIED; preserve source share class,listing;ohlcv;adjustment;corporate_actions;calendar_timezone,"verify prior-public listing intervals and security representation; validate source clocks/calendars; reconcile split-only OHLC, total-return vintages, dividends/payment dates and merger/delisting ledger; recover seed/warm-up and missing sessions; disclose current-GICS approximation and assess sensitivity; USD identity FX only","[{""symbol"":""PODD"",""file"":""backtests/staged/wf3_prices.json.gz"",""sha256"":""6ab928b5ab5a1226dfecbccd9b50e444766aba9c00f6ce4f372801cbaaab2793"",""observations"":964,""first"":""2022-11-28"",""last"":""2026-10-01""}]",False,False,False,False,True,False,True,True
isin:US4581401001,Intel Corp,US4581401001,458140100,,US,PARTIALLY_READY,PARTIALLY_READY,2023-10;2023-11;2023-12;2024-01;2024-02;2024-03;2024-04;2024-05;2024-06;2024-07;2024-08;2024-09;2024-10;2024-11;2024-12;2025-01;2025-02;2025-03;2025-04;2025-05;2025-06;2025-07;2025-08;2025-09;2025-10;2025-11;2025-12;2026-01;2026-02;2026-03;2026-04;2026-05;2026-06;2026-07;2026-08;2026-09,2023-10,2026-09,2b660030dbf1b6abe7c2e7990788c9c1b52e515c700e92047558042804e51fb1,INTC,True,1,True,,False,XNAS,USD,False,False,False,,,0,,INTC,2022-11-28,2026-10-01,964,1442,479,0,479,0,2023-09-29,211,0,0,42,0,0,479,False,True,False,Information Technology,True,https://raw.githubusercontent.com/datasets/s-and-p-500-companies/master/data/constituents.csv,4f9d86c29c41975addd16e7d87d8aead939fd6bffc661a60aeac9429a66faf20,XNYS,False,False,0,7,False,0,0,0,False,0,,UNVERIFIED; preserve source share class,listing;ohlcv;adjustment;corporate_actions;calendar_timezone,"verify prior-public listing intervals and security representation; validate source clocks/calendars; reconcile split-only OHLC, total-return vintages, dividends/payment dates and merger/delisting ledger; recover seed/warm-up and missing sessions; disclose current-GICS approximation and assess sensitivity; USD identity FX only","[{""symbol"":""INTC"",""file"":""backtests/staged/wf3_prices.json.gz"",""sha256"":""6ab928b5ab5a1226dfecbccd9b50e444766aba9c00f6ce4f372801cbaaab2793"",""observations"":964,""first"":""2022-11-28"",""last"":""2026-10-01""}]",False,False,False,False,True,False,True,True
isin:US45866F1049,Intercontinental Exchange Inc,US45866F1049,45866F104,,US,PARTIALLY_READY,PARTIALLY_READY,2024-11;2024-12;2025-01;2025-02;2025-03;2025-04;2025-05;2025-06;2025-07;2025-08;2025-09;2025-10;2025-11;2025-12;2026-01;2026-02;2026-03;2026-04;2026-05;2026-06;2026-07;2026-08;2026-09,2024-11,2026-09,2b660030dbf1b6abe7c2e7990788c9c1b52e515c700e92047558042804e51fb1,ICE,True,1,True,,False,XNYS,USD,False,False,False,,,0,,ICE,2022-11-28,2026-10-01,964,1442,479,0,479,0,2024-11-29,505,0,0,0,0,0,479,False,True,False,Financials,True,https://raw.githubusercontent.com/datasets/s-and-p-500-companies/master/data/constituents.csv,5412d079bae1daa7bd86daa75ec138b8ce6d6b9cbbce63be3fec2b64af23f7c2,XNYS,False,False,0,16,False,0,0,0,False,0,,UNVERIFIED; preserve source share class,listing;ohlcv;adjustment;corporate_actions;calendar_timezone,"verify prior-public listing intervals and security representation; validate source clocks/calendars; reconcile split-only OHLC, total-return vintages, dividends/payment dates and merger/delisting ledger; recover seed/warm-up and missing sessions; disclose current-GICS approximation and assess sensitivity; USD identity FX only","[{""symbol"":""ICE"",""file"":""backtests/staged/wf3_prices.json.gz"",""sha256"":""6ab928b5ab5a1226dfecbccd9b50e444766aba9c00f6ce4f372801cbaaab2793"",""observations"":964,""first"":""2022-11-28"",""last"":""2026-10-01""}]",False,False,False,False,True,False,True,True
isin:US4592001014,International Business Machines Corp,US4592001014,459200101,,US,PARTIALLY_READY,PARTIALLY_READY,2023-10;2023-11;2023-12;2024-01;2024-02;2024-03;2024-04;2024-05;2024-06;2024-07;2024-08;2024-09;2024-10;2024-11;2024-12;2025-01;2025-02;2025-03;2025-04;2025-05;2025-06;2025-07;2025-08;2025-09;2025-10;2025-11;2025-12;2026-01;2026-02;2026-03;2026-04;2026-05;2026-06;2026-07;2026-08;2026-09,2023-10,2026-09,2b660030dbf1b6abe7c2e7990788c9c1b52e515c700e92047558042804e51fb1,IBM,True,1,True,,False,XNYS,USD,False,False,False,,,0,,IBM,2022-11-28,2026-10-01,964,1442,479,0,479,0,2023-09-29,211,0,0,42,0,0,479,False,True,False,Information Technology,True,https://raw.githubusercontent.com/datasets/s-and-p-500-companies/master/data/constituents.csv,4e8c63f451a3359906fe424434f8c0d32b86f4f730c2750466d3b53fe9c0b741,XNYS,False,False,0,15,False,0,0,0,False,0,,UNVERIFIED; preserve source share class,listing;ohlcv;adjustment;corporate_actions;calendar_timezone,"verify prior-public listing intervals and security representation; validate source clocks/calendars; reconcile split-only OHLC, total-return vintages, dividends/payment dates and merger/delisting ledger; recover seed/warm-up and missing sessions; disclose current-GICS approximation and assess sensitivity; USD identity FX only","[{""symbol"":""IBM"",""file"":""backtests/staged/wf3_prices.json.gz"",""sha256"":""6ab928b5ab5a1226dfecbccd9b50e444766aba9c00f6ce4f372801cbaaab2793"",""observations"":964,""first"":""2022-11-28"",""last"":""2026-10-01""}]",False,False,False,False,True,False,True,True
isin:US4595061015,International Flavors & Fragrances Inc,US4595061015,459506101,,US,PARTIALLY_READY,PARTIALLY_READY,2023-10;2023-11;2023-12;2024-01;2024-02;2024-03;2024-04;2024-05;2024-06;2024-07;2024-08;2024-09;2024-10;2024-11;2024-12;2025-01;2025-02;2025-03;2025-04;2025-05;2025-06;2025-07;2025-08;2025-09;2025-10;2025-11;2025-12;2026-01;2026-02;2026-03;2026-04;2026-05;2026-06;2026-07;2026-08;2026-09,2023-10,2026-09,2b660030dbf1b6abe7c2e7990788c9c1b52e515c700e92047558042804e51fb1,IFF,True,1,True,,False,XNYS,USD,False,False,False,,,0,,IFF,2022-11-28,2026-10-01,964,1442,479,0,479,0,2023-09-29,211,0,0,42,0,0,479,False,True,False,Materials,True,https://raw.githubusercontent.com/datasets/s-and-p-500-companies/master/data/constituents.csv,e5d92a63711cd3164eaf6ecee8679fe68f6b2297c9472f55e46e78a1eb2efe6a,XNYS,False,False,0,16,False,0,0,0,False,0,,UNVERIFIED; preserve source share class,listing;ohlcv;adjustment;corporate_actions;calendar_timezone,"verify prior-public listing intervals and security representation; validate source clocks/calendars; reconcile split-only OHLC, total-return vintages, dividends/payment dates and merger/delisting ledger; recover seed/warm-up and missing sessions; disclose current-GICS approximation and assess sensitivity; USD identity FX only","[{""symbol"":""IFF"",""file"":""backtests/staged/wf3_prices.json.gz"",""sha256"":""6ab928b5ab5a1226dfecbccd9b50e444766aba9c00f6ce4f372801cbaaab2793"",""observations"":964,""first"":""2022-11-28"",""last"":""2026-10-01""}]",False,False,False,False,True,False,True,True
isin:US4612021034,Intuit Inc,US4612021034,461202103,,US,PARTIALLY_READY,PARTIALLY_READY,2023-10;2023-11;2023-12;2024-01;2024-02;2024-03;2024-04;2024-05;2024-06;2024-07;2024-08;2024-09;2024-10;2024-11;2024-12;2025-01;2025-02;2025-03;2025-04;2025-05;2025-06;2025-07;2025-08;2025-09;2025-10;2025-11;2025-12;2026-01;2026-02;2026-03;2026-04;2026-05;2026-06;2026-07;2026-08;2026-09,2023-10,2026-09,2b660030dbf1b6abe7c2e7990788c9c1b52e515c700e92047558042804e51fb1,INTU,True,1,True,,False,XNAS,USD,False,False,False,,,0,,INTU,2022-11-28,2026-10-01,964,1442,479,0,479,0,2023-09-29,211,0,0,42,0,0,479,False,True,False,Information Technology,True,https://raw.githubusercontent.com/datasets/s-and-p-500-companies/master/data/constituents.csv,83d8a0853cd60a423f31baa78156bc081567d33d6e1fcfd1c96d7ff646d362c8,XNYS,False,False,0,15,False,0,0,0,False,0,,UNVERIFIED; preserve source share class,listing;ohlcv;adjustment;corporate_actions;calendar_timezone,"verify prior-public listing intervals and security representation; validate source clocks/calendars; reconcile split-only OHLC, total-return vintages, dividends/payment dates and merger/delisting ledger; recover seed/warm-up and missing sessions; disclose current-GICS approximation and assess sensitivity; USD identity FX only","[{""symbol"":""INTU"",""file"":""backtests/staged/wf3_prices.json.gz"",""sha256"":""6ab928b5ab5a1226dfecbccd9b50e444766aba9c00f6ce4f372801cbaaab2793"",""observations"":964,""first"":""2022-11-28"",""last"":""2026-10-01""}]",False,False,False,False,True,False,True,True
isin:US46120E6023,Intuitive Surgical Inc,US46120E6023,46120E602,,US,PARTIALLY_READY,PARTIALLY_READY,2023-10;2023-11;2023-12;2024-01;2024-02;2024-03;2024-04;2024-05;2024-06;2024-07;2024-08;2024-09;2024-10;2024-11;2024-12;2025-01;2025-02;2025-03;2025-04;2025-05;2025-06;2025-07;2025-08;2025-09;2025-10;2025-11;2025-12;2026-01;2026-02;2026-03;2026-04;2026-05;2026-06;2026-07;2026-08;2026-09,2023-10,2026-09,2b660030dbf1b6abe7c2e7990788c9c1b52e515c700e92047558042804e51fb1,ISRG,True,1,True,,False,XNAS,USD,False,False,False,,,0,,ISRG,2022-11-28,2026-10-01,964,1442,479,0,479,0,2023-09-29,211,0,0,42,0,0,479,False,True,False,Health Care,True,https://raw.githubusercontent.com/datasets/s-and-p-500-companies/master/data/constituents.csv,4c4713e9f572875c64fbffc8b2e16719c6b576ed3be5a4e1806b25e56bb910ad,XNYS,False,False,0,0,False,0,0,0,False,0,,UNVERIFIED; preserve source share class,listing;ohlcv;adjustment;corporate_actions;calendar_timezone,"verify prior-public listing intervals and security representation; validate source clocks/calendars; reconcile split-only OHLC, total-return vintages, dividends/payment dates and merger/delisting ledger; recover seed/warm-up and missing sessions; disclose current-GICS approximation and assess sensitivity; USD identity FX only","[{""symbol"":""ISRG"",""file"":""backtests/staged/wf3_prices.json.gz"",""sha256"":""6ab928b5ab5a1226dfecbccd9b50e444766aba9c00f6ce4f372801cbaaab2793"",""observations"":964,""first"":""2022-11-28"",""last"":""2026-10-01""}]",False,False,False,False,True,False,True,True
isin:US46625H1005,JPMorgan Chase & Co,US46625H1005,46625H100,,US,PARTIALLY_READY,PARTIALLY_READY,2023-10;2023-11;2023-12;2024-01;2024-02;2024-03;2024-04;2024-05;2024-06;2024-07;2024-08;2024-09;2024-10;2024-11;2024-12;2025-01;2025-02;2025-03;2025-04;2025-05;2025-06;2025-07;2025-08;2025-09;2025-10;2025-11;2025-12;2026-01;2026-02;2026-03;2026-04;2026-05;2026-06;2026-07;2026-08;2026-09,2023-10,2026-09,2b660030dbf1b6abe7c2e7990788c9c1b52e515c700e92047558042804e51fb1,JPM,True,1,True,,False,XNYS,USD,False,False,False,,,0,,JPM,2022-11-28,2026-10-01,964,1442,479,0,479,0,2023-09-29,211,0,0,42,0,0,479,False,True,False,Financials,True,https://raw.githubusercontent.com/datasets/s-and-p-500-companies/master/data/constituents.csv,6a50c55470701b5cc47bedb86ee515fa016d6dacabefa7a3795606713452e049,XNYS,False,False,0,15,False,0,0,0,False,0,,UNVERIFIED; preserve source share class,listing;ohlcv;adjustment;corporate_actions;calendar_timezone,"verify prior-public listing intervals and security representation; validate source clocks/calendars; reconcile split-only OHLC, total-return vintages, dividends/payment dates and merger/delisting ledger; recover seed/warm-up and missing sessions; disclose current-GICS approximation and assess sensitivity; USD identity FX only","[{""symbol"":""JPM"",""file"":""backtests/staged/wf3_prices.json.gz"",""sha256"":""6ab928b5ab5a1226dfecbccd9b50e444766aba9c00f6ce4f372801cbaaab2793"",""observations"":964,""first"":""2022-11-28"",""last"":""2026-10-01""}]",False,False,False,False,True,False,True,True
isin:US4781601046,Johnson & Johnson,US4781601046,478160104,,US,PARTIALLY_READY,PARTIALLY_READY,2023-10;2023-11;2023-12;2024-01;2024-02;2024-03;2024-04;2024-05;2024-06;2024-07;2024-08;2024-09;2024-10;2024-11;2024-12;2025-01;2025-02;2025-03;2025-04;2025-05;2025-06;2025-07;2025-08;2025-09;2025-10;2025-11;2025-12;2026-01;2026-02;2026-03;2026-04;2026-05;2026-06;2026-07;2026-08;2026-09,2023-10,2026-09,2b660030dbf1b6abe7c2e7990788c9c1b52e515c700e92047558042804e51fb1,JNJ,True,1,True,,False,XNYS,USD,False,False,False,,,0,,JNJ,2022-11-28,2026-10-01,964,1442,479,0,479,0,2023-09-29,211,0,0,42,0,0,479,False,True,False,Health Care,True,https://raw.githubusercontent.com/datasets/s-and-p-500-companies/master/data/constituents.csv,333558daf9f5dea78684259df0269ed60290c6b43d870d0cbde86e95c4d803a9,XNYS,False,False,0,15,False,0,0,0,False,0,,UNVERIFIED; preserve source share class,listing;ohlcv;adjustment;corporate_actions;calendar_timezone,"verify prior-public listing intervals and security representation; validate source clocks/calendars; reconcile split-only OHLC, total-return vintages, dividends/payment dates and merger/delisting ledger; recover seed/warm-up and missing sessions; disclose current-GICS approximation and assess sensitivity; USD identity FX only","[{""symbol"":""JNJ"",""file"":""backtests/staged/wf3_prices.json.gz"",""sha256"":""6ab928b5ab5a1226dfecbccd9b50e444766aba9c00f6ce4f372801cbaaab2793"",""observations"":964,""first"":""2022-11-28"",""last"":""2026-10-01""}]",False,False,False,False,True,False,True,True
isin:US4824801009,KLA Corp,US4824801009,482480100,,US,PARTIALLY_READY,PARTIALLY_READY,2023-10;2023-11;2023-12;2024-01;2024-02;2024-03;2024-04;2024-05;2024-06;2024-07;2024-08;2024-09;2024-10;2024-11;2024-12;2025-01;2025-02;2025-03;2025-04;2025-05;2025-06;2025-07;2025-08;2025-09;2025-10;2025-11;2025-12;2026-01;2026-02;2026-03;2026-04;2026-05;2026-06;2026-07;2026-08;2026-09,2023-10,2026-09,2b660030dbf1b6abe7c2e7990788c9c1b52e515c700e92047558042804e51fb1,KLAC,True,1,True,,False,XNAS,USD,False,False,False,,,0,,KLAC,2022-11-28,2026-10-01,964,1442,479,0,479,0,2023-09-29,211,0,0,42,0,0,479,False,True,False,Information Technology,True,https://raw.githubusercontent.com/datasets/s-and-p-500-companies/master/data/constituents.csv,78a14063c039478e0a128db144431da56207dae7a6a5234ecf2580ff7173ba3c,XNYS,False,False,1,15,False,0,0,0,False,0,,UNVERIFIED; preserve source share class,listing;ohlcv;adjustment;corporate_actions;calendar_timezone,"verify prior-public listing intervals and security representation; validate source clocks/calendars; reconcile split-only OHLC, total-return vintages, dividends/payment dates and merger/delisting ledger; recover seed/warm-up and missing sessions; disclose current-GICS approximation and assess sensitivity; USD identity FX only","[{""symbol"":""KLAC"",""file"":""backtests/staged/wf3_prices.json.gz"",""sha256"":""6ab928b5ab5a1226dfecbccd9b50e444766aba9c00f6ce4f372801cbaaab2793"",""observations"":964,""first"":""2022-11-28"",""last"":""2026-10-01""}]",False,False,False,False,True,False,True,True
isin:US48251W1045,KKR & Co Inc,US48251W1045,48251W104,,US,PARTIALLY_READY,PARTIALLY_READY,2025-02;2025-03;2025-04;2025-05;2025-06;2025-07;2025-08;2025-09;2025-10;2025-11;2025-12;2026-01;2026-02;2026-03;2026-04;2026-05;2026-06;2026-07;2026-08;2026-09,2025-02,2026-09,2b660030dbf1b6abe7c2e7990788c9c1b52e515c700e92047558042804e51fb1,KKR,True,1,True,,False,XNYS,USD,False,False,False,,,0,,KKR,2022-11-28,2026-10-01,964,1442,479,0,479,0,2025-02-28,565,0,0,0,0,0,479,False,True,False,Financials,True,https://raw.githubusercontent.com/datasets/s-and-p-500-companies/master/data/constituents.csv,1fee35c76137bd60a1de139523a72c80b5e6f7dcc627e3d2aff07f84c1bd2c20,XNYS,False,False,0,15,False,0,0,0,False,0,,UNVERIFIED; preserve source share class,listing;ohlcv;adjustment;corporate_actions;calendar_timezone,"verify prior-public listing intervals and security representation; validate source clocks/calendars; reconcile split-only OHLC, total-return vintages, dividends/payment dates and merger/delisting ledger; recover seed/warm-up and missing sessions; disclose current-GICS approximation and assess sensitivity; USD identity FX only","[{""symbol"":""KKR"",""file"":""backtests/staged/wf3_prices.json.gz"",""sha256"":""6ab928b5ab5a1226dfecbccd9b50e444766aba9c00f6ce4f372801cbaaab2793"",""observations"":964,""first"":""2022-11-28"",""last"":""2026-10-01""}]",False,False,False,False,True,False,True,True
isin:US49177J1025,Kenvue Inc,US49177J1025,49177J102,,US,PARTIALLY_READY,PARTIALLY_READY,2023-11;2023-12;2024-01;2024-02;2024-03;2024-04;2024-05;2024-06;2024-07;2024-08;2024-09;2024-10;2024-11;2024-12;2025-01;2025-02;2025-03;2025-04;2025-05;2025-06;2025-07;2025-08;2025-09;2025-10;2025-11;2025-12;2026-01;2026-02;2026-03;2026-04;2026-05;2026-06;2026-07;2026-08;2026-09,2023-11,2026-09,2b660030dbf1b6abe7c2e7990788c9c1b52e515c700e92047558042804e51fb1,KVUE,True,1,True,,False,XNYS,USD,False,False,False,,,0,,KVUE,2023-05-04,2026-10-01,856,1442,587,0,587,0,2023-11-30,146,0,0,107,54,0,587,False,True,False,Consumer Staples,True,https://raw.githubusercontent.com/datasets/s-and-p-500-companies/master/data/constituents.csv,eb3ab039edea6bb11b3617ea8c9ed4e1e3766c91384a664a35904a0ccb501369,XNYS,False,False,0,14,False,0,0,0,False,0,,UNVERIFIED; preserve source share class,listing;ohlcv;adjustment;corporate_actions;calendar_timezone,"verify prior-public listing intervals and security representation; validate source clocks/calendars; reconcile split-only OHLC, total-return vintages, dividends/payment dates and merger/delisting ledger; recover seed/warm-up and missing sessions; disclose current-GICS approximation and assess sensitivity; USD identity FX only","[{""symbol"":""KVUE"",""file"":""backtests/staged/wf3_prices.json.gz"",""sha256"":""6ab928b5ab5a1226dfecbccd9b50e444766aba9c00f6ce4f372801cbaaab2793"",""observations"":856,""first"":""2023-05-04"",""last"":""2026-10-01""}]",False,False,False,False,True,False,True,True
isin:US49338L1035,Keysight Technologies Inc,US49338L1035,49338L103,,US,PARTIALLY_READY,PARTIALLY_READY,2023-10;2023-11;2023-12;2024-01;2024-02;2024-03;2024-04;2024-05;2024-06;2024-07;2024-08;2024-09;2024-10;2024-11;2024-12;2025-01;2025-02;2025-03;2025-04;2025-05;2025-06;2025-07;2025-08;2025-09;2025-10;2025-11;2025-12;2026-01;2026-02;2026-03;2026-04;2026-05;2026-06;2026-07;2026-08;2026-09,2023-10,2026-09,2b660030dbf1b6abe7c2e7990788c9c1b52e515c700e92047558042804e51fb1,KEYS,True,1,True,,False,XNYS,USD,False,False,False,,,0,,KEYS,2022-11-28,2026-10-01,964,1442,479,0,479,0,2023-09-29,211,0,0,42,0,0,479,False,True,False,Information Technology,True,https://raw.githubusercontent.com/datasets/s-and-p-500-companies/master/data/constituents.csv,2bf49653621b16489487174765725ee648ef7a6a800d256475409bdba4843b1c,XNYS,False,False,0,0,False,0,0,0,False,0,,UNVERIFIED; preserve source share class,listing;ohlcv;adjustment;corporate_actions;calendar_timezone,"verify prior-public listing intervals and security representation; validate source clocks/calendars; reconcile split-only OHLC, total-return vintages, dividends/payment dates and merger/delisting ledger; recover seed/warm-up and missing sessions; disclose current-GICS approximation and assess sensitivity; USD identity FX only","[{""symbol"":""KEYS"",""file"":""backtests/staged/wf3_prices.json.gz"",""sha256"":""6ab928b5ab5a1226dfecbccd9b50e444766aba9c00f6ce4f372801cbaaab2793"",""observations"":964,""first"":""2022-11-28"",""last"":""2026-10-01""}]",False,False,False,False,True,False,True,True
isin:US4943681035,Kimberly-Clark Corp,US4943681035,494368103,,US,PARTIALLY_READY,PARTIALLY_READY,2023-10;2023-11;2023-12;2024-01;2024-02;2024-03;2024-04;2024-05;2024-06;2024-07;2024-08;2024-09;2024-10;2024-11;2024-12;2025-01;2025-02;2025-03;2025-04;2025-05;2025-06;2025-07;2025-08;2025-09;2025-10;2025-11;2025-12;2026-01;2026-02;2026-03;2026-04;2026-05;2026-06;2026-07;2026-08;2026-09,2023-10,2026-09,2b660030dbf1b6abe7c2e7990788c9c1b52e515c700e92047558042804e51fb1,KMB,True,1,True,,False,XNAS,USD,False,False,False,,,0,,KMB,2022-11-28,2026-10-01,964,1442,479,0,479,0,2023-09-29,211,0,0,42,0,0,479,False,True,False,Consumer Staples,True,https://raw.githubusercontent.com/datasets/s-and-p-500-companies/master/data/constituents.csv,b494f4a24b8a15aee6d8169a698d20748eed4f1088e0ed750eaba48eb6593b1d,XNYS,False,False,0,16,False,0,0,0,False,0,,UNVERIFIED; preserve source share class,listing;ohlcv;adjustment;corporate_actions;calendar_timezone,"verify prior-public listing intervals and security representation; validate source clocks/calendars; reconcile split-only OHLC, total-return vintages, dividends/payment dates and merger/delisting ledger; recover seed/warm-up and missing sessions; disclose current-GICS approximation and assess sensitivity; USD identity FX only","[{""symbol"":""KMB"",""file"":""backtests/staged/wf3_prices.json.gz"",""sha256"":""6ab928b5ab5a1226dfecbccd9b50e444766aba9c00f6ce4f372801cbaaab2793"",""observations"":964,""first"":""2022-11-28"",""last"":""2026-10-01""}]",False,False,False,False,True,False,True,True
isin:US49446R1095,Kimco Realty Corp,US49446R1095,49446R109,,US,PARTIALLY_READY,PARTIALLY_READY,2024-05;2024-06;2024-07;2024-08;2024-09;2024-10;2024-11;2024-12;2025-01;2025-02;2025-03;2025-04;2025-05;2025-06;2025-07;2025-08;2025-09;2025-10;2025-11;2025-12;2026-01;2026-02;2026-03;2026-04;2026-05;2026-06;2026-07;2026-08;2026-09,2024-05,2026-09,2b660030dbf1b6abe7c2e7990788c9c1b52e515c700e92047558042804e51fb1,KIM,True,1,True,,False,XNYS,USD,False,False,False,,,0,,KIM,2022-11-28,2026-10-01,964,1442,479,0,479,0,2024-05-31,379,0,0,0,0,0,479,False,True,False,Real Estate,True,https://raw.githubusercontent.com/datasets/s-and-p-500-companies/master/data/constituents.csv,f69b1fc2de3fe5c16c0b8b2636f779c2534d8536405390e65f9ffd0569153e6b,XNYS,False,False,0,16,False,0,0,0,False,0,,UNVERIFIED; preserve source share class,listing;ohlcv;adjustment;corporate_actions;calendar_timezone,"verify prior-public listing intervals and security representation; validate source clocks/calendars; reconcile split-only OHLC, total-return vintages, dividends/payment dates and merger/delisting ledger; recover seed/warm-up and missing sessions; disclose current-GICS approximation and assess sensitivity; USD identity FX only","[{""symbol"":""KIM"",""file"":""backtests/staged/wf3_prices.json.gz"",""sha256"":""6ab928b5ab5a1226dfecbccd9b50e444766aba9c00f6ce4f372801cbaaab2793"",""observations"":964,""first"":""2022-11-28"",""last"":""2026-10-01""}]",False,False,False,False,True,False,True,True
isin:US49456B1017,Kinder Morgan Inc,US49456B1017,49456B101,,US,PARTIALLY_READY,PARTIALLY_READY,2023-10;2023-11;2023-12;2024-01;2024-02;2024-03;2024-04;2024-05;2024-06;2024-07;2024-08;2024-09;2024-10;2024-11;2024-12;2025-01;2025-02;2025-03;2025-04;2025-05;2025-06;2025-07;2025-08;2025-09;2025-10;2025-11;2025-12;2026-01;2026-02;2026-03;2026-04;2026-05;2026-06;2026-07;2026-08;2026-09,2023-10,2026-09,2b660030dbf1b6abe7c2e7990788c9c1b52e515c700e92047558042804e51fb1,KMI,True,1,True,,False,XNYS,USD,False,False,False,,,0,,KMI,2022-11-28,2026-10-01,964,1442,479,0,479,0,2023-09-29,211,0,0,42,0,0,479,False,True,False,Energy,True,https://raw.githubusercontent.com/datasets/s-and-p-500-companies/master/data/constituents.csv,a00d196daded45f676b2c8b421453ff255e1473dcbdad33d1db84f54c81eb548,XNYS,False,False,0,15,False,0,0,0,False,0,,UNVERIFIED; preserve source share class,listing;ohlcv;adjustment;corporate_actions;calendar_timezone,"verify prior-public listing intervals and security representation; validate source clocks/calendars; reconcile split-only OHLC, total-return vintages, dividends/payment dates and merger/delisting ledger; recover seed/warm-up and missing sessions; disclose current-GICS approximation and assess sensitivity; USD identity FX only","[{""symbol"":""KMI"",""file"":""backtests/staged/wf3_prices.json.gz"",""sha256"":""6ab928b5ab5a1226dfecbccd9b50e444766aba9c00f6ce4f372801cbaaab2793"",""observations"":964,""first"":""2022-11-28"",""last"":""2026-10-01""}]",False,False,False,False,True,False,True,True
isin:US5007541064,Kraft Heinz Co/The,US5007541064,500754106,,US,PARTIALLY_READY,PARTIALLY_READY,2023-10;2023-11;2023-12;2024-01;2024-02;2024-03;2024-04;2024-05;2024-06;2024-07;2024-08;2024-09;2024-10;2024-11;2024-12;2025-01;2025-02;2025-03;2025-04;2025-05;2025-06;2025-07;2025-08;2025-09;2025-10;2025-11;2025-12;2026-01;2026-02;2026-03;2026-04;2026-05;2026-06;2026-07;2026-08;2026-09,2023-10,2026-09,2b660030dbf1b6abe7c2e7990788c9c1b52e515c700e92047558042804e51fb1,KHC,True,1,True,,False,XNAS,USD,False,False,False,,,0,,KHC,2022-11-28,2026-10-01,964,1442,479,0,479,0,2023-09-29,211,0,0,42,0,0,479,False,True,False,Consumer Staples,True,https://raw.githubusercontent.com/datasets/s-and-p-500-companies/master/data/constituents.csv,5f877b7585e39446fe8928e676ce468f1d8c09fa12993c6597adfc999d12f7a4,XNYS,False,False,0,15,False,0,0,0,False,0,,UNVERIFIED; preserve source share class,listing;ohlcv;adjustment;corporate_actions;calendar_timezone,"verify prior-public listing intervals and security representation; validate source clocks/calendars; reconcile split-only OHLC, total-return vintages, dividends/payment dates and merger/delisting ledger; recover seed/warm-up and missing sessions; disclose current-GICS approximation and assess sensitivity; USD identity FX only","[{""symbol"":""KHC"",""file"":""backtests/staged/wf3_prices.json.gz"",""sha256"":""6ab928b5ab5a1226dfecbccd9b50e444766aba9c00f6ce4f372801cbaaab2793"",""observations"":964,""first"":""2022-11-28"",""last"":""2026-10-01""}]",False,False,False,False,True,False,True,True
isin:US5132721045,Lamb Weston Holdings Inc,US5132721045,513272104,,US,PARTIALLY_READY,PARTIALLY_READY,2023-10;2023-11;2023-12;2024-01;2024-02;2024-03;2024-04;2024-05;2024-06;2024-07;2024-08;2024-09;2024-10;2024-11;2024-12;2025-01;2025-02;2025-03;2025-04;2025-05;2025-06;2025-07;2025-08;2025-09;2025-10;2025-11;2025-12;2026-01;2026-02;2026-03;2026-04;2026-05;2026-06;2026-07;2026-08;2026-09,2023-10,2026-09,2b660030dbf1b6abe7c2e7990788c9c1b52e515c700e92047558042804e51fb1,LW,True,1,True,,False,XNYS,USD,False,False,False,,,0,,LW,2022-11-28,2026-10-01,964,1442,479,0,479,0,2023-09-29,211,0,0,42,0,0,479,False,False,False,UNRESOLVED,False,,,XNYS,False,False,0,15,False,0,0,0,False,0,,UNVERIFIED; preserve source share class,listing;ohlcv;adjustment;corporate_actions;gics;calendar_timezone,"verify prior-public listing intervals and security representation; validate source clocks/calendars; reconcile split-only OHLC, total-return vintages, dividends/payment dates and merger/delisting ledger; recover seed/warm-up and missing sessions; source exact-ID current GICS and corrections; USD identity FX only","[{""symbol"":""LW"",""file"":""backtests/staged/wf3_prices.json.gz"",""sha256"":""6ab928b5ab5a1226dfecbccd9b50e444766aba9c00f6ce4f372801cbaaab2793"",""observations"":964,""first"":""2022-11-28"",""last"":""2026-10-01""}]",False,False,False,False,False,False,True,True
isin:US5178341070,Las Vegas Sands Corp,US5178341070,517834107,,US,PARTIALLY_READY,PARTIALLY_READY,2023-10;2023-11;2023-12;2024-01;2024-02;2024-03;2024-04;2024-05;2024-06;2024-07;2024-08;2024-09;2024-10;2024-11;2024-12;2025-01;2025-02;2025-03;2025-04;2025-05;2025-06;2025-07;2025-08;2025-09;2025-10;2025-11;2025-12;2026-01;2026-02;2026-03;2026-04;2026-05;2026-06;2026-07;2026-08;2026-09,2023-10,2026-09,2b660030dbf1b6abe7c2e7990788c9c1b52e515c700e92047558042804e51fb1,LVS,True,1,True,,False,XNYS,USD,False,False,False,,,0,,LVS,2022-11-28,2026-10-01,964,1442,479,0,479,0,2023-09-29,211,0,0,42,0,0,479,False,True,False,Consumer Discretionary,True,https://raw.githubusercontent.com/datasets/s-and-p-500-companies/master/data/constituents.csv,1f9c682df1bf08ee416284205b809119b3d0df9ab7f4f01d89f9c71aa00a7a77,XNYS,False,False,0,13,False,0,0,0,False,0,,UNVERIFIED; preserve source share class,listing;ohlcv;adjustment;corporate_actions;calendar_timezone,"verify prior-public listing intervals and security representation; validate source clocks/calendars; reconcile split-only OHLC, total-return vintages, dividends/payment dates and merger/delisting ledger; recover seed/warm-up and missing sessions; disclose current-GICS approximation and assess sensitivity; USD identity FX only","[{""symbol"":""LVS"",""file"":""backtests/staged/wf3_prices.json.gz"",""sha256"":""6ab928b5ab5a1226dfecbccd9b50e444766aba9c00f6ce4f372801cbaaab2793"",""observations"":964,""first"":""2022-11-28"",""last"":""2026-10-01""}]",False,False,False,False,True,False,True,True
isin:US5184391044,Estee Lauder Cos Inc/The,US5184391044,518439104,,US,PARTIALLY_READY,PARTIALLY_READY,2023-10;2023-11;2023-12;2024-01;2024-02;2024-03;2024-04;2024-05;2024-06;2024-07;2024-08;2024-09;2024-10;2024-11;2024-12;2025-01;2025-02;2025-03;2025-04;2025-05;2025-06;2025-07;2025-08;2025-09;2025-10;2025-11;2025-12;2026-01;2026-02;2026-03;2026-04;2026-05;2026-06;2026-07;2026-08;2026-09,2023-10,2026-09,2b660030dbf1b6abe7c2e7990788c9c1b52e515c700e92047558042804e51fb1,EL,True,1,True,,False,XNYS,USD,False,False,False,,,0,,EL,2022-11-28,2026-10-01,964,1442,479,0,479,0,2023-09-29,211,0,0,42,0,0,479,False,True,False,Consumer Staples,True,https://raw.githubusercontent.com/datasets/s-and-p-500-companies/master/data/constituents.csv,000f1ac662e824faaf5c099e7cf71a5abc95cf86a21b67c92ee04fa6ae7ca44a,XNYS,False,False,0,16,False,0,0,0,False,0,,UNVERIFIED; preserve source share class,listing;ohlcv;adjustment;corporate_actions;calendar_timezone,"verify prior-public listing intervals and security representation; validate source clocks/calendars; reconcile split-only OHLC, total-return vintages, dividends/payment dates and merger/delisting ledger; recover seed/warm-up and missing sessions; disclose current-GICS approximation and assess sensitivity; USD identity FX only","[{""symbol"":""EL"",""file"":""backtests/staged/wf3_prices.json.gz"",""sha256"":""6ab928b5ab5a1226dfecbccd9b50e444766aba9c00f6ce4f372801cbaaab2793"",""observations"":964,""first"":""2022-11-28"",""last"":""2026-10-01""}]",False,False,False,False,True,False,True,True
isin:US5253271028,Leidos Holdings Inc,US5253271028,525327102,,US,PARTIALLY_READY,PARTIALLY_READY,2023-10;2023-11;2023-12;2024-01;2024-02;2024-03;2024-04;2024-05;2024-06;2024-07;2024-08;2024-09;2024-10;2024-11;2024-12;2025-01;2025-02;2025-03;2025-04;2025-05;2025-06;2025-07;2025-08;2025-09;2025-10;2025-11;2025-12;2026-01;2026-02;2026-03;2026-04;2026-05;2026-06;2026-07;2026-08;2026-09,2023-10,2026-09,2b660030dbf1b6abe7c2e7990788c9c1b52e515c700e92047558042804e51fb1,LDOS,True,1,True,,False,XNYS,USD,False,False,False,,,0,,LDOS,2022-11-28,2026-10-01,964,1442,479,0,479,0,2023-09-29,211,0,0,42,0,0,479,False,True,False,Industrials,True,https://raw.githubusercontent.com/datasets/s-and-p-500-companies/master/data/constituents.csv,683427e01d1cd03a3f84469a5f6c21066042dc9b2930f9de3f0dabf2da6cb522,XNYS,False,False,0,16,False,0,0,0,False,0,,UNVERIFIED; preserve source share class,listing;ohlcv;adjustment;corporate_actions;calendar_timezone,"verify prior-public listing intervals and security representation; validate source clocks/calendars; reconcile split-only OHLC, total-return vintages, dividends/payment dates and merger/delisting ledger; recover seed/warm-up and missing sessions; disclose current-GICS approximation and assess sensitivity; USD identity FX only","[{""symbol"":""LDOS"",""file"":""backtests/staged/wf3_prices.json.gz"",""sha256"":""6ab928b5ab5a1226dfecbccd9b50e444766aba9c00f6ce4f372801cbaaab2793"",""observations"":964,""first"":""2022-11-28"",""last"":""2026-10-01""}]",False,False,False,False,True,False,True,True
isin:US5324571083,Eli Lilly & Co,US5324571083,532457108,,US,PARTIALLY_READY,PARTIALLY_READY,2023-10;2023-11;2023-12;2024-01;2024-02;2024-03;2024-04;2024-05;2024-06;2024-07;2024-08;2024-09;2024-10;2024-11;2024-12;2025-01;2025-02;2025-03;2025-04;2025-05;2025-06;2025-07;2025-08;2025-09;2025-10;2025-11;2025-12;2026-01;2026-02;2026-03;2026-04;2026-05;2026-06;2026-07;2026-08;2026-09,2023-10,2026-09,2b660030dbf1b6abe7c2e7990788c9c1b52e515c700e92047558042804e51fb1,LLY,True,1,True,,False,XNYS,USD,False,False,False,,,0,,LLY,2022-11-28,2026-10-01,964,1442,479,0,479,0,2023-09-29,211,0,0,42,0,0,479,False,True,False,Health Care,True,https://raw.githubusercontent.com/datasets/s-and-p-500-companies/master/data/constituents.csv,8935dcf69cb43b9683cba240edf543746e375247ca906616c83959551c769d85,XNYS,False,False,0,15,False,0,0,0,False,0,,UNVERIFIED; preserve source share class,listing;ohlcv;adjustment;corporate_actions;calendar_timezone,"verify prior-public listing intervals and security representation; validate source clocks/calendars; reconcile split-only OHLC, total-return vintages, dividends/payment dates and merger/delisting ledger; recover seed/warm-up and missing sessions; disclose current-GICS approximation and assess sensitivity; USD identity FX only","[{""symbol"":""LLY"",""file"":""backtests/staged/wf3_prices.json.gz"",""sha256"":""6ab928b5ab5a1226dfecbccd9b50e444766aba9c00f6ce4f372801cbaaab2793"",""observations"":964,""first"":""2022-11-28"",""last"":""2026-10-01""}]",False,False,False,False,True,False,True,True
isin:US5398301094,Lockheed Martin Corp,US5398301094,539830109,,US,PARTIALLY_READY,PARTIALLY_READY,2023-10;2023-11;2023-12;2024-01;2024-02;2024-03;2024-04;2024-05;2024-06;2024-07;2024-08;2024-09;2024-10;2024-11;2024-12;2025-01;2025-02;2025-03;2025-04;2025-05;2025-06;2025-07;2025-08;2025-09;2025-10;2025-11;2025-12;2026-01;2026-02;2026-03;2026-04;2026-05;2026-06;2026-07;2026-08;2026-09,2023-10,2026-09,2b660030dbf1b6abe7c2e7990788c9c1b52e515c700e92047558042804e51fb1,LMT,True,1,True,,False,XNYS,USD,False,False,False,,,0,,LMT,2022-11-28,2026-10-01,964,1442,479,0,479,0,2023-09-29,211,0,0,42,0,0,479,False,True,False,Industrials,True,https://raw.githubusercontent.com/datasets/s-and-p-500-companies/master/data/constituents.csv,957f9f09d80cb34710fa56ce4c1f5743fcedc1cffacf33477e7e258c38a4b979,XNYS,False,False,0,16,False,0,0,0,False,0,,UNVERIFIED; preserve source share class,listing;ohlcv;adjustment;corporate_actions;calendar_timezone,"verify prior-public listing intervals and security representation; validate source clocks/calendars; reconcile split-only OHLC, total-return vintages, dividends/payment dates and merger/delisting ledger; recover seed/warm-up and missing sessions; disclose current-GICS approximation and assess sensitivity; USD identity FX only","[{""symbol"":""LMT"",""file"":""backtests/staged/wf3_prices.json.gz"",""sha256"":""6ab928b5ab5a1226dfecbccd9b50e444766aba9c00f6ce4f372801cbaaab2793"",""observations"":964,""first"":""2022-11-28"",""last"":""2026-10-01""}]",False,False,False,False,True,False,True,True
isin:US5486611073,Lowe's Cos Inc,US5486611073,548661107,,US,PARTIALLY_READY,PARTIALLY_READY,2023-10;2023-11;2023-12;2024-01;2024-02;2024-03;2024-04;2024-05;2024-06;2024-07;2024-08;2024-09;2024-10;2024-11;2024-12;2025-01;2025-02;2025-03;2025-04;2025-05;2025-06;2025-07;2025-08;2025-09;2025-10;2025-11;2025-12;2026-01;2026-02;2026-03;2026-04;2026-05;2026-06;2026-07;2026-08;2026-09,2023-10,2026-09,2b660030dbf1b6abe7c2e7990788c9c1b52e515c700e92047558042804e51fb1,LOW,True,1,True,,False,XNYS,USD,False,False,False,,,0,,LOW,2022-11-28,2026-10-01,964,1442,479,0,479,0,2023-09-29,211,0,0,42,0,0,479,False,True,False,Consumer Discretionary,True,https://raw.githubusercontent.com/datasets/s-and-p-500-companies/master/data/constituents.csv,59ab0a50ac771e71d69c4b4ae25ddad8f7ca14cea821840c0b9a9346c8e8c600,XNYS,False,False,0,15,False,0,0,0,False,0,,UNVERIFIED; preserve source share class,listing;ohlcv;adjustment;corporate_actions;calendar_timezone,"verify prior-public listing intervals and security representation; validate source clocks/calendars; reconcile split-only OHLC, total-return vintages, dividends/payment dates and merger/delisting ledger; recover seed/warm-up and missing sessions; disclose current-GICS approximation and assess sensitivity; USD identity FX only","[{""symbol"":""LOW"",""file"":""backtests/staged/wf3_prices.json.gz"",""sha256"":""6ab928b5ab5a1226dfecbccd9b50e444766aba9c00f6ce4f372801cbaaab2793"",""observations"":964,""first"":""2022-11-28"",""last"":""2026-10-01""}]",False,False,False,False,True,False,True,True
isin:US5500211090,Lululemon Athletica Inc,US5500211090,550021109,,US,PARTIALLY_READY,PARTIALLY_READY,2023-10;2023-11;2023-12;2024-01;2024-02;2024-03;2024-04;2024-05;2024-06;2024-07;2024-08;2024-09;2024-10;2024-11;2024-12;2025-01;2025-02;2025-03;2025-04;2025-05;2025-06;2025-07;2025-08;2025-09;2025-10;2025-11;2025-12;2026-01;2026-02;2026-03;2026-04;2026-05;2026-06;2026-07;2026-08;2026-09,2023-10,2026-09,2b660030dbf1b6abe7c2e7990788c9c1b52e515c700e92047558042804e51fb1,LULU,True,1,True,,False,XNAS,USD,False,False,False,,,0,,LULU,2022-11-28,2026-10-01,964,1442,479,0,479,0,2023-09-29,211,0,0,42,0,0,479,False,True,False,Consumer Discretionary,True,https://raw.githubusercontent.com/datasets/s-and-p-500-companies/master/data/constituents.csv,b52c1280df771b7ea584d4b2815c9ebed1b21c021c3ecd17777f0af22d20dd23,XNYS,False,False,0,0,False,0,0,0,False,0,,UNVERIFIED; preserve source share class,listing;ohlcv;adjustment;corporate_actions;calendar_timezone,"verify prior-public listing intervals and security representation; validate source clocks/calendars; reconcile split-only OHLC, total-return vintages, dividends/payment dates and merger/delisting ledger; recover seed/warm-up and missing sessions; disclose current-GICS approximation and assess sensitivity; USD identity FX only","[{""symbol"":""LULU"",""file"":""backtests/staged/wf3_prices.json.gz"",""sha256"":""6ab928b5ab5a1226dfecbccd9b50e444766aba9c00f6ce4f372801cbaaab2793"",""observations"":964,""first"":""2022-11-28"",""last"":""2026-10-01""}]",False,False,False,False,True,False,True,True
isin:US55024U1097,Lumentum Holdings Inc,US55024U1097,55024U109,,US,PARTIALLY_READY,PARTIALLY_READY,2026-02;2026-03;2026-04;2026-05;2026-06;2026-07;2026-08;2026-09,2026-02,2026-09,2b660030dbf1b6abe7c2e7990788c9c1b52e515c700e92047558042804e51fb1,LITE,True,1,True,,False,XNAS,USD,False,False,False,,,0,,LITE,2022-11-28,2026-10-01,964,1442,479,0,479,0,2026-02-27,815,0,0,0,0,0,479,False,True,False,Information Technology,True,https://raw.githubusercontent.com/datasets/s-and-p-500-companies/master/data/constituents.csv,08c624b4cada04a1fbd65c26d757f5a05eea5e3fb62e46bfad2e0252250318ec,XNYS,False,False,0,0,False,0,0,0,False,0,,UNVERIFIED; preserve source share class,listing;ohlcv;adjustment;corporate_actions;calendar_timezone,"verify prior-public listing intervals and security representation; validate source clocks/calendars; reconcile split-only OHLC, total-return vintages, dividends/payment dates and merger/delisting ledger; recover seed/warm-up and missing sessions; disclose current-GICS approximation and assess sensitivity; USD identity FX only","[{""symbol"":""LITE"",""file"":""backtests/staged/wf3_prices.json.gz"",""sha256"":""6ab928b5ab5a1226dfecbccd9b50e444766aba9c00f6ce4f372801cbaaab2793"",""observations"":964,""first"":""2022-11-28"",""last"":""2026-10-01""}]",False,False,False,False,True,False,True,True
isin:US55261F1049,M&T Bank Corp,US55261F1049,55261F104,,US,PARTIALLY_READY,PARTIALLY_READY,2023-10;2023-11;2023-12;2024-01;2024-02;2024-03;2024-04;2024-05;2024-06;2024-07;2024-08;2024-09;2024-10;2024-11;2024-12;2025-01;2025-02;2025-03;2025-04;2025-05;2025-06;2025-07;2025-08;2025-09;2025-10;2025-11;2025-12;2026-01;2026-02;2026-03;2026-04;2026-05;2026-06;2026-07;2026-08;2026-09,2023-10,2026-09,2b660030dbf1b6abe7c2e7990788c9c1b52e515c700e92047558042804e51fb1,MTB,True,1,True,,False,XNYS,USD,False,False,False,,,0,,MTB,2022-11-28,2026-10-01,964,1442,479,0,479,0,2023-09-29,211,0,0,42,0,0,479,False,True,False,Financials,True,https://raw.githubusercontent.com/datasets/s-and-p-500-companies/master/data/constituents.csv,74f75f8fb1eb0cd8a684203bf4ca536f70d4317053101668dc48bfd7696d231e,XNYS,False,False,0,16,False,0,0,0,False,0,,UNVERIFIED; preserve source share class,listing;ohlcv;adjustment;corporate_actions;calendar_timezone,"verify prior-public listing intervals and security representation; validate source clocks/calendars; reconcile split-only OHLC, total-return vintages, dividends/payment dates and merger/delisting ledger; recover seed/warm-up and missing sessions; disclose current-GICS approximation and assess sensitivity; USD identity FX only","[{""symbol"":""MTB"",""file"":""backtests/staged/wf3_prices.json.gz"",""sha256"":""6ab928b5ab5a1226dfecbccd9b50e444766aba9c00f6ce4f372801cbaaab2793"",""observations"":964,""first"":""2022-11-28"",""last"":""2026-10-01""}]",False,False,False,False,True,False,True,True
isin:US56585A1025,Marathon Petroleum Corp,US56585A1025,56585A102,,US,PARTIALLY_READY,PARTIALLY_READY,2023-10;2023-11;2023-12;2024-01;2024-02;2024-03;2024-04;2024-05;2024-06;2024-07;2024-08;2024-09;2024-10;2024-11;2024-12;2025-01;2025-02;2025-03;2025-04;2025-05;2025-06;2025-07;2025-08;2025-09;2025-10;2025-11;2025-12;2026-01;2026-02;2026-03;2026-04;2026-05;2026-06;2026-07;2026-08;2026-09,2023-10,2026-09,2b660030dbf1b6abe7c2e7990788c9c1b52e515c700e92047558042804e51fb1,MPC,True,1,True,,False,XNYS,USD,False,False,False,,,0,,MPC,2022-11-28,2026-10-01,964,1442,479,0,479,0,2023-09-29,211,0,0,42,0,0,479,False,True,False,Energy,True,https://raw.githubusercontent.com/datasets/s-and-p-500-companies/master/data/constituents.csv,c3c72ab1aec4193e205172e9a7d88bcfab02c1ad192ee87092d473bf12c1f905,XNYS,False,False,0,15,False,0,0,0,False,0,,UNVERIFIED; preserve source share class,listing;ohlcv;adjustment;corporate_actions;calendar_timezone,"verify prior-public listing intervals and security representation; validate source clocks/calendars; reconcile split-only OHLC, total-return vintages, dividends/payment dates and merger/delisting ledger; recover seed/warm-up and missing sessions; disclose current-GICS approximation and assess sensitivity; USD identity FX only","[{""symbol"":""MPC"",""file"":""backtests/staged/wf3_prices.json.gz"",""sha256"":""6ab928b5ab5a1226dfecbccd9b50e444766aba9c00f6ce4f372801cbaaab2793"",""observations"":964,""first"":""2022-11-28"",""last"":""2026-10-01""}]",False,False,False,False,True,False,True,True
isin:US5738741041,Marvell Technology Inc,US5738741041,573874104,,US,PARTIALLY_READY,PARTIALLY_READY,2023-10;2023-11;2023-12;2024-01;2024-02;2024-03;2024-04;2024-05;2024-06;2024-07;2024-08;2024-09;2024-10;2024-11;2024-12;2025-01;2025-02;2025-03;2025-04;2025-05;2025-06;2025-07;2025-08;2025-09;2025-10;2025-11;2025-12;2026-01;2026-02;2026-03;2026-04;2026-05;2026-06;2026-07;2026-08;2026-09,2023-10,2026-09,2b660030dbf1b6abe7c2e7990788c9c1b52e515c700e92047558042804e51fb1,MRVL,True,1,True,,False,XNAS,USD,False,False,False,,,0,,MRVL,2022-11-28,2026-10-01,964,1442,479,0,479,0,2023-09-29,211,0,0,42,0,0,479,False,True,False,Information Technology,True,https://raw.githubusercontent.com/datasets/s-and-p-500-companies/master/data/constituents.csv,b28acfa4b096de186558178d441d7f4f369a81feb1d13c8afe2dfbc95a3464ad,XNYS,False,False,0,15,False,0,0,0,False,0,,UNVERIFIED; preserve source share class,listing;ohlcv;adjustment;corporate_actions;calendar_timezone,"verify prior-public listing intervals and security representation; validate source clocks/calendars; reconcile split-only OHLC, total-return vintages, dividends/payment dates and merger/delisting ledger; recover seed/warm-up and missing sessions; disclose current-GICS approximation and assess sensitivity; USD identity FX only","[{""symbol"":""MRVL"",""file"":""backtests/staged/wf3_prices.json.gz"",""sha256"":""6ab928b5ab5a1226dfecbccd9b50e444766aba9c00f6ce4f372801cbaaab2793"",""observations"":964,""first"":""2022-11-28"",""last"":""2026-10-01""}]",False,False,False,False,True,False,True,True
isin:US57636Q1040,Mastercard Inc,US57636Q1040,57636Q104,,US,PARTIALLY_READY,PARTIALLY_READY,2023-10;2023-11;2023-12;2024-01;2024-02;2024-03;2024-04;2024-05;2024-06;2024-07;2024-08;2024-09;2024-10;2024-11;2024-12;2025-01;2025-02;2025-03;2025-04;2025-05;2025-06;2025-07;2025-08;2025-09;2025-10;2025-11;2025-12;2026-01;2026-02;2026-03;2026-04;2026-05;2026-06;2026-07;2026-08;2026-09,2023-10,2026-09,2b660030dbf1b6abe7c2e7990788c9c1b52e515c700e92047558042804e51fb1,MA,True,1,True,,False,XNYS,USD,False,False,False,,,0,,MA,2022-11-28,2026-10-01,964,1442,479,0,479,0,2023-09-29,211,0,0,42,0,0,479,False,True,False,Financials,True,https://raw.githubusercontent.com/datasets/s-and-p-500-companies/master/data/constituents.csv,c7085e5d78cd0e059eeb00c982a66b6d24cacd2e55d80c72760fc86c97174c82,XNYS,False,False,0,15,False,0,0,0,False,0,,UNVERIFIED; preserve source share class,listing;ohlcv;adjustment;corporate_actions;calendar_timezone,"verify prior-public listing intervals and security representation; validate source clocks/calendars; reconcile split-only OHLC, total-return vintages, dividends/payment dates and merger/delisting ledger; recover seed/warm-up and missing sessions; disclose current-GICS approximation and assess sensitivity; USD identity FX only","[{""symbol"":""MA"",""file"":""backtests/staged/wf3_prices.json.gz"",""sha256"":""6ab928b5ab5a1226dfecbccd9b50e444766aba9c00f6ce4f372801cbaaab2793"",""observations"":964,""first"":""2022-11-28"",""last"":""2026-10-01""}]",False,False,False,False,True,False,True,True
isin:US57667L1070,Match Group Inc,US57667L1070,57667L107,,US,PARTIALLY_READY,PARTIALLY_READY,2023-10;2023-11;2023-12;2024-01;2024-02;2024-03;2024-04;2024-05;2024-06;2024-07;2024-08;2024-09;2024-10;2024-11;2024-12;2025-01;2025-02;2025-03;2025-04;2025-05;2025-06;2025-07;2025-08;2025-09;2025-10;2025-11;2025-12;2026-01;2026-02;2026-03;2026-04;2026-05;2026-06;2026-07;2026-08;2026-09,2023-10,2026-09,2b660030dbf1b6abe7c2e7990788c9c1b52e515c700e92047558042804e51fb1,MTCH,True,1,True,,False,XNAS,USD,False,False,False,,,0,,MTCH,2022-11-28,2026-10-01,964,1442,479,0,479,0,2023-09-29,211,0,0,42,0,0,479,False,False,False,UNRESOLVED,False,,,XNYS,False,False,0,7,False,0,0,0,False,0,,UNVERIFIED; preserve source share class,listing;ohlcv;adjustment;corporate_actions;gics;calendar_timezone,"verify prior-public listing intervals and security representation; validate source clocks/calendars; reconcile split-only OHLC, total-return vintages, dividends/payment dates and merger/delisting ledger; recover seed/warm-up and missing sessions; source exact-ID current GICS and corrections; USD identity FX only","[{""symbol"":""MTCH"",""file"":""backtests/staged/wf3_prices.json.gz"",""sha256"":""6ab928b5ab5a1226dfecbccd9b50e444766aba9c00f6ce4f372801cbaaab2793"",""observations"":964,""first"":""2022-11-28"",""last"":""2026-10-01""}]",False,False,False,False,False,False,True,True
isin:US5797802064,McCormick & Co Inc/MD,US5797802064,579780206,,US,PARTIALLY_READY,PARTIALLY_READY,2023-10;2023-11;2023-12;2024-01;2024-02;2024-03;2024-04;2024-05;2024-06;2024-07;2024-08;2024-09;2024-10;2024-11;2024-12;2025-01;2025-02;2025-03;2025-04;2025-05;2025-06;2025-07;2025-08;2025-09;2025-10;2025-11;2025-12;2026-01;2026-02;2026-03;2026-04;2026-05;2026-06;2026-07;2026-08;2026-09,2023-10,2026-09,2b660030dbf1b6abe7c2e7990788c9c1b52e515c700e92047558042804e51fb1,MKC,True,1,True,,False,XNYS,USD,False,False,False,,,0,,MKC,2022-11-28,2026-10-01,964,1442,479,0,479,0,2023-09-29,211,0,0,42,0,0,479,False,True,False,Consumer Staples,True,https://raw.githubusercontent.com/datasets/s-and-p-500-companies/master/data/constituents.csv,40bdec89ab5a203672d3f4cf1b3908e03f6d74c0385d22c570612e9b8ad93cb7,XNYS,False,False,0,15,False,0,0,0,False,0,,UNVERIFIED; preserve source share class,listing;ohlcv;adjustment;corporate_actions;calendar_timezone,"verify prior-public listing intervals and security representation; validate source clocks/calendars; reconcile split-only OHLC, total-return vintages, dividends/payment dates and merger/delisting ledger; recover seed/warm-up and missing sessions; disclose current-GICS approximation and assess sensitivity; USD identity FX only","[{""symbol"":""MKC"",""file"":""backtests/staged/wf3_prices.json.gz"",""sha256"":""6ab928b5ab5a1226dfecbccd9b50e444766aba9c00f6ce4f372801cbaaab2793"",""observations"":964,""first"":""2022-11-28"",""last"":""2026-10-01""}]",False,False,False,False,True,False,True,True
isin:US5801351017,McDonald's Corp,US5801351017,580135101,,US,PARTIALLY_READY,PARTIALLY_READY,2023-10;2023-11;2023-12;2024-01;2024-02;2024-03;2024-04;2024-05;2024-06;2024-07;2024-08;2024-09;2024-10;2024-11;2024-12;2025-01;2025-02;2025-03;2025-04;2025-05;2025-06;2025-07;2025-08;2025-09;2025-10;2025-11;2025-12;2026-01;2026-02;2026-03;2026-04;2026-05;2026-06;2026-07;2026-08;2026-09,2023-10,2026-09,2b660030dbf1b6abe7c2e7990788c9c1b52e515c700e92047558042804e51fb1,MCD,True,1,True,,False,XNYS,USD,False,False,False,,,0,,MCD,2022-11-28,2026-10-01,964,1442,479,0,479,0,2023-09-29,211,0,0,42,0,0,479,False,True,False,Consumer Discretionary,True,https://raw.githubusercontent.com/datasets/s-and-p-500-companies/master/data/constituents.csv,1e4fe7ba3dc22c5e2314328c5aeb91f491d87bbeb7e246be1dd697adb1f93e65,XNYS,False,False,0,16,False,0,0,0,False,0,,UNVERIFIED; preserve source share class,listing;ohlcv;adjustment;corporate_actions;calendar_timezone,"verify prior-public listing intervals and security representation; validate source clocks/calendars; reconcile split-only OHLC, total-return vintages, dividends/payment dates and merger/delisting ledger; recover seed/warm-up and missing sessions; disclose current-GICS approximation and assess sensitivity; USD identity FX only","[{""symbol"":""MCD"",""file"":""backtests/staged/wf3_prices.json.gz"",""sha256"":""6ab928b5ab5a1226dfecbccd9b50e444766aba9c00f6ce4f372801cbaaab2793"",""observations"":964,""first"":""2022-11-28"",""last"":""2026-10-01""}]",False,False,False,False,True,False,True,True
isin:US58155Q1031,McKesson Corp,US58155Q1031,58155Q103,,US,PARTIALLY_READY,PARTIALLY_READY,2023-10;2023-11;2023-12;2024-01;2024-02;2024-03;2024-04;2024-05;2024-06;2024-07;2024-08;2024-09;2024-10;2024-11;2024-12;2025-01;2025-02;2025-03;2025-04;2025-05;2025-06;2025-07;2025-08;2025-09;2025-10;2025-11;2025-12;2026-01;2026-02;2026-03;2026-04;2026-05;2026-06;2026-07;2026-08;2026-09,2023-10,2026-09,2b660030dbf1b6abe7c2e7990788c9c1b52e515c700e92047558042804e51fb1,MCK,True,1,True,,False,XNYS,USD,False,False,False,,,0,,MCK,2022-11-28,2026-10-01,964,1442,479,0,479,0,2023-09-29,211,0,0,42,0,0,479,False,True,False,Health Care,True,https://raw.githubusercontent.com/datasets/s-and-p-500-companies/master/data/constituents.csv,5020957e4eadcab42ae62f4fecb4e6f98371f792d66423504add853b2a564b9a,XNYS,False,False,0,16,False,0,0,0,False,0,,UNVERIFIED; preserve source share class,listing;ohlcv;adjustment;corporate_actions;calendar_timezone,"verify prior-public listing intervals and security representation; validate source clocks/calendars; reconcile split-only OHLC, total-return vintages, dividends/payment dates and merger/delisting ledger; recover seed/warm-up and missing sessions; disclose current-GICS approximation and assess sensitivity; USD identity FX only","[{""symbol"":""MCK"",""file"":""backtests/staged/wf3_prices.json.gz"",""sha256"":""6ab928b5ab5a1226dfecbccd9b50e444766aba9c00f6ce4f372801cbaaab2793"",""observations"":964,""first"":""2022-11-28"",""last"":""2026-10-01""}]",False,False,False,False,True,False,True,True
isin:US58933Y1055,Merck & Co Inc,US58933Y1055,58933Y105,,US,PARTIALLY_READY,PARTIALLY_READY,2023-10;2023-11;2023-12;2024-01;2024-02;2024-03;2024-04;2024-05;2024-06;2024-07;2024-08;2024-09;2024-10;2024-11;2024-12;2025-01;2025-02;2025-03;2025-04;2025-05;2025-06;2025-07;2025-08;2025-09;2025-10;2025-11;2025-12;2026-01;2026-02;2026-03;2026-04;2026-05;2026-06;2026-07;2026-08;2026-09,2023-10,2026-09,2b660030dbf1b6abe7c2e7990788c9c1b52e515c700e92047558042804e51fb1,MRK,True,1,True,,False,XNYS,USD,False,False,False,,,0,,MRK,2022-11-28,2026-10-01,964,1442,479,0,479,0,2023-09-29,211,0,0,42,0,0,479,False,True,False,Health Care,True,https://raw.githubusercontent.com/datasets/s-and-p-500-companies/master/data/constituents.csv,8fe5ff123ee43e08eb671adf4035635c6fc9a7f2671df823a2d0ce8b38e0036a,XNYS,False,False,0,16,False,0,0,0,False,0,,UNVERIFIED; preserve source share class,listing;ohlcv;adjustment;corporate_actions;calendar_timezone,"verify prior-public listing intervals and security representation; validate source clocks/calendars; reconcile split-only OHLC, total-return vintages, dividends/payment dates and merger/delisting ledger; recover seed/warm-up and missing sessions; disclose current-GICS approximation and assess sensitivity; USD identity FX only","[{""symbol"":""MRK"",""file"":""backtests/staged/wf3_prices.json.gz"",""sha256"":""6ab928b5ab5a1226dfecbccd9b50e444766aba9c00f6ce4f372801cbaaab2793"",""observations"":964,""first"":""2022-11-28"",""last"":""2026-10-01""}]",False,False,False,False,True,False,True,True
isin:US59156R1086,MetLife Inc,US59156R1086,59156R108,,US,PARTIALLY_READY,PARTIALLY_READY,2023-10;2023-11;2023-12;2024-01;2024-02;2024-03;2024-04;2024-05;2024-06;2024-07;2024-08;2024-09;2024-10;2024-11;2024-12;2025-01;2025-02;2025-03;2025-04;2025-05;2025-06;2025-07;2025-08;2025-09;2025-10;2025-11;2025-12;2026-01;2026-02;2026-03;2026-04;2026-05;2026-06;2026-07;2026-08;2026-09,2023-10,2026-09,2b660030dbf1b6abe7c2e7990788c9c1b52e515c700e92047558042804e51fb1,MET,True,1,True,,False,XNYS,USD,False,False,False,,,0,,MET,2022-11-28,2026-10-01,964,1442,479,0,479,0,2023-09-29,211,0,0,42,0,0,479,False,True,False,Financials,True,https://raw.githubusercontent.com/datasets/s-and-p-500-companies/master/data/constituents.csv,15525acfc3afc19c9711651c99ff7f310ef24cb2f7c03e7a2a71e4958619e556,XNYS,False,False,0,15,False,0,0,0,False,0,,UNVERIFIED; preserve source share class,listing;ohlcv;adjustment;corporate_actions;calendar_timezone,"verify prior-public listing intervals and security representation; validate source clocks/calendars; reconcile split-only OHLC, total-return vintages, dividends/payment dates and merger/delisting ledger; recover seed/warm-up and missing sessions; disclose current-GICS approximation and assess sensitivity; USD identity FX only","[{""symbol"":""MET"",""file"":""backtests/staged/wf3_prices.json.gz"",""sha256"":""6ab928b5ab5a1226dfecbccd9b50e444766aba9c00f6ce4f372801cbaaab2793"",""observations"":964,""first"":""2022-11-28"",""last"":""2026-10-01""}]",False,False,False,False,True,False,True,True
isin:US5949181045,Microsoft Corp,US5949181045,594918104,,US,PARTIALLY_READY,PARTIALLY_READY,2023-10;2023-11;2023-12;2024-01;2024-02;2024-03;2024-04;2024-05;2024-06;2024-07;2024-08;2024-09;2024-10;2024-11;2024-12;2025-01;2025-02;2025-03;2025-04;2025-05;2025-06;2025-07;2025-08;2025-09;2025-10;2025-11;2025-12;2026-01;2026-02;2026-03;2026-04;2026-05;2026-06;2026-07;2026-08;2026-09,2023-10,2026-09,2b660030dbf1b6abe7c2e7990788c9c1b52e515c700e92047558042804e51fb1,MSFT,True,1,True,,False,XNAS,USD,False,False,False,,,0,,MSFT,2022-11-28,2026-10-01,964,1442,479,0,479,0,2023-09-29,211,0,0,42,0,0,479,False,True,False,Information Technology,True,https://raw.githubusercontent.com/datasets/s-and-p-500-companies/master/data/constituents.csv,afba506b5aa4f7793db5da896ff36d06f729107a7e17ddeeb73f0c55dd143bc2,XNYS,False,False,0,15,False,0,0,0,False,0,,UNVERIFIED; preserve source share class,listing;ohlcv;adjustment;corporate_actions;calendar_timezone,"verify prior-public listing intervals and security representation; validate source clocks/calendars; reconcile split-only OHLC, total-return vintages, dividends/payment dates and merger/delisting ledger; recover seed/warm-up and missing sessions; disclose current-GICS approximation and assess sensitivity; USD identity FX only","[{""symbol"":""MSFT"",""file"":""backtests/staged/wf3_prices.json.gz"",""sha256"":""6ab928b5ab5a1226dfecbccd9b50e444766aba9c00f6ce4f372801cbaaab2793"",""observations"":964,""first"":""2022-11-28"",""last"":""2026-10-01""}]",False,False,False,False,True,False,True,True
isin:US5950171042,Microchip Technology Inc,US5950171042,595017104,,US,PARTIALLY_READY,PARTIALLY_READY,2025-11;2025-12;2026-01;2026-02;2026-03;2026-04;2026-05;2026-06;2026-07;2026-08;2026-09,2025-11,2026-09,2b660030dbf1b6abe7c2e7990788c9c1b52e515c700e92047558042804e51fb1,MCHP,True,1,True,,False,XNAS,USD,False,False,False,,,0,,MCHP,2022-11-28,2026-10-01,964,1442,479,0,479,0,2025-11-28,754,0,0,0,0,0,479,False,True,False,Information Technology,True,https://raw.githubusercontent.com/datasets/s-and-p-500-companies/master/data/constituents.csv,f72efc6a303c0ce5e8f1ca5eba816e937e6d7afdbafcbdf0e22e81dfff3ebc3a,XNYS,False,False,0,15,False,0,0,0,False,0,,UNVERIFIED; preserve source share class,listing;ohlcv;adjustment;corporate_actions;calendar_timezone,"verify prior-public listing intervals and security representation; validate source clocks/calendars; reconcile split-only OHLC, total-return vintages, dividends/payment dates and merger/delisting ledger; recover seed/warm-up and missing sessions; disclose current-GICS approximation and assess sensitivity; USD identity FX only","[{""symbol"":""MCHP"",""file"":""backtests/staged/wf3_prices.json.gz"",""sha256"":""6ab928b5ab5a1226dfecbccd9b50e444766aba9c00f6ce4f372801cbaaab2793"",""observations"":964,""first"":""2022-11-28"",""last"":""2026-10-01""}]",False,False,False,False,True,False,True,True
isin:US5951121038,Micron Technology Inc,US5951121038,595112103,,US,PARTIALLY_READY,PARTIALLY_READY,2023-10;2023-11;2023-12;2024-01;2024-02;2024-03;2024-04;2024-05;2024-06;2024-07;2024-08;2024-09;2024-10;2024-11;2024-12;2025-01;2025-02;2025-03;2025-04;2025-05;2025-06;2025-07;2025-08;2025-09;2025-10;2025-11;2025-12;2026-01;2026-02;2026-03;2026-04;2026-05;2026-06;2026-07;2026-08;2026-09,2023-10,2026-09,2b660030dbf1b6abe7c2e7990788c9c1b52e515c700e92047558042804e51fb1,MU,True,1,True,,False,XNAS,USD,False,False,False,,,0,,MU,2022-11-28,2026-10-01,964,1442,479,0,479,0,2023-09-29,211,0,0,42,0,0,479,False,True,False,Information Technology,True,https://raw.githubusercontent.com/datasets/s-and-p-500-companies/master/data/constituents.csv,0d721776819e401d46e39ab729f17067de2920bb01e85afb101e40ce49ac9169,XNYS,False,True,0,15,False,0,0,0,False,0,,UNVERIFIED; preserve source share class,listing;ohlcv;adjustment;corporate_actions;calendar_timezone,"verify prior-public listing intervals and security representation; validate source clocks/calendars; reconcile split-only OHLC, total-return vintages, dividends/payment dates and merger/delisting ledger; recover seed/warm-up and missing sessions; disclose current-GICS approximation and assess sensitivity; USD identity FX only","[{""symbol"":""MU"",""file"":""backtests/staged/wf3_prices.json.gz"",""sha256"":""6ab928b5ab5a1226dfecbccd9b50e444766aba9c00f6ce4f372801cbaaab2793"",""observations"":964,""first"":""2022-11-28"",""last"":""2026-10-01""},{""symbol"":""MU.US"",""file"":""research/eodhd_output/MU_US.csv"",""sha256"":""da22302cdcbf48878d3116ac36d448f4f0eb7dda2cef21ec697412538dbc66ee"",""observations"":252,""first"":""2025-10-09"",""last"":""2026-10-09""}]",False,False,False,False,True,False,True,True
isin:US60770K1079,Moderna Inc,US60770K1079,60770K107,,US,PARTIALLY_READY,PARTIALLY_READY,2023-10;2023-11;2023-12;2024-01;2024-02;2024-03;2024-04;2024-05;2024-06;2024-07;2024-08;2024-09;2024-10;2024-11;2024-12;2025-01;2025-02;2025-03;2025-04;2025-05;2025-06;2025-07;2025-08;2025-09;2025-10;2025-11;2025-12;2026-01;2026-02;2026-03;2026-04;2026-05;2026-06;2026-07;2026-08;2026-09,2023-10,2026-09,2b660030dbf1b6abe7c2e7990788c9c1b52e515c700e92047558042804e51fb1,MRNA,True,1,True,,False,XNAS,USD,False,False,False,,,0,,MRNA,2022-11-28,2026-10-01,964,1442,479,0,479,0,2023-09-29,211,0,0,42,0,0,479,False,True,False,Health Care,True,https://raw.githubusercontent.com/datasets/s-and-p-500-companies/master/data/constituents.csv,526338976665ef64f726398541e45cda3c2f6bca4493f584d97589507f9703d6,XNYS,False,False,0,0,False,0,0,0,False,0,,UNVERIFIED; preserve source share class,listing;ohlcv;adjustment;corporate_actions;calendar_timezone,"verify prior-public listing intervals and security representation; validate source clocks/calendars; reconcile split-only OHLC, total-return vintages, dividends/payment dates and merger/delisting ledger; recover seed/warm-up and missing sessions; disclose current-GICS approximation and assess sensitivity; USD identity FX only","[{""symbol"":""MRNA"",""file"":""backtests/staged/wf3_prices.json.gz"",""sha256"":""6ab928b5ab5a1226dfecbccd9b50e444766aba9c00f6ce4f372801cbaaab2793"",""observations"":964,""first"":""2022-11-28"",""last"":""2026-10-01""}]",False,False,False,False,True,False,True,True
isin:US60855R1005,Molina Healthcare Inc,US60855R1005,60855R100,,US,PARTIALLY_READY,PARTIALLY_READY,2026-02;2026-03;2026-04;2026-05;2026-06;2026-07;2026-08;2026-09,2026-02,2026-09,2b660030dbf1b6abe7c2e7990788c9c1b52e515c700e92047558042804e51fb1,MOH,True,1,True,,False,XNYS,USD,False,False,False,,,0,,MOH,2022-11-28,2026-10-01,964,1442,479,0,479,0,2026-02-27,815,0,0,0,0,0,479,False,False,False,UNRESOLVED,False,,,XNYS,False,False,0,0,False,0,0,0,False,0,,UNVERIFIED; preserve source share class,listing;ohlcv;adjustment;corporate_actions;gics;calendar_timezone,"verify prior-public listing intervals and security representation; validate source clocks/calendars; reconcile split-only OHLC, total-return vintages, dividends/payment dates and merger/delisting ledger; recover seed/warm-up and missing sessions; source exact-ID current GICS and corrections; USD identity FX only","[{""symbol"":""MOH"",""file"":""backtests/staged/wf3_prices.json.gz"",""sha256"":""6ab928b5ab5a1226dfecbccd9b50e444766aba9c00f6ce4f372801cbaaab2793"",""observations"":964,""first"":""2022-11-28"",""last"":""2026-10-01""}]",False,False,False,False,False,False,True,True
isin:US6092071058,Mondelez International Inc,US6092071058,609207105,,US,PARTIALLY_READY,PARTIALLY_READY,2023-10;2023-11;2023-12;2024-01;2024-02;2024-03;2024-04;2024-05;2024-06;2024-07;2024-08;2024-09;2024-10;2024-11;2024-12;2025-01;2025-02;2025-03;2025-04;2025-05;2025-06;2025-07;2025-08;2025-09;2025-10;2025-11;2025-12;2026-01;2026-02;2026-03;2026-04;2026-05;2026-06;2026-07;2026-08;2026-09,2023-10,2026-09,2b660030dbf1b6abe7c2e7990788c9c1b52e515c700e92047558042804e51fb1,MDLZ,True,1,True,,False,XNAS,USD,False,False,False,,,0,,MDLZ,2022-11-28,2026-10-01,964,1442,479,0,479,0,2023-09-29,211,0,0,42,0,0,479,False,True,False,Consumer Staples,True,https://raw.githubusercontent.com/datasets/s-and-p-500-companies/master/data/constituents.csv,6275b6a740f211363c96c6fd8780cad030b9af93785be603f0c6755002862d5a,XNYS,False,False,0,16,False,0,0,0,False,0,,UNVERIFIED; preserve source share class,listing;ohlcv;adjustment;corporate_actions;calendar_timezone,"verify prior-public listing intervals and security representation; validate source clocks/calendars; reconcile split-only OHLC, total-return vintages, dividends/payment dates and merger/delisting ledger; recover seed/warm-up and missing sessions; disclose current-GICS approximation and assess sensitivity; USD identity FX only","[{""symbol"":""MDLZ"",""file"":""backtests/staged/wf3_prices.json.gz"",""sha256"":""6ab928b5ab5a1226dfecbccd9b50e444766aba9c00f6ce4f372801cbaaab2793"",""observations"":964,""first"":""2022-11-28"",""last"":""2026-10-01""}]",False,False,False,False,True,False,True,True
isin:US6098391054,Monolithic Power Systems Inc,US6098391054,609839105,,US,PARTIALLY_READY,PARTIALLY_READY,2023-10;2023-11;2023-12;2024-01;2024-02;2024-03;2024-04;2024-05;2024-06;2024-07;2024-08;2024-09;2024-10;2024-11;2024-12;2025-01;2025-02;2025-03;2025-04;2025-05;2025-06;2025-07;2025-08;2025-09;2025-10;2025-11;2025-12;2026-01;2026-02;2026-03;2026-04;2026-05;2026-06;2026-07;2026-08;2026-09,2023-10,2026-09,2b660030dbf1b6abe7c2e7990788c9c1b52e515c700e92047558042804e51fb1,MPWR,True,1,True,,False,XNAS,USD,False,False,False,,,0,,MPWR,2022-11-28,2026-10-01,964,1442,479,0,479,0,2023-09-29,211,0,0,42,0,0,479,False,True,False,Information Technology,True,https://raw.githubusercontent.com/datasets/s-and-p-500-companies/master/data/constituents.csv,4540e1c016b18d2324dbc6640a86101e4660d6712168e1ae7476efcb2e531146,XNYS,False,False,0,16,False,0,0,0,False,0,,UNVERIFIED; preserve source share class,listing;ohlcv;adjustment;corporate_actions;calendar_timezone,"verify prior-public listing intervals and security representation; validate source clocks/calendars; reconcile split-only OHLC, total-return vintages, dividends/payment dates and merger/delisting ledger; recover seed/warm-up and missing sessions; disclose current-GICS approximation and assess sensitivity; USD identity FX only","[{""symbol"":""MPWR"",""file"":""backtests/staged/wf3_prices.json.gz"",""sha256"":""6ab928b5ab5a1226dfecbccd9b50e444766aba9c00f6ce4f372801cbaaab2793"",""observations"":964,""first"":""2022-11-28"",""last"":""2026-10-01""}]",False,False,False,False,True,False,True,True
isin:US6153691059,Moody's Corp,US6153691059,615369105,,US,PARTIALLY_READY,PARTIALLY_READY,2024-11;2024-12;2025-01;2025-02;2025-03;2025-04;2025-05;2025-06;2025-07;2025-08;2025-09;2025-10;2025-11;2025-12;2026-01;2026-02;2026-03;2026-04;2026-05;2026-06;2026-07;2026-08;2026-09,2024-11,2026-09,2b660030dbf1b6abe7c2e7990788c9c1b52e515c700e92047558042804e51fb1,MCO,True,1,True,,False,XNYS,USD,False,False,False,,,0,,MCO,2022-11-28,2026-10-01,964,1442,479,0,479,0,2024-11-29,505,0,0,0,0,0,479,False,True,False,Financials,True,https://raw.githubusercontent.com/datasets/s-and-p-500-companies/master/data/constituents.csv,38453e7d2556d4873185efee0ad77cccfab05cfe871042872c06fffa6f7f4663,XNYS,False,False,0,15,False,0,0,0,False,0,,UNVERIFIED; preserve source share class,listing;ohlcv;adjustment;corporate_actions;calendar_timezone,"verify prior-public listing intervals and security representation; validate source clocks/calendars; reconcile split-only OHLC, total-return vintages, dividends/payment dates and merger/delisting ledger; recover seed/warm-up and missing sessions; disclose current-GICS approximation and assess sensitivity; USD identity FX only","[{""symbol"":""MCO"",""file"":""backtests/staged/wf3_prices.json.gz"",""sha256"":""6ab928b5ab5a1226dfecbccd9b50e444766aba9c00f6ce4f372801cbaaab2793"",""observations"":964,""first"":""2022-11-28"",""last"":""2026-10-01""}]",False,False,False,False,True,False,True,True
isin:US6174464486,Morgan Stanley,US6174464486,617446448,,US,PARTIALLY_READY,PARTIALLY_READY,2023-10;2023-11;2023-12;2024-01;2024-02;2024-03;2024-04;2024-05;2024-06;2024-07;2024-08;2024-09;2024-10;2024-11;2024-12;2025-01;2025-02;2025-03;2025-04;2025-05;2025-06;2025-07;2025-08;2025-09;2025-10;2025-11;2025-12;2026-01;2026-02;2026-03;2026-04;2026-05;2026-06;2026-07;2026-08;2026-09,2023-10,2026-09,2b660030dbf1b6abe7c2e7990788c9c1b52e515c700e92047558042804e51fb1,MS,True,1,True,,False,XNYS,USD,False,False,False,,,0,,MS,2022-11-28,2026-10-01,964,1442,479,0,479,0,2023-09-29,211,0,0,42,0,0,479,False,True,False,Financials,True,https://raw.githubusercontent.com/datasets/s-and-p-500-companies/master/data/constituents.csv,505f503174d91a7ab225cdb8dea9b3683771fa6f61984784087f96fb6078c681,XNYS,False,False,0,15,False,0,0,0,False,0,,UNVERIFIED; preserve source share class,listing;ohlcv;adjustment;corporate_actions;calendar_timezone,"verify prior-public listing intervals and security representation; validate source clocks/calendars; reconcile split-only OHLC, total-return vintages, dividends/payment dates and merger/delisting ledger; recover seed/warm-up and missing sessions; disclose current-GICS approximation and assess sensitivity; USD identity FX only","[{""symbol"":""MS"",""file"":""backtests/staged/wf3_prices.json.gz"",""sha256"":""6ab928b5ab5a1226dfecbccd9b50e444766aba9c00f6ce4f372801cbaaab2793"",""observations"":964,""first"":""2022-11-28"",""last"":""2026-10-01""}]",False,False,False,False,True,False,True,True
isin:US61945C1036,Mosaic Co/The,US61945C1036,61945C103,,US,PARTIALLY_READY,PARTIALLY_READY,2023-10;2023-11;2023-12;2024-01;2024-02;2024-03;2024-04;2024-05;2024-06;2024-07;2024-08;2024-09;2024-10;2024-11;2024-12;2025-01;2025-02;2025-03;2025-04;2025-05;2025-06;2025-07;2025-08;2025-09;2025-10;2025-11;2025-12;2026-01;2026-02;2026-03;2026-04;2026-05;2026-06;2026-07;2026-08;2026-09,2023-10,2026-09,2b660030dbf1b6abe7c2e7990788c9c1b52e515c700e92047558042804e51fb1,MOS,True,1,True,,False,XNYS,USD,False,False,False,,,0,,MOS,2022-11-28,2026-10-01,964,1442,479,0,479,0,2023-09-29,211,0,0,42,0,0,479,False,True,False,Materials,True,https://raw.githubusercontent.com/datasets/s-and-p-500-companies/master/data/constituents.csv,6d78bc8602752fd9d345377d399ccffe357e01249c37a985c194be8e85e6c736,XNYS,False,False,0,17,False,0,0,0,False,0,,UNVERIFIED; preserve source share class,listing;ohlcv;adjustment;corporate_actions;calendar_timezone,"verify prior-public listing intervals and security representation; validate source clocks/calendars; reconcile split-only OHLC, total-return vintages, dividends/payment dates and merger/delisting ledger; recover seed/warm-up and missing sessions; disclose current-GICS approximation and assess sensitivity; USD identity FX only","[{""symbol"":""MOS"",""file"":""backtests/staged/wf3_prices.json.gz"",""sha256"":""6ab928b5ab5a1226dfecbccd9b50e444766aba9c00f6ce4f372801cbaaab2793"",""observations"":964,""first"":""2022-11-28"",""last"":""2026-10-01""}]",False,False,False,False,True,False,True,True
isin:US6293775085,NRG Energy Inc,US6293775085,629377508,,US,PARTIALLY_READY,PARTIALLY_READY,2025-05;2025-06;2025-07;2025-08;2025-09;2025-10;2025-11;2025-12;2026-01;2026-02;2026-03;2026-04;2026-05;2026-06;2026-07;2026-08;2026-09,2025-05,2026-09,2b660030dbf1b6abe7c2e7990788c9c1b52e515c700e92047558042804e51fb1,NRG,True,1,True,,False,XNYS,USD,False,False,False,,,0,,NRG,2022-11-28,2026-10-01,964,1442,479,0,479,0,2025-05-30,628,0,0,0,0,0,479,False,True,False,Utilities,True,https://raw.githubusercontent.com/datasets/s-and-p-500-companies/master/data/constituents.csv,6d237682334b918b19566fdda37d29b2cf009fa2e06c7d851c454ce5470a0e58,XNYS,False,False,0,15,False,0,0,0,False,0,,UNVERIFIED; preserve source share class,listing;ohlcv;adjustment;corporate_actions;calendar_timezone,"verify prior-public listing intervals and security representation; validate source clocks/calendars; reconcile split-only OHLC, total-return vintages, dividends/payment dates and merger/delisting ledger; recover seed/warm-up and missing sessions; disclose current-GICS approximation and assess sensitivity; USD identity FX only","[{""symbol"":""NRG"",""file"":""backtests/staged/wf3_prices.json.gz"",""sha256"":""6ab928b5ab5a1226dfecbccd9b50e444766aba9c00f6ce4f372801cbaaab2793"",""observations"":964,""first"":""2022-11-28"",""last"":""2026-10-01""}]",False,False,False,False,True,False,True,True
isin:US64110D1046,NetApp Inc,US64110D1046,64110D104,,US,PARTIALLY_READY,PARTIALLY_READY,2023-10;2023-11;2023-12;2024-01;2024-02;2024-03;2024-04;2024-05;2024-06;2024-07;2024-08;2024-09;2024-10;2024-11;2024-12;2025-01;2025-02;2025-03;2025-04;2025-05;2025-06;2025-07;2025-08;2025-09;2025-10;2025-11;2025-12;2026-01;2026-02;2026-03;2026-04;2026-05;2026-06;2026-07;2026-08;2026-09,2023-10,2026-09,2b660030dbf1b6abe7c2e7990788c9c1b52e515c700e92047558042804e51fb1,NTAP,True,1,True,,False,XNAS,USD,False,False,False,,,0,,NTAP,2022-11-28,2026-10-01,964,1442,479,0,479,0,2023-09-29,211,0,0,42,0,0,479,False,True,False,Information Technology,True,https://raw.githubusercontent.com/datasets/s-and-p-500-companies/master/data/constituents.csv,a723371af7bc423e6d1a8ee7514eacf7f345584ca9be31ef2ba0b585c2690613,XNYS,False,False,0,15,False,0,0,0,False,0,,UNVERIFIED; preserve source share class,listing;ohlcv;adjustment;corporate_actions;calendar_timezone,"verify prior-public listing intervals and security representation; validate source clocks/calendars; reconcile split-only OHLC, total-return vintages, dividends/payment dates and merger/delisting ledger; recover seed/warm-up and missing sessions; disclose current-GICS approximation and assess sensitivity; USD identity FX only","[{""symbol"":""NTAP"",""file"":""backtests/staged/wf3_prices.json.gz"",""sha256"":""6ab928b5ab5a1226dfecbccd9b50e444766aba9c00f6ce4f372801cbaaab2793"",""observations"":964,""first"":""2022-11-28"",""last"":""2026-10-01""}]",False,False,False,False,True,False,True,True
isin:US64110L1061,Netflix Inc,US64110L1061,64110L106,,US,PARTIALLY_READY,PARTIALLY_READY,2023-10;2023-11;2023-12;2024-01;2024-02;2024-03;2024-04;2024-05;2024-06;2024-07;2024-08;2024-09;2024-10;2024-11;2024-12;2025-01;2025-02;2025-03;2025-04;2025-05;2025-06;2025-07;2025-08;2025-09;2025-10;2025-11;2025-12;2026-01;2026-02;2026-03;2026-04;2026-05;2026-06;2026-07;2026-08;2026-09,2023-10,2026-09,2b660030dbf1b6abe7c2e7990788c9c1b52e515c700e92047558042804e51fb1,NFLX,True,1,True,,False,XNAS,USD,False,False,False,,,0,,NFLX,2022-11-28,2026-10-01,964,1442,479,0,479,0,2023-09-29,211,0,0,42,0,0,479,False,True,False,Communication Services,True,https://raw.githubusercontent.com/datasets/s-and-p-500-companies/master/data/constituents.csv,61bedcbd8798a980d167b37393b5b4bf735780bc8384acec37b5ffc8fdc57279,XNYS,False,False,1,0,False,0,0,0,False,0,,UNVERIFIED; preserve source share class,listing;ohlcv;adjustment;corporate_actions;calendar_timezone,"verify prior-public listing intervals and security representation; validate source clocks/calendars; reconcile split-only OHLC, total-return vintages, dividends/payment dates and merger/delisting ledger; recover seed/warm-up and missing sessions; disclose current-GICS approximation and assess sensitivity; USD identity FX only","[{""symbol"":""NFLX"",""file"":""backtests/staged/wf3_prices.json.gz"",""sha256"":""6ab928b5ab5a1226dfecbccd9b50e444766aba9c00f6ce4f372801cbaaab2793"",""observations"":964,""first"":""2022-11-28"",""last"":""2026-10-01""}]",False,False,False,False,True,False,True,True
isin:US6516391066,Newmont Corp,US6516391066,651639106,,US,PARTIALLY_READY,PARTIALLY_READY,2023-10;2023-11;2023-12;2024-01;2024-02;2024-03;2024-04;2024-05;2024-06;2024-07;2024-08;2024-09;2024-10;2024-11;2024-12;2025-01;2025-02;2025-03;2025-04;2025-05;2025-06;2025-07;2025-08;2025-09;2025-10;2025-11;2025-12;2026-01;2026-02;2026-03;2026-04;2026-05;2026-06;2026-07;2026-08;2026-09,2023-10,2026-09,2b660030dbf1b6abe7c2e7990788c9c1b52e515c700e92047558042804e51fb1,NEM,True,1,True,,False,XNYS,USD,False,False,False,,,0,,NEM,2022-11-28,2026-10-01,964,1442,479,0,479,0,2023-09-29,211,0,0,42,0,0,479,False,True,False,Materials,True,https://raw.githubusercontent.com/datasets/s-and-p-500-companies/master/data/constituents.csv,436c8102bb7d94a1c0961674710cc46c31a9f57121bfb351a797c07beafc94bf,XNYS,False,False,0,16,False,0,0,0,False,0,,UNVERIFIED; preserve source share class,listing;ohlcv;adjustment;corporate_actions;calendar_timezone,"verify prior-public listing intervals and security representation; validate source clocks/calendars; reconcile split-only OHLC, total-return vintages, dividends/payment dates and merger/delisting ledger; recover seed/warm-up and missing sessions; disclose current-GICS approximation and assess sensitivity; USD identity FX only","[{""symbol"":""NEM"",""file"":""backtests/staged/wf3_prices.json.gz"",""sha256"":""6ab928b5ab5a1226dfecbccd9b50e444766aba9c00f6ce4f372801cbaaab2793"",""observations"":964,""first"":""2022-11-28"",""last"":""2026-10-01""}]",False,False,False,False,True,False,True,True
isin:US65249B1098,News Corp,US65249B1098,65249B109,,US,PARTIALLY_READY,PARTIALLY_READY,2023-10;2023-11;2023-12;2024-01;2024-02;2024-03;2024-04;2024-05;2024-06;2024-07;2024-08;2024-09;2024-10;2024-11;2024-12;2025-01;2025-02;2025-03;2025-04;2025-05;2025-06;2025-07;2025-08;2025-09;2025-10;2025-11;2025-12;2026-01;2026-02;2026-03;2026-04;2026-05;2026-06;2026-07;2026-08;2026-09,2023-10,2026-09,2b660030dbf1b6abe7c2e7990788c9c1b52e515c700e92047558042804e51fb1,NWSA,True,1,True,,False,XNAS,USD,False,False,False,,,0,,NWSA,2022-11-28,2026-10-01,964,1442,479,0,479,0,2023-09-29,211,0,0,42,0,0,479,False,True,False,Communication Services,True,https://raw.githubusercontent.com/datasets/s-and-p-500-companies/master/data/constituents.csv,538d19c773fa8ac8156fa2f9cb998156e71a4f6feba1175ff36923eeb9c59742,XNYS,False,False,0,8,False,0,0,0,False,0,,UNVERIFIED; preserve source share class,listing;ohlcv;adjustment;corporate_actions;calendar_timezone,"verify prior-public listing intervals and security representation; validate source clocks/calendars; reconcile split-only OHLC, total-return vintages, dividends/payment dates and merger/delisting ledger; recover seed/warm-up and missing sessions; disclose current-GICS approximation and assess sensitivity; USD identity FX only","[{""symbol"":""NWSA"",""file"":""backtests/staged/wf3_prices.json.gz"",""sha256"":""6ab928b5ab5a1226dfecbccd9b50e444766aba9c00f6ce4f372801cbaaab2793"",""observations"":964,""first"":""2022-11-28"",""last"":""2026-10-01""}]",False,False,False,False,True,False,True,True
isin:US65339F1012,NextEra Energy Inc,US65339F1012,65339F101,,US,PARTIALLY_READY,PARTIALLY_READY,2023-10;2023-11;2023-12;2024-01;2024-02;2024-03;2024-04;2024-05;2024-06;2024-07;2024-08;2024-09;2024-10;2024-11;2024-12;2025-01;2025-02;2025-03;2025-04;2025-05;2025-06;2025-07;2025-08;2025-09;2025-10;2025-11;2025-12;2026-01;2026-02;2026-03;2026-04;2026-05;2026-06;2026-07;2026-08;2026-09,2023-10,2026-09,2b660030dbf1b6abe7c2e7990788c9c1b52e515c700e92047558042804e51fb1,NEE,True,1,True,,False,XNYS,USD,False,False,False,,,0,,NEE,2022-11-28,2026-10-01,964,1442,479,0,479,0,2023-09-29,211,0,0,42,0,0,479,False,True,False,Utilities,True,https://raw.githubusercontent.com/datasets/s-and-p-500-companies/master/data/constituents.csv,27455249b824987aff9a697734ed85ef7c57fe4ed94c00b954836537288c6af0,XNYS,False,False,0,15,False,0,0,0,False,0,,UNVERIFIED; preserve source share class,listing;ohlcv;adjustment;corporate_actions;calendar_timezone,"verify prior-public listing intervals and security representation; validate source clocks/calendars; reconcile split-only OHLC, total-return vintages, dividends/payment dates and merger/delisting ledger; recover seed/warm-up and missing sessions; disclose current-GICS approximation and assess sensitivity; USD identity FX only","[{""symbol"":""NEE"",""file"":""backtests/staged/wf3_prices.json.gz"",""sha256"":""6ab928b5ab5a1226dfecbccd9b50e444766aba9c00f6ce4f372801cbaaab2793"",""observations"":964,""first"":""2022-11-28"",""last"":""2026-10-01""}]",False,False,False,False,True,False,True,True
isin:US6541061031,NIKE Inc,US6541061031,654106103,,US,PARTIALLY_READY,PARTIALLY_READY,2023-10;2023-11;2023-12;2024-01;2024-02;2024-03;2024-04;2024-05;2024-06;2024-07;2024-08;2024-09;2024-10;2024-11;2024-12;2025-01;2025-02;2025-03;2025-04;2025-05;2025-06;2025-07;2025-08;2025-09;2025-10;2025-11;2025-12;2026-01;2026-02;2026-03;2026-04;2026-05;2026-06;2026-07;2026-08;2026-09,2023-10,2026-09,2b660030dbf1b6abe7c2e7990788c9c1b52e515c700e92047558042804e51fb1,NKE,True,1,True,,False,XNYS,USD,False,False,False,,,0,,NKE,2022-11-28,2026-10-01,964,1442,479,0,479,0,2023-09-29,211,0,0,42,0,0,479,False,True,False,Consumer Discretionary,True,https://raw.githubusercontent.com/datasets/s-and-p-500-companies/master/data/constituents.csv,ee052d550d795996d4db7fad32897e0e2224f139dc501e121984530f8a8b400f,XNYS,False,False,0,16,False,0,0,0,False,0,,UNVERIFIED; preserve source share class,listing;ohlcv;adjustment;corporate_actions;calendar_timezone,"verify prior-public listing intervals and security representation; validate source clocks/calendars; reconcile split-only OHLC, total-return vintages, dividends/payment dates and merger/delisting ledger; recover seed/warm-up and missing sessions; disclose current-GICS approximation and assess sensitivity; USD identity FX only","[{""symbol"":""NKE"",""file"":""backtests/staged/wf3_prices.json.gz"",""sha256"":""6ab928b5ab5a1226dfecbccd9b50e444766aba9c00f6ce4f372801cbaaab2793"",""observations"":964,""first"":""2022-11-28"",""last"":""2026-10-01""}]",False,False,False,False,True,False,True,True
isin:US6558441084,Norfolk Southern Corp,US6558441084,655844108,,US,PARTIALLY_READY,PARTIALLY_READY,2023-10;2023-11;2023-12;2024-01;2024-02;2024-03;2024-04;2024-05;2024-06;2024-07;2024-08;2024-09;2024-10;2024-11;2024-12;2025-01;2025-02;2025-03;2025-04;2025-05;2025-06;2025-07;2025-08;2025-09;2025-10;2025-11;2025-12;2026-01;2026-02;2026-03;2026-04;2026-05;2026-06;2026-07;2026-08;2026-09,2023-10,2026-09,2b660030dbf1b6abe7c2e7990788c9c1b52e515c700e92047558042804e51fb1,NSC,True,1,True,,False,XNYS,USD,False,False,False,,,0,,NSC,2022-11-28,2026-10-01,964,1442,479,0,479,0,2023-09-29,211,0,0,42,0,0,479,False,True,False,Industrials,True,https://raw.githubusercontent.com/datasets/s-and-p-500-companies/master/data/constituents.csv,3769851ea077be6081431bcb4afcb525f949aafa76e81c06c5f707a4f3805638,XNYS,False,False,0,15,False,0,0,0,False,0,,UNVERIFIED; preserve source share class,listing;ohlcv;adjustment;corporate_actions;calendar_timezone,"verify prior-public listing intervals and security representation; validate source clocks/calendars; reconcile split-only OHLC, total-return vintages, dividends/payment dates and merger/delisting ledger; recover seed/warm-up and missing sessions; disclose current-GICS approximation and assess sensitivity; USD identity FX only","[{""symbol"":""NSC"",""file"":""backtests/staged/wf3_prices.json.gz"",""sha256"":""6ab928b5ab5a1226dfecbccd9b50e444766aba9c00f6ce4f372801cbaaab2793"",""observations"":964,""first"":""2022-11-28"",""last"":""2026-10-01""}]",False,False,False,False,True,False,True,True
isin:US6668071029,Northrop Grumman Corp,US6668071029,666807102,,US,PARTIALLY_READY,PARTIALLY_READY,2023-10;2023-11;2023-12;2024-01;2024-02;2024-03;2024-04;2024-05;2024-06;2024-07;2024-08;2024-09;2024-10;2024-11;2024-12;2025-01;2025-02;2025-03;2025-04;2025-05;2025-06;2025-07;2025-08;2025-09;2025-10;2025-11;2025-12;2026-01;2026-02;2026-03;2026-04;2026-05;2026-06;2026-07;2026-08;2026-09,2023-10,2026-09,2b660030dbf1b6abe7c2e7990788c9c1b52e515c700e92047558042804e51fb1,NOC,True,1,True,,False,XNYS,USD,False,False,False,,,0,,NOC,2022-11-28,2026-10-01,964,1442,479,0,479,0,2023-09-29,211,0,0,42,0,0,479,False,True,False,Industrials,True,https://raw.githubusercontent.com/datasets/s-and-p-500-companies/master/data/constituents.csv,bd992caefe98983512f2d78baf4cf192764c2622a127c0d5c4bf6c5e16eaa1b3,XNYS,False,False,0,15,False,0,0,0,False,0,,UNVERIFIED; preserve source share class,listing;ohlcv;adjustment;corporate_actions;calendar_timezone,"verify prior-public listing intervals and security representation; validate source clocks/calendars; reconcile split-only OHLC, total-return vintages, dividends/payment dates and merger/delisting ledger; recover seed/warm-up and missing sessions; disclose current-GICS approximation and assess sensitivity; USD identity FX only","[{""symbol"":""NOC"",""file"":""backtests/staged/wf3_prices.json.gz"",""sha256"":""6ab928b5ab5a1226dfecbccd9b50e444766aba9c00f6ce4f372801cbaaab2793"",""observations"":964,""first"":""2022-11-28"",""last"":""2026-10-01""}]",False,False,False,False,True,False,True,True
isin:US6703461052,Nucor Corp,US6703461052,670346105,,US,PARTIALLY_READY,PARTIALLY_READY,2023-10;2023-11;2023-12;2024-01;2024-02;2024-03;2024-04;2024-05;2024-06;2024-07;2024-08;2024-09;2024-10;2024-11;2024-12;2025-01;2025-02;2025-03;2025-04;2025-05;2025-06;2025-07;2025-08;2025-09;2025-10;2025-11;2025-12;2026-01;2026-02;2026-03;2026-04;2026-05;2026-06;2026-07;2026-08;2026-09,2023-10,2026-09,2b660030dbf1b6abe7c2e7990788c9c1b52e515c700e92047558042804e51fb1,NUE,True,1,True,,False,XNYS,USD,False,False,False,,,0,,NUE,2022-11-28,2026-10-01,964,1442,479,0,479,0,2023-09-29,211,0,0,42,0,0,479,False,True,False,Materials,True,https://raw.githubusercontent.com/datasets/s-and-p-500-companies/master/data/constituents.csv,e3f2166e354389799eadecbea8369d1ddb81a29ffe1860da8e91d31be38e2947,XNYS,False,False,0,16,False,0,0,0,False,0,,UNVERIFIED; preserve source share class,listing;ohlcv;adjustment;corporate_actions;calendar_timezone,"verify prior-public listing intervals and security representation; validate source clocks/calendars; reconcile split-only OHLC, total-return vintages, dividends/payment dates and merger/delisting ledger; recover seed/warm-up and missing sessions; disclose current-GICS approximation and assess sensitivity; USD identity FX only","[{""symbol"":""NUE"",""file"":""backtests/staged/wf3_prices.json.gz"",""sha256"":""6ab928b5ab5a1226dfecbccd9b50e444766aba9c00f6ce4f372801cbaaab2793"",""observations"":964,""first"":""2022-11-28"",""last"":""2026-10-01""}]",False,False,False,False,True,False,True,True
isin:US67066G1040,NVIDIA Corp,US67066G1040,67066G104,,US,PARTIALLY_READY,PARTIALLY_READY,2023-10;2023-11;2023-12;2024-01;2024-02;2024-03;2024-04;2024-05;2024-06;2024-07;2024-08;2024-09;2024-10;2024-11;2024-12;2025-01;2025-02;2025-03;2025-04;2025-05;2025-06;2025-07;2025-08;2025-09;2025-10;2025-11;2025-12;2026-01;2026-02;2026-03;2026-04;2026-05;2026-06;2026-07;2026-08;2026-09,2023-10,2026-09,2b660030dbf1b6abe7c2e7990788c9c1b52e515c700e92047558042804e51fb1,NVDA,True,1,True,,False,XNAS,USD,False,False,False,,,0,,NVDA,2022-11-28,2026-10-01,964,1442,479,0,479,0,2023-09-29,211,0,0,42,0,0,479,False,True,False,Information Technology,True,https://raw.githubusercontent.com/datasets/s-and-p-500-companies/master/data/constituents.csv,c7a2d8f77d29b877914905c62b049b895a99d976c523c5c1d163ae6cbd9cd9a5,XNYS,False,True,1,16,False,0,0,0,False,0,,UNVERIFIED; preserve source share class,listing;ohlcv;adjustment;corporate_actions;calendar_timezone,"verify prior-public listing intervals and security representation; validate source clocks/calendars; reconcile split-only OHLC, total-return vintages, dividends/payment dates and merger/delisting ledger; recover seed/warm-up and missing sessions; disclose current-GICS approximation and assess sensitivity; USD identity FX only","[{""symbol"":""NVDA"",""file"":""backtests/staged/wf3_prices.json.gz"",""sha256"":""6ab928b5ab5a1226dfecbccd9b50e444766aba9c00f6ce4f372801cbaaab2793"",""observations"":964,""first"":""2022-11-28"",""last"":""2026-10-01""},{""symbol"":""NVDA.US"",""file"":""research/eodhd_output/NVDA_US.csv"",""sha256"":""c60055c7e39ffb1692257965316a46ab85161dd2512db0d73e3126eb04654f6b"",""observations"":252,""first"":""2025-10-09"",""last"":""2026-10-09""}]",False,False,False,False,True,False,True,True
isin:US67103H1077,O'Reilly Automotive Inc,US67103H1077,67103H107,,US,PARTIALLY_READY,PARTIALLY_READY,2023-10;2023-11;2023-12;2024-01;2024-02;2024-03;2024-04;2024-05;2024-06;2024-07;2024-08;2024-09;2024-10;2024-11;2024-12;2025-01;2025-02;2025-03;2025-04;2025-05;2025-06;2025-07;2025-08;2025-09;2025-10;2025-11;2025-12;2026-01;2026-02;2026-03;2026-04;2026-05;2026-06;2026-07;2026-08;2026-09,2023-10,2026-09,2b660030dbf1b6abe7c2e7990788c9c1b52e515c700e92047558042804e51fb1,ORLY,True,1,True,,False,XNAS,USD,False,False,False,,,0,,ORLY,2022-11-28,2026-10-01,964,1442,479,0,479,0,2023-09-29,211,0,0,42,0,0,479,False,True,False,Consumer Discretionary,True,https://raw.githubusercontent.com/datasets/s-and-p-500-companies/master/data/constituents.csv,d48f271fff1a2cf69c069aa12fa4cbfdff2b3a80f99a8bad21ab7fab671c1dd2,XNYS,False,False,1,0,False,0,0,0,False,0,,UNVERIFIED; preserve source share class,listing;ohlcv;adjustment;corporate_actions;calendar_timezone,"verify prior-public listing intervals and security representation; validate source clocks/calendars; reconcile split-only OHLC, total-return vintages, dividends/payment dates and merger/delisting ledger; recover seed/warm-up and missing sessions; disclose current-GICS approximation and assess sensitivity; USD identity FX only","[{""symbol"":""ORLY"",""file"":""backtests/staged/wf3_prices.json.gz"",""sha256"":""6ab928b5ab5a1226dfecbccd9b50e444766aba9c00f6ce4f372801cbaaab2793"",""observations"":964,""first"":""2022-11-28"",""last"":""2026-10-01""}]",False,False,False,False,True,False,True,True
isin:US6745991058,Occidental Petroleum Corp,US6745991058,674599105,,US,PARTIALLY_READY,PARTIALLY_READY,2023-10;2023-11;2023-12;2024-01;2024-02;2024-03;2024-04;2024-05;2024-06;2024-07;2024-08;2024-09;2024-10;2024-11;2024-12;2025-01;2025-02;2025-03;2025-04;2025-05;2025-06;2025-07;2025-08;2025-09;2025-10;2025-11;2025-12;2026-01;2026-02;2026-03;2026-04;2026-05;2026-06;2026-07;2026-08;2026-09,2023-10,2026-09,2b660030dbf1b6abe7c2e7990788c9c1b52e515c700e92047558042804e51fb1,OXY,True,1,True,,False,XNYS,USD,False,False,False,,,0,,OXY,2022-11-28,2026-10-01,964,1442,479,0,479,0,2023-09-29,211,0,0,42,0,0,479,False,True,False,Energy,True,https://raw.githubusercontent.com/datasets/s-and-p-500-companies/master/data/constituents.csv,16d99642d74faf3e12e64e12edb4fe1a73d74535be294e07729a01916096f49e,XNYS,False,False,0,16,False,0,0,0,False,0,,UNVERIFIED; preserve source share class,listing;ohlcv;adjustment;corporate_actions;calendar_timezone,"verify prior-public listing intervals and security representation; validate source clocks/calendars; reconcile split-only OHLC, total-return vintages, dividends/payment dates and merger/delisting ledger; recover seed/warm-up and missing sessions; disclose current-GICS approximation and assess sensitivity; USD identity FX only","[{""symbol"":""OXY"",""file"":""backtests/staged/wf3_prices.json.gz"",""sha256"":""6ab928b5ab5a1226dfecbccd9b50e444766aba9c00f6ce4f372801cbaaab2793"",""observations"":964,""first"":""2022-11-28"",""last"":""2026-10-01""}]",False,False,False,False,True,False,True,True
isin:US6795801009,Old Dominion Freight Line Inc,US6795801009,679580100,,US,PARTIALLY_READY,PARTIALLY_READY,2023-11;2023-12;2024-01;2024-02;2024-03;2024-04;2024-05;2024-06;2024-07;2024-08;2024-09;2024-10;2024-11;2024-12;2025-01;2025-02;2025-03;2025-04;2025-05;2025-06;2025-07;2025-08;2025-09;2025-10;2025-11;2025-12;2026-01;2026-02;2026-03;2026-04;2026-05;2026-06;2026-07;2026-08;2026-09,2023-11,2026-09,2b660030dbf1b6abe7c2e7990788c9c1b52e515c700e92047558042804e51fb1,ODFL,True,1,True,,False,XNAS,USD,False,False,False,,,0,,ODFL,2022-11-28,2026-10-01,964,1442,479,0,479,0,2023-11-30,254,0,0,0,0,0,479,False,True,False,Industrials,True,https://raw.githubusercontent.com/datasets/s-and-p-500-companies/master/data/constituents.csv,9f9320ea634e34e371e88148cad9cad16a4c63daff19e8a5d855527ff1c58033,XNYS,False,False,1,16,False,0,0,0,False,0,,UNVERIFIED; preserve source share class,listing;ohlcv;adjustment;corporate_actions;calendar_timezone,"verify prior-public listing intervals and security representation; validate source clocks/calendars; reconcile split-only OHLC, total-return vintages, dividends/payment dates and merger/delisting ledger; recover seed/warm-up and missing sessions; disclose current-GICS approximation and assess sensitivity; USD identity FX only","[{""symbol"":""ODFL"",""file"":""backtests/staged/wf3_prices.json.gz"",""sha256"":""6ab928b5ab5a1226dfecbccd9b50e444766aba9c00f6ce4f372801cbaaab2793"",""observations"":964,""first"":""2022-11-28"",""last"":""2026-10-01""}]",False,False,False,False,True,False,True,True
isin:US6821891057,ON Semiconductor Corp,US6821891057,682189105,,US,PARTIALLY_READY,PARTIALLY_READY,2023-10;2023-11;2023-12;2024-01;2024-02;2024-03;2024-04;2024-05;2024-06;2024-07;2024-08;2024-09;2024-10;2024-11;2024-12;2025-01;2025-02;2025-03;2025-04;2025-05;2025-06;2025-07;2025-08;2025-09;2025-10;2025-11;2025-12;2026-01;2026-02;2026-03;2026-04;2026-05;2026-06;2026-07;2026-08;2026-09,2023-10,2026-09,2b660030dbf1b6abe7c2e7990788c9c1b52e515c700e92047558042804e51fb1,ON,True,1,True,,False,XNAS,USD,False,False,False,,,0,,ON,2022-11-28,2026-10-01,964,1442,479,0,479,0,2023-09-29,211,0,0,42,0,0,479,False,True,False,Information Technology,True,https://raw.githubusercontent.com/datasets/s-and-p-500-companies/master/data/constituents.csv,ca7c72be1840a59bf4b6d2c2a116ace5f33045c4ff4c18d9d2d6e5a1e7752335,XNYS,False,False,0,0,False,0,0,0,False,0,,UNVERIFIED; preserve source share class,listing;ohlcv;adjustment;corporate_actions;calendar_timezone,"verify prior-public listing intervals and security representation; validate source clocks/calendars; reconcile split-only OHLC, total-return vintages, dividends/payment dates and merger/delisting ledger; recover seed/warm-up and missing sessions; disclose current-GICS approximation and assess sensitivity; USD identity FX only","[{""symbol"":""ON"",""file"":""backtests/staged/wf3_prices.json.gz"",""sha256"":""6ab928b5ab5a1226dfecbccd9b50e444766aba9c00f6ce4f372801cbaaab2793"",""observations"":964,""first"":""2022-11-28"",""last"":""2026-10-01""}]",False,False,False,False,True,False,True,True
isin:US68389X1054,Oracle Corp,US68389X1054,68389X105,,US,PARTIALLY_READY,PARTIALLY_READY,2023-10;2023-11;2023-12;2024-01;2024-02;2024-03;2024-04;2024-05;2024-06;2024-07;2024-08;2024-09;2024-10;2024-11;2024-12;2025-01;2025-02;2025-03;2025-04;2025-05;2025-06;2025-07;2025-08;2025-09;2025-10;2025-11;2025-12;2026-01;2026-02;2026-03;2026-04;2026-05;2026-06;2026-07;2026-08;2026-09,2023-10,2026-09,2b660030dbf1b6abe7c2e7990788c9c1b52e515c700e92047558042804e51fb1,ORCL,True,1,True,,False,XNYS,USD,False,False,False,,,0,,ORCL,2022-11-28,2026-10-01,964,1442,479,0,479,0,2023-09-29,211,0,0,42,0,0,479,False,True,False,Information Technology,True,https://raw.githubusercontent.com/datasets/s-and-p-500-companies/master/data/constituents.csv,21a53709760f64737a7b321568df5501470afcc32b38a4d39ada94f266b44542,XNYS,False,False,0,15,False,0,0,0,False,0,,UNVERIFIED; preserve source share class,listing;ohlcv;adjustment;corporate_actions;calendar_timezone,"verify prior-public listing intervals and security representation; validate source clocks/calendars; reconcile split-only OHLC, total-return vintages, dividends/payment dates and merger/delisting ledger; recover seed/warm-up and missing sessions; disclose current-GICS approximation and assess sensitivity; USD identity FX only","[{""symbol"":""ORCL"",""file"":""backtests/staged/wf3_prices.json.gz"",""sha256"":""6ab928b5ab5a1226dfecbccd9b50e444766aba9c00f6ce4f372801cbaaab2793"",""observations"":964,""first"":""2022-11-28"",""last"":""2026-10-01""}]",False,False,False,False,True,False,True,True
isin:US68902V1070,Otis Worldwide Corp,US68902V1070,68902V107,,US,PARTIALLY_READY,PARTIALLY_READY,2023-10;2023-11;2023-12;2024-01;2024-02;2024-03;2024-04;2024-05;2024-06;2024-07;2024-08;2024-09;2024-10;2024-11;2024-12;2025-01;2025-02;2025-03;2025-04;2025-05;2025-06;2025-07;2025-08;2025-09;2025-10;2025-11;2025-12;2026-01;2026-02;2026-03;2026-04;2026-05;2026-06;2026-07;2026-08;2026-09,2023-10,2026-09,2b660030dbf1b6abe7c2e7990788c9c1b52e515c700e92047558042804e51fb1,OTIS,True,1,True,,False,XNYS,USD,False,False,False,,,0,,OTIS,2022-11-28,2026-10-01,964,1442,479,0,479,0,2023-09-29,211,0,0,42,0,0,479,False,True,False,Industrials,True,https://raw.githubusercontent.com/datasets/s-and-p-500-companies/master/data/constituents.csv,14538de3af36ee7c11f8544bb83db8bcff96c7a2b3314ce2df3bfba1aea7cb2a,XNYS,False,False,0,15,False,0,0,0,False,0,,UNVERIFIED; preserve source share class,listing;ohlcv;adjustment;corporate_actions;calendar_timezone,"verify prior-public listing intervals and security representation; validate source clocks/calendars; reconcile split-only OHLC, total-return vintages, dividends/payment dates and merger/delisting ledger; recover seed/warm-up and missing sessions; disclose current-GICS approximation and assess sensitivity; USD identity FX only","[{""symbol"":""OTIS"",""file"":""backtests/staged/wf3_prices.json.gz"",""sha256"":""6ab928b5ab5a1226dfecbccd9b50e444766aba9c00f6ce4f372801cbaaab2793"",""observations"":964,""first"":""2022-11-28"",""last"":""2026-10-01""}]",False,False,False,False,True,False,True,True
isin:US69331C1080,PG&E Corp,US69331C1080,69331C108,,US,PARTIALLY_READY,PARTIALLY_READY,2023-10;2023-11;2023-12;2024-01;2024-02;2024-03;2024-04;2024-05;2024-06;2024-07;2024-08;2024-09;2024-10;2024-11;2024-12;2025-01;2025-02;2025-03;2025-04;2025-05;2025-06;2025-07;2025-08;2025-09;2025-10;2025-11;2025-12;2026-01;2026-02;2026-03;2026-04;2026-05;2026-06;2026-07;2026-08;2026-09,2023-10,2026-09,2b660030dbf1b6abe7c2e7990788c9c1b52e515c700e92047558042804e51fb1,PCG,True,1,True,,False,XNYS,USD,False,False,False,,,0,,PCG,2022-11-28,2026-10-01,964,1442,479,0,479,0,2023-09-29,211,0,0,42,0,0,479,False,True,False,Utilities,True,https://raw.githubusercontent.com/datasets/s-and-p-500-companies/master/data/constituents.csv,df5cc321617b1a314338f4a6b14ca55c14f6a5e27738cd5bea8c3637a30943c1,XNYS,False,False,0,12,False,0,0,0,False,0,,UNVERIFIED; preserve source share class,listing;ohlcv;adjustment;corporate_actions;calendar_timezone,"verify prior-public listing intervals and security representation; validate source clocks/calendars; reconcile split-only OHLC, total-return vintages, dividends/payment dates and merger/delisting ledger; recover seed/warm-up and missing sessions; disclose current-GICS approximation and assess sensitivity; USD identity FX only","[{""symbol"":""PCG"",""file"":""backtests/staged/wf3_prices.json.gz"",""sha256"":""6ab928b5ab5a1226dfecbccd9b50e444766aba9c00f6ce4f372801cbaaab2793"",""observations"":964,""first"":""2022-11-28"",""last"":""2026-10-01""}]",False,False,False,False,True,False,True,True
isin:US6934751057,PNC Financial Services Group Inc/The,US6934751057,693475105,,US,PARTIALLY_READY,PARTIALLY_READY,2023-10;2023-11;2023-12;2024-01;2024-02;2024-03;2024-04;2024-05;2024-06;2024-07;2024-08;2024-09;2024-10;2024-11;2024-12;2025-01;2025-02;2025-03;2025-04;2025-05;2025-06;2025-07;2025-08;2025-09;2025-10;2025-11;2025-12;2026-01;2026-02;2026-03;2026-04;2026-05;2026-06;2026-07;2026-08;2026-09,2023-10,2026-09,2b660030dbf1b6abe7c2e7990788c9c1b52e515c700e92047558042804e51fb1,PNC,True,1,True,,False,XNYS,USD,False,False,False,,,0,,PNC,2022-11-28,2026-10-01,964,1442,479,0,479,0,2023-09-29,211,0,0,42,0,0,479,False,True,False,Financials,True,https://raw.githubusercontent.com/datasets/s-and-p-500-companies/master/data/constituents.csv,5dc9e9f6189e84531cd0f975dffbd05568283cf8d3628e640a0633c6750b1658,XNYS,False,False,0,15,False,0,0,0,False,0,,UNVERIFIED; preserve source share class,listing;ohlcv;adjustment;corporate_actions;calendar_timezone,"verify prior-public listing intervals and security representation; validate source clocks/calendars; reconcile split-only OHLC, total-return vintages, dividends/payment dates and merger/delisting ledger; recover seed/warm-up and missing sessions; disclose current-GICS approximation and assess sensitivity; USD identity FX only","[{""symbol"":""PNC"",""file"":""backtests/staged/wf3_prices.json.gz"",""sha256"":""6ab928b5ab5a1226dfecbccd9b50e444766aba9c00f6ce4f372801cbaaab2793"",""observations"":964,""first"":""2022-11-28"",""last"":""2026-10-01""}]",False,False,False,False,True,False,True,True
isin:US6935061076,PPG Industries Inc,US6935061076,693506107,,US,PARTIALLY_READY,PARTIALLY_READY,2025-11;2025-12;2026-01;2026-02;2026-03;2026-04;2026-05;2026-06;2026-07;2026-08;2026-09,2025-11,2026-09,2b660030dbf1b6abe7c2e7990788c9c1b52e515c700e92047558042804e51fb1,PPG,True,1,True,,False,XNYS,USD,False,False,False,,,0,,PPG,2022-11-28,2026-10-01,964,1442,479,0,479,0,2025-11-28,754,0,0,0,0,0,479,False,True,False,Materials,True,https://raw.githubusercontent.com/datasets/s-and-p-500-companies/master/data/constituents.csv,487d41f758c4d306993d78e6313ca03c58fcc18a949e66db814c9570e1ac943c,XNYS,False,False,0,15,False,0,0,0,False,0,,UNVERIFIED; preserve source share class,listing;ohlcv;adjustment;corporate_actions;calendar_timezone,"verify prior-public listing intervals and security representation; validate source clocks/calendars; reconcile split-only OHLC, total-return vintages, dividends/payment dates and merger/delisting ledger; recover seed/warm-up and missing sessions; disclose current-GICS approximation and assess sensitivity; USD identity FX only","[{""symbol"":""PPG"",""file"":""backtests/staged/wf3_prices.json.gz"",""sha256"":""6ab928b5ab5a1226dfecbccd9b50e444766aba9c00f6ce4f372801cbaaab2793"",""observations"":964,""first"":""2022-11-28"",""last"":""2026-10-01""}]",False,False,False,False,True,False,True,True
isin:US69351T1060,PPL Corp,US69351T1060,69351T106,,US,PARTIALLY_READY,PARTIALLY_READY,2023-10;2023-11;2023-12;2024-01;2024-02;2024-03;2024-04;2024-05;2024-06;2024-07;2024-08;2024-09;2024-10;2024-11;2024-12;2025-01;2025-02;2025-03;2025-04;2025-05;2025-06;2025-07;2025-08;2025-09;2025-10;2025-11;2025-12;2026-01;2026-02;2026-03;2026-04;2026-05;2026-06;2026-07;2026-08;2026-09,2023-10,2026-09,2b660030dbf1b6abe7c2e7990788c9c1b52e515c700e92047558042804e51fb1,PPL,True,1,True,,False,XNYS,USD,False,False,False,,,0,,PPL,2022-11-28,2026-10-01,964,1442,479,0,479,0,2023-09-29,211,0,0,42,0,0,479,False,True,False,Utilities,True,https://raw.githubusercontent.com/datasets/s-and-p-500-companies/master/data/constituents.csv,95ff61a71eb8f3c1f29a5f3c326bcc9ab7f7142efb5085fe6822ba88bc3d0170,XNYS,False,False,0,16,False,0,0,0,False,0,,UNVERIFIED; preserve source share class,listing;ohlcv;adjustment;corporate_actions;calendar_timezone,"verify prior-public listing intervals and security representation; validate source clocks/calendars; reconcile split-only OHLC, total-return vintages, dividends/payment dates and merger/delisting ledger; recover seed/warm-up and missing sessions; disclose current-GICS approximation and assess sensitivity; USD identity FX only","[{""symbol"":""PPL"",""file"":""backtests/staged/wf3_prices.json.gz"",""sha256"":""6ab928b5ab5a1226dfecbccd9b50e444766aba9c00f6ce4f372801cbaaab2793"",""observations"":964,""first"":""2022-11-28"",""last"":""2026-10-01""}]",False,False,False,False,True,False,True,True
isin:US69608A1088,Palantir Technologies Inc,US69608A1088,69608A108,,US,PARTIALLY_READY,PARTIALLY_READY,2023-10;2023-11;2023-12;2024-01;2024-02;2024-03;2024-04;2024-05;2024-06;2024-07;2024-08;2024-09;2024-10;2024-11;2024-12;2025-01;2025-02;2025-03;2025-04;2025-05;2025-06;2025-07;2025-08;2025-09;2025-10;2025-11;2025-12;2026-01;2026-02;2026-03;2026-04;2026-05;2026-06;2026-07;2026-08;2026-09,2023-10,2026-09,2b660030dbf1b6abe7c2e7990788c9c1b52e515c700e92047558042804e51fb1,PLTR,True,1,True,,False,XNAS,USD,False,False,False,,,0,,PLTR,2022-11-28,2026-10-01,964,1442,479,0,479,0,2023-09-29,211,0,0,42,0,0,479,False,True,False,Information Technology,True,https://raw.githubusercontent.com/datasets/s-and-p-500-companies/master/data/constituents.csv,f3589a975c39f6da50ba9996409c47177a44b549476318f4a3b86c2b0b948c62,XNYS,False,False,0,0,False,0,0,0,False,0,,UNVERIFIED; preserve source share class,listing;ohlcv;adjustment;corporate_actions;calendar_timezone,"verify prior-public listing intervals and security representation; validate source clocks/calendars; reconcile split-only OHLC, total-return vintages, dividends/payment dates and merger/delisting ledger; recover seed/warm-up and missing sessions; disclose current-GICS approximation and assess sensitivity; USD identity FX only","[{""symbol"":""PLTR"",""file"":""backtests/staged/wf3_prices.json.gz"",""sha256"":""6ab928b5ab5a1226dfecbccd9b50e444766aba9c00f6ce4f372801cbaaab2793"",""observations"":964,""first"":""2022-11-28"",""last"":""2026-10-01""}]",False,False,False,False,True,False,True,True
isin:US6974351057,Palo Alto Networks Inc,US6974351057,697435105,,US,PARTIALLY_READY,PARTIALLY_READY,2023-10;2023-11;2023-12;2024-01;2024-02;2024-03;2024-04;2024-05;2024-06;2024-07;2024-08;2024-09;2024-10;2024-11;2024-12;2025-01;2025-02;2025-03;2025-04;2025-05;2025-06;2025-07;2025-08;2025-09;2025-10;2025-11;2025-12;2026-01;2026-02;2026-03;2026-04;2026-05;2026-06;2026-07;2026-08;2026-09,2023-10,2026-09,2b660030dbf1b6abe7c2e7990788c9c1b52e515c700e92047558042804e51fb1,PANW,True,1,True,,False,XNAS,USD,False,False,False,,,0,,PANW,2022-11-28,2026-10-01,964,1442,479,0,479,0,2023-09-29,211,0,0,42,0,0,479,False,True,False,Information Technology,True,https://raw.githubusercontent.com/datasets/s-and-p-500-companies/master/data/constituents.csv,51ba11f3dd1d5d118c249b377b9d1476245d1989d3bd6e1c5a91f0aeb628dfed,XNYS,False,False,1,0,False,0,0,0,False,0,,UNVERIFIED; preserve source share class,listing;ohlcv;adjustment;corporate_actions;calendar_timezone,"verify prior-public listing intervals and security representation; validate source clocks/calendars; reconcile split-only OHLC, total-return vintages, dividends/payment dates and merger/delisting ledger; recover seed/warm-up and missing sessions; disclose current-GICS approximation and assess sensitivity; USD identity FX only","[{""symbol"":""PANW"",""file"":""backtests/staged/wf3_prices.json.gz"",""sha256"":""6ab928b5ab5a1226dfecbccd9b50e444766aba9c00f6ce4f372801cbaaab2793"",""observations"":964,""first"":""2022-11-28"",""last"":""2026-10-01""}]",False,False,False,False,True,False,True,True
isin:US69932A2042,Paramount Skydance Corp,US69932A2042,69932A204,,US,PARTIALLY_READY,PARTIALLY_READY,2025-11;2025-12;2026-01;2026-02;2026-03;2026-04;2026-05;2026-06;2026-07;2026-08;2026-09,2025-11,2026-09,2b660030dbf1b6abe7c2e7990788c9c1b52e515c700e92047558042804e51fb1,PSKY,True,1,True,,False,XNAS,USD,False,False,False,,,0,,PSKY,2022-11-28,2026-10-01,964,1442,479,0,479,0,2025-11-28,754,0,0,0,0,0,479,False,False,False,UNRESOLVED,False,,,XNYS,False,False,0,16,False,0,0,0,False,0,,UNVERIFIED; preserve source share class,listing;ohlcv;adjustment;corporate_actions;gics;calendar_timezone,"verify prior-public listing intervals and security representation; validate source clocks/calendars; reconcile split-only OHLC, total-return vintages, dividends/payment dates and merger/delisting ledger; recover seed/warm-up and missing sessions; source exact-ID current GICS and corrections; USD identity FX only","[{""symbol"":""PSKY"",""file"":""backtests/staged/wf3_prices.json.gz"",""sha256"":""6ab928b5ab5a1226dfecbccd9b50e444766aba9c00f6ce4f372801cbaaab2793"",""observations"":964,""first"":""2022-11-28"",""last"":""2026-10-01""}]",False,False,False,False,False,False,True,True
isin:US7010941042,Parker-Hannifin Corp,US7010941042,701094104,,US,PARTIALLY_READY,PARTIALLY_READY,2023-10;2023-11;2023-12;2024-01;2024-02;2024-03;2024-04;2024-05;2024-06;2024-07;2024-08;2024-09;2024-10;2024-11;2024-12;2025-01;2025-02;2025-03;2025-04;2025-05;2025-06;2025-07;2025-08;2025-09;2025-10;2025-11;2025-12;2026-01;2026-02;2026-03;2026-04;2026-05;2026-06;2026-07;2026-08;2026-09,2023-10,2026-09,2b660030dbf1b6abe7c2e7990788c9c1b52e515c700e92047558042804e51fb1,PH,True,1,True,,False,XNYS,USD,False,False,False,,,0,,PH,2022-11-28,2026-10-01,964,1442,479,0,479,0,2023-09-29,211,0,0,42,0,0,479,False,True,False,Industrials,True,https://raw.githubusercontent.com/datasets/s-and-p-500-companies/master/data/constituents.csv,57607f901ce875884b54651db4aee0675a52c86637fc6d2c683e80131276ecf4,XNYS,False,False,0,15,False,0,0,0,False,0,,UNVERIFIED; preserve source share class,listing;ohlcv;adjustment;corporate_actions;calendar_timezone,"verify prior-public listing intervals and security representation; validate source clocks/calendars; reconcile split-only OHLC, total-return vintages, dividends/payment dates and merger/delisting ledger; recover seed/warm-up and missing sessions; disclose current-GICS approximation and assess sensitivity; USD identity FX only","[{""symbol"":""PH"",""file"":""backtests/staged/wf3_prices.json.gz"",""sha256"":""6ab928b5ab5a1226dfecbccd9b50e444766aba9c00f6ce4f372801cbaaab2793"",""observations"":964,""first"":""2022-11-28"",""last"":""2026-10-01""}]",False,False,False,False,True,False,True,True
isin:US70450Y1038,PayPal Holdings Inc,US70450Y1038,70450Y103,,US,PARTIALLY_READY,PARTIALLY_READY,2023-10;2023-11;2023-12;2024-01;2024-02;2024-03;2024-04;2024-05;2024-06;2024-07;2024-08;2024-09;2024-10;2024-11;2024-12;2025-01;2025-02;2025-03;2025-04;2025-05;2025-06;2025-07;2025-08;2025-09;2025-10;2025-11;2025-12;2026-01;2026-02;2026-03;2026-04;2026-05;2026-06;2026-07;2026-08;2026-09,2023-10,2026-09,2b660030dbf1b6abe7c2e7990788c9c1b52e515c700e92047558042804e51fb1,PYPL,True,1,True,,False,XNAS,USD,False,False,False,,,0,,PYPL,2022-11-28,2026-10-01,964,1442,479,0,479,0,2023-09-29,211,0,0,42,0,0,479,False,True,False,Financials,True,https://raw.githubusercontent.com/datasets/s-and-p-500-companies/master/data/constituents.csv,9b4c88336bea91b56e75e4f8e5e7f7c55cc52ebb5eb70b71f7cae42558b99702,XNYS,False,False,0,4,False,0,0,0,False,0,,UNVERIFIED; preserve source share class,listing;ohlcv;adjustment;corporate_actions;calendar_timezone,"verify prior-public listing intervals and security representation; validate source clocks/calendars; reconcile split-only OHLC, total-return vintages, dividends/payment dates and merger/delisting ledger; recover seed/warm-up and missing sessions; disclose current-GICS approximation and assess sensitivity; USD identity FX only","[{""symbol"":""PYPL"",""file"":""backtests/staged/wf3_prices.json.gz"",""sha256"":""6ab928b5ab5a1226dfecbccd9b50e444766aba9c00f6ce4f372801cbaaab2793"",""observations"":964,""first"":""2022-11-28"",""last"":""2026-10-01""}]",False,False,False,False,True,False,True,True
isin:US7134481081,PepsiCo Inc,US7134481081,713448108,,US,PARTIALLY_READY,PARTIALLY_READY,2023-10;2023-11;2023-12;2024-01;2024-02;2024-03;2024-04;2024-05;2024-06;2024-07;2024-08;2024-09;2024-10;2024-11;2024-12;2025-01;2025-02;2025-03;2025-04;2025-05;2025-06;2025-07;2025-08;2025-09;2025-10;2025-11;2025-12;2026-01;2026-02;2026-03;2026-04;2026-05;2026-06;2026-07;2026-08;2026-09,2023-10,2026-09,2b660030dbf1b6abe7c2e7990788c9c1b52e515c700e92047558042804e51fb1,PEP,True,1,True,,False,XNAS,USD,False,False,False,,,0,,PEP,2022-11-28,2026-10-01,964,1442,479,0,479,0,2023-09-29,211,0,0,42,0,0,479,False,True,False,Consumer Staples,True,https://raw.githubusercontent.com/datasets/s-and-p-500-companies/master/data/constituents.csv,5cd5285d27f0b6d7beb7c3d46c1da87fbac98c7b5e471dcc5c7aee521cf23c18,XNYS,False,False,0,16,False,0,0,0,False,0,,UNVERIFIED; preserve source share class,listing;ohlcv;adjustment;corporate_actions;calendar_timezone,"verify prior-public listing intervals and security representation; validate source clocks/calendars; reconcile split-only OHLC, total-return vintages, dividends/payment dates and merger/delisting ledger; recover seed/warm-up and missing sessions; disclose current-GICS approximation and assess sensitivity; USD identity FX only","[{""symbol"":""PEP"",""file"":""backtests/staged/wf3_prices.json.gz"",""sha256"":""6ab928b5ab5a1226dfecbccd9b50e444766aba9c00f6ce4f372801cbaaab2793"",""observations"":964,""first"":""2022-11-28"",""last"":""2026-10-01""}]",False,False,False,False,True,False,True,True
isin:US7170811035,Pfizer Inc,US7170811035,717081103,,US,PARTIALLY_READY,PARTIALLY_READY,2023-10;2023-11;2023-12;2024-01;2024-02;2024-03;2024-04;2024-05;2024-06;2024-07;2024-08;2024-09;2024-10;2024-11;2024-12;2025-01;2025-02;2025-03;2025-04;2025-05;2025-06;2025-07;2025-08;2025-09;2025-10;2025-11;2025-12;2026-01;2026-02;2026-03;2026-04;2026-05;2026-06;2026-07;2026-08;2026-09,2023-10,2026-09,2b660030dbf1b6abe7c2e7990788c9c1b52e515c700e92047558042804e51fb1,PFE,True,1,True,,False,XNYS,USD,False,False,False,,,0,,PFE,2022-11-28,2026-10-01,964,1442,479,0,479,0,2023-09-29,211,0,0,42,0,0,479,False,True,False,Health Care,True,https://raw.githubusercontent.com/datasets/s-and-p-500-companies/master/data/constituents.csv,f2f15055a7e3186d60ceec240b7d76e045bfca770ebf86727e066ea1bc76e47f,XNYS,False,False,0,15,False,0,0,0,False,0,,UNVERIFIED; preserve source share class,listing;ohlcv;adjustment;corporate_actions;calendar_timezone,"verify prior-public listing intervals and security representation; validate source clocks/calendars; reconcile split-only OHLC, total-return vintages, dividends/payment dates and merger/delisting ledger; recover seed/warm-up and missing sessions; disclose current-GICS approximation and assess sensitivity; USD identity FX only","[{""symbol"":""PFE"",""file"":""backtests/staged/wf3_prices.json.gz"",""sha256"":""6ab928b5ab5a1226dfecbccd9b50e444766aba9c00f6ce4f372801cbaaab2793"",""observations"":964,""first"":""2022-11-28"",""last"":""2026-10-01""}]",False,False,False,False,True,False,True,True
isin:US7181721090,Philip Morris International Inc,US7181721090,718172109,,US,PARTIALLY_READY,PARTIALLY_READY,2023-10;2023-11;2023-12;2024-01;2024-02;2024-03;2024-04;2024-05;2024-06;2024-07;2024-08;2024-09;2024-10;2024-11;2024-12;2025-01;2025-02;2025-03;2025-04;2025-05;2025-06;2025-07;2025-08;2025-09;2025-10;2025-11;2025-12;2026-01;2026-02;2026-03;2026-04;2026-05;2026-06;2026-07;2026-08;2026-09,2023-10,2026-09,2b660030dbf1b6abe7c2e7990788c9c1b52e515c700e92047558042804e51fb1,PM,True,1,True,,False,XNYS,USD,False,False,False,,,0,,PM,2022-11-28,2026-10-01,964,1442,479,0,479,0,2023-09-29,211,0,0,42,0,0,479,False,True,False,Consumer Staples,True,https://raw.githubusercontent.com/datasets/s-and-p-500-companies/master/data/constituents.csv,11ab900101fc3bf22e435744107618e5e694c45ab0ac1b26c90b384f4e83095e,XNYS,False,False,0,15,False,0,0,0,False,0,,UNVERIFIED; preserve source share class,listing;ohlcv;adjustment;corporate_actions;calendar_timezone,"verify prior-public listing intervals and security representation; validate source clocks/calendars; reconcile split-only OHLC, total-return vintages, dividends/payment dates and merger/delisting ledger; recover seed/warm-up and missing sessions; disclose current-GICS approximation and assess sensitivity; USD identity FX only","[{""symbol"":""PM"",""file"":""backtests/staged/wf3_prices.json.gz"",""sha256"":""6ab928b5ab5a1226dfecbccd9b50e444766aba9c00f6ce4f372801cbaaab2793"",""observations"":964,""first"":""2022-11-28"",""last"":""2026-10-01""}]",False,False,False,False,True,False,True,True
isin:US7185461040,Phillips 66,US7185461040,718546104,,US,PARTIALLY_READY,PARTIALLY_READY,2023-10;2023-11;2023-12;2024-01;2024-02;2024-03;2024-04;2024-05;2024-06;2024-07;2024-08;2024-09;2024-10;2024-11;2024-12;2025-01;2025-02;2025-03;2025-04;2025-05;2025-06;2025-07;2025-08;2025-09;2025-10;2025-11;2025-12;2026-01;2026-02;2026-03;2026-04;2026-05;2026-06;2026-07;2026-08;2026-09,2023-10,2026-09,2b660030dbf1b6abe7c2e7990788c9c1b52e515c700e92047558042804e51fb1,PSX,True,1,True,,False,XNYS,USD,False,False,False,,,0,,PSX,2022-11-28,2026-10-01,964,1442,479,0,479,0,2023-09-29,211,0,0,42,0,0,479,False,True,False,Energy,True,https://raw.githubusercontent.com/datasets/s-and-p-500-companies/master/data/constituents.csv,b219d5b6035209f81904db0fda5e13dce427b6a96e76ea524be54a3626f241d5,XNYS,False,False,0,15,False,0,0,0,False,0,,UNVERIFIED; preserve source share class,listing;ohlcv;adjustment;corporate_actions;calendar_timezone,"verify prior-public listing intervals and security representation; validate source clocks/calendars; reconcile split-only OHLC, total-return vintages, dividends/payment dates and merger/delisting ledger; recover seed/warm-up and missing sessions; disclose current-GICS approximation and assess sensitivity; USD identity FX only","[{""symbol"":""PSX"",""file"":""backtests/staged/wf3_prices.json.gz"",""sha256"":""6ab928b5ab5a1226dfecbccd9b50e444766aba9c00f6ce4f372801cbaaab2793"",""observations"":964,""first"":""2022-11-28"",""last"":""2026-10-01""}]",False,False,False,False,True,False,True,True
isin:US7427181091,Procter & Gamble Co/The,US7427181091,742718109,,US,PARTIALLY_READY,PARTIALLY_READY,2023-10;2023-11;2023-12;2024-01;2024-02;2024-03;2024-04;2024-05;2024-06;2024-07;2024-08;2024-09;2024-10;2024-11;2024-12;2025-01;2025-02;2025-03;2025-04;2025-05;2025-06;2025-07;2025-08;2025-09;2025-10;2025-11;2025-12;2026-01;2026-02;2026-03;2026-04;2026-05;2026-06;2026-07;2026-08;2026-09,2023-10,2026-09,2b660030dbf1b6abe7c2e7990788c9c1b52e515c700e92047558042804e51fb1,PG,True,1,True,,False,XNYS,USD,False,False,False,,,0,,PG,2022-11-28,2026-10-01,964,1442,479,0,479,0,2023-09-29,211,0,0,42,0,0,479,False,True,False,Consumer Staples,True,https://raw.githubusercontent.com/datasets/s-and-p-500-companies/master/data/constituents.csv,09ad0f5bb44a0f3e48bb49eeb800e19b4f248861a211eb374f4c4224c0a5d515,XNYS,False,False,0,15,False,0,0,0,False,0,,UNVERIFIED; preserve source share class,listing;ohlcv;adjustment;corporate_actions;calendar_timezone,"verify prior-public listing intervals and security representation; validate source clocks/calendars; reconcile split-only OHLC, total-return vintages, dividends/payment dates and merger/delisting ledger; recover seed/warm-up and missing sessions; disclose current-GICS approximation and assess sensitivity; USD identity FX only","[{""symbol"":""PG"",""file"":""backtests/staged/wf3_prices.json.gz"",""sha256"":""6ab928b5ab5a1226dfecbccd9b50e444766aba9c00f6ce4f372801cbaaab2793"",""observations"":964,""first"":""2022-11-28"",""last"":""2026-10-01""}]",False,False,False,False,True,False,True,True
isin:US7433151039,Progressive Corp/The,US7433151039,743315103,,US,PARTIALLY_READY,PARTIALLY_READY,2023-11;2023-12;2024-01;2024-02;2024-03;2024-04;2024-05;2024-06;2024-07;2024-08;2024-09;2024-10;2024-11;2024-12;2025-01;2025-02;2025-03;2025-04;2025-05;2025-06;2025-07;2025-08;2025-09;2025-10;2025-11;2025-12;2026-01;2026-02;2026-03;2026-04;2026-05;2026-06;2026-07;2026-08;2026-09,2023-11,2026-09,2b660030dbf1b6abe7c2e7990788c9c1b52e515c700e92047558042804e51fb1,PGR,True,1,True,,False,XNYS,USD,False,False,False,,,0,,PGR,2022-11-28,2026-10-01,964,1442,479,0,479,0,2023-11-30,254,0,0,0,0,0,479,False,True,False,Financials,True,https://raw.githubusercontent.com/datasets/s-and-p-500-companies/master/data/constituents.csv,afaf524b6e8e3cdf28b50e43069a7abdf979b7c1eca06a82412cf5a7666a5e98,XNYS,False,False,0,16,False,0,0,0,False,0,,UNVERIFIED; preserve source share class,listing;ohlcv;adjustment;corporate_actions;calendar_timezone,"verify prior-public listing intervals and security representation; validate source clocks/calendars; reconcile split-only OHLC, total-return vintages, dividends/payment dates and merger/delisting ledger; recover seed/warm-up and missing sessions; disclose current-GICS approximation and assess sensitivity; USD identity FX only","[{""symbol"":""PGR"",""file"":""backtests/staged/wf3_prices.json.gz"",""sha256"":""6ab928b5ab5a1226dfecbccd9b50e444766aba9c00f6ce4f372801cbaaab2793"",""observations"":964,""first"":""2022-11-28"",""last"":""2026-10-01""}]",False,False,False,False,True,False,True,True
isin:US74340W1036,Prologis Inc,US74340W1036,74340W103,,US,PARTIALLY_READY,PARTIALLY_READY,2023-10;2023-11;2023-12;2024-01;2024-02;2024-03;2024-04;2024-05;2024-06;2024-07;2024-08;2024-09;2024-10;2024-11;2024-12;2025-01;2025-02;2025-03;2025-04;2025-05;2025-06;2025-07;2025-08;2025-09;2025-10;2025-11;2025-12;2026-01;2026-02;2026-03;2026-04;2026-05;2026-06;2026-07;2026-08;2026-09,2023-10,2026-09,2b660030dbf1b6abe7c2e7990788c9c1b52e515c700e92047558042804e51fb1,PLD,True,1,True,,False,XNYS,USD,False,False,False,,,0,,PLD,2022-11-28,2026-10-01,964,1442,479,0,479,0,2023-09-29,211,0,0,42,0,0,479,False,True,False,Real Estate,True,https://raw.githubusercontent.com/datasets/s-and-p-500-companies/master/data/constituents.csv,fb2f91b85bd5eeaf432af2e155142c7f6b0d7f0a714ba712d24680ceee7fe637,XNYS,False,False,0,16,False,0,0,0,False,0,,UNVERIFIED; preserve source share class,listing;ohlcv;adjustment;corporate_actions;calendar_timezone,"verify prior-public listing intervals and security representation; validate source clocks/calendars; reconcile split-only OHLC, total-return vintages, dividends/payment dates and merger/delisting ledger; recover seed/warm-up and missing sessions; disclose current-GICS approximation and assess sensitivity; USD identity FX only","[{""symbol"":""PLD"",""file"":""backtests/staged/wf3_prices.json.gz"",""sha256"":""6ab928b5ab5a1226dfecbccd9b50e444766aba9c00f6ce4f372801cbaaab2793"",""observations"":964,""first"":""2022-11-28"",""last"":""2026-10-01""}]",False,False,False,False,True,False,True,True
isin:US7443201022,Prudential Financial Inc,US7443201022,744320102,,US,PARTIALLY_READY,PARTIALLY_READY,2023-10;2023-11;2023-12;2024-01;2024-02;2024-03;2024-04;2024-05;2024-06;2024-07;2024-08;2024-09;2024-10;2024-11;2024-12;2025-01;2025-02;2025-03;2025-04;2025-05;2025-06;2025-07;2025-08;2025-09;2025-10;2025-11;2025-12;2026-01;2026-02;2026-03;2026-04;2026-05;2026-06;2026-07;2026-08;2026-09,2023-10,2026-09,2b660030dbf1b6abe7c2e7990788c9c1b52e515c700e92047558042804e51fb1,PRU,True,1,True,,False,XNYS,USD,False,False,False,,,0,,PRU,2022-11-28,2026-10-01,964,1442,479,0,479,0,2023-09-29,211,0,0,42,0,0,479,False,True,False,Financials,True,https://raw.githubusercontent.com/datasets/s-and-p-500-companies/master/data/constituents.csv,527011abacc720262b0c54b04332a3e271bbf8be450337987bd7b516f7d395f5,XNYS,False,False,0,15,False,0,0,0,False,0,,UNVERIFIED; preserve source share class,listing;ohlcv;adjustment;corporate_actions;calendar_timezone,"verify prior-public listing intervals and security representation; validate source clocks/calendars; reconcile split-only OHLC, total-return vintages, dividends/payment dates and merger/delisting ledger; recover seed/warm-up and missing sessions; disclose current-GICS approximation and assess sensitivity; USD identity FX only","[{""symbol"":""PRU"",""file"":""backtests/staged/wf3_prices.json.gz"",""sha256"":""6ab928b5ab5a1226dfecbccd9b50e444766aba9c00f6ce4f372801cbaaab2793"",""observations"":964,""first"":""2022-11-28"",""last"":""2026-10-01""}]",False,False,False,False,True,False,True,True
isin:US7445731067,Public Service Enterprise Group Inc,US7445731067,744573106,,US,PARTIALLY_READY,PARTIALLY_READY,2023-10;2023-11;2023-12;2024-01;2024-02;2024-03;2024-04;2024-05;2024-06;2024-07;2024-08;2024-09;2024-10;2024-11;2024-12;2025-01;2025-02;2025-03;2025-04;2025-05;2025-06;2025-07;2025-08;2025-09;2025-10;2025-11;2025-12;2026-01;2026-02;2026-03;2026-04;2026-05;2026-06;2026-07;2026-08;2026-09,2023-10,2026-09,2b660030dbf1b6abe7c2e7990788c9c1b52e515c700e92047558042804e51fb1,PEG,True,1,True,,False,XNYS,USD,False,False,False,,,0,,PEG,2022-11-28,2026-10-01,964,1442,479,0,479,0,2023-09-29,211,0,0,42,0,0,479,False,True,False,Utilities,True,https://raw.githubusercontent.com/datasets/s-and-p-500-companies/master/data/constituents.csv,f81756fab756ea95b4be3ff4b7f573c46d80cd1113b1b0215e47e792514850a7,XNYS,False,False,0,16,False,0,0,0,False,0,,UNVERIFIED; preserve source share class,listing;ohlcv;adjustment;corporate_actions;calendar_timezone,"verify prior-public listing intervals and security representation; validate source clocks/calendars; reconcile split-only OHLC, total-return vintages, dividends/payment dates and merger/delisting ledger; recover seed/warm-up and missing sessions; disclose current-GICS approximation and assess sensitivity; USD identity FX only","[{""symbol"":""PEG"",""file"":""backtests/staged/wf3_prices.json.gz"",""sha256"":""6ab928b5ab5a1226dfecbccd9b50e444766aba9c00f6ce4f372801cbaaab2793"",""observations"":964,""first"":""2022-11-28"",""last"":""2026-10-01""}]",False,False,False,False,True,False,True,True
isin:US74460D1090,Public Storage,US74460D1090,74460D109,,US,PARTIALLY_READY,PARTIALLY_READY,2023-10;2023-11;2023-12;2024-01;2024-02;2024-03;2024-04;2024-05;2024-06;2024-07;2024-08;2024-09;2024-10;2024-11;2024-12;2025-01;2025-02;2025-03;2025-04;2025-05;2025-06;2025-07;2025-08;2025-09;2025-10;2025-11;2025-12;2026-01;2026-02;2026-03;2026-04;2026-05;2026-06;2026-07;2026-08;2026-09,2023-10,2026-09,2b660030dbf1b6abe7c2e7990788c9c1b52e515c700e92047558042804e51fb1,PSA,True,1,True,,False,XNYS,USD,False,False,False,,,0,,PSA,2022-11-28,2026-10-01,964,1442,479,0,479,0,2023-09-29,211,0,0,42,0,0,479,False,True,False,Real Estate,True,https://raw.githubusercontent.com/datasets/s-and-p-500-companies/master/data/constituents.csv,271cedd0896832eeb5512575f69b32d545486e4c5cb0d6ff7cb25e50862ccd61,XNYS,False,False,0,16,False,0,0,0,False,0,,UNVERIFIED; preserve source share class,listing;ohlcv;adjustment;corporate_actions;calendar_timezone,"verify prior-public listing intervals and security representation; validate source clocks/calendars; reconcile split-only OHLC, total-return vintages, dividends/payment dates and merger/delisting ledger; recover seed/warm-up and missing sessions; disclose current-GICS approximation and assess sensitivity; USD identity FX only","[{""symbol"":""PSA"",""file"":""backtests/staged/wf3_prices.json.gz"",""sha256"":""6ab928b5ab5a1226dfecbccd9b50e444766aba9c00f6ce4f372801cbaaab2793"",""observations"":964,""first"":""2022-11-28"",""last"":""2026-10-01""}]",False,False,False,False,True,False,True,True
isin:US7458671010,PulteGroup Inc,US7458671010,745867101,,US,PARTIALLY_READY,PARTIALLY_READY,2025-11;2025-12;2026-01;2026-02;2026-03;2026-04;2026-05;2026-06;2026-07;2026-08;2026-09,2025-11,2026-09,2b660030dbf1b6abe7c2e7990788c9c1b52e515c700e92047558042804e51fb1,PHM,True,1,True,,False,XNYS,USD,False,False,False,,,0,,PHM,2022-11-28,2026-10-01,964,1442,479,0,479,0,2025-11-28,754,0,0,0,0,0,479,False,True,False,Consumer Discretionary,True,https://raw.githubusercontent.com/datasets/s-and-p-500-companies/master/data/constituents.csv,67a29d94daee41c4e7a5537519d2eec6a6900b7acae018e66e1a910d27f8f702,XNYS,False,False,0,16,False,0,0,0,False,0,,UNVERIFIED; preserve source share class,listing;ohlcv;adjustment;corporate_actions;calendar_timezone,"verify prior-public listing intervals and security representation; validate source clocks/calendars; reconcile split-only OHLC, total-return vintages, dividends/payment dates and merger/delisting ledger; recover seed/warm-up and missing sessions; disclose current-GICS approximation and assess sensitivity; USD identity FX only","[{""symbol"":""PHM"",""file"":""backtests/staged/wf3_prices.json.gz"",""sha256"":""6ab928b5ab5a1226dfecbccd9b50e444766aba9c00f6ce4f372801cbaaab2793"",""observations"":964,""first"":""2022-11-28"",""last"":""2026-10-01""}]",False,False,False,False,True,False,True,True
isin:US74743L1008,Qnity Electronics Inc,US74743L1008,74743L100,,US,PARTIALLY_READY,PARTIALLY_READY,2026-02;2026-03;2026-04;2026-05;2026-06;2026-07;2026-08;2026-09,2026-02,2026-09,2b660030dbf1b6abe7c2e7990788c9c1b52e515c700e92047558042804e51fb1,Q,True,1,True,,False,XNYS,USD,False,False,False,,,0,,Q,2025-10-27,2026-10-01,234,1442,1209,0,1209,0,2026-02-27,85,0,42,168,115,0,1209,False,True,False,Information Technology,True,https://raw.githubusercontent.com/datasets/s-and-p-500-companies/master/data/constituents.csv,03514090a9e728997564fdfd1299ce81e08fd1a8faf0271d9deae1c8917a04e4,XNYS,False,False,0,4,False,0,0,0,False,0,,UNVERIFIED; preserve source share class,listing;ohlcv;adjustment;corporate_actions;calendar_timezone,"verify prior-public listing intervals and security representation; validate source clocks/calendars; reconcile split-only OHLC, total-return vintages, dividends/payment dates and merger/delisting ledger; recover seed/warm-up and missing sessions; disclose current-GICS approximation and assess sensitivity; USD identity FX only","[{""symbol"":""Q"",""file"":""backtests/staged/wf3_prices.json.gz"",""sha256"":""6ab928b5ab5a1226dfecbccd9b50e444766aba9c00f6ce4f372801cbaaab2793"",""observations"":234,""first"":""2025-10-27"",""last"":""2026-10-01""}]",False,False,False,False,True,False,True,True
isin:US7475251036,QUALCOMM Inc,US7475251036,747525103,,US,PARTIALLY_READY,PARTIALLY_READY,2023-10;2023-11;2023-12;2024-01;2024-02;2024-03;2024-04;2024-05;2024-06;2024-07;2024-08;2024-09;2024-10;2024-11;2024-12;2025-01;2025-02;2025-03;2025-04;2025-05;2025-06;2025-07;2025-08;2025-09;2025-10;2025-11;2025-12;2026-01;2026-02;2026-03;2026-04;2026-05;2026-06;2026-07;2026-08;2026-09,2023-10,2026-09,2b660030dbf1b6abe7c2e7990788c9c1b52e515c700e92047558042804e51fb1,QCOM,True,1,True,,False,XNAS,USD,False,False,False,,,0,,QCOM,2022-11-28,2026-10-01,964,1442,479,0,479,0,2023-09-29,211,0,0,42,0,0,479,False,True,False,Information Technology,True,https://raw.githubusercontent.com/datasets/s-and-p-500-companies/master/data/constituents.csv,ab91310d5ffcc41c349b95cbc5115dca21b6bef578e5f88d0e908d4cf18e15e0,XNYS,False,False,0,16,False,0,0,0,False,0,,UNVERIFIED; preserve source share class,listing;ohlcv;adjustment;corporate_actions;calendar_timezone,"verify prior-public listing intervals and security representation; validate source clocks/calendars; reconcile split-only OHLC, total-return vintages, dividends/payment dates and merger/delisting ledger; recover seed/warm-up and missing sessions; disclose current-GICS approximation and assess sensitivity; USD identity FX only","[{""symbol"":""QCOM"",""file"":""backtests/staged/wf3_prices.json.gz"",""sha256"":""6ab928b5ab5a1226dfecbccd9b50e444766aba9c00f6ce4f372801cbaaab2793"",""observations"":964,""first"":""2022-11-28"",""last"":""2026-10-01""}]",False,False,False,False,True,False,True,True
isin:US74762E1029,Quanta Services Inc,US74762E1029,74762E102,,US,PARTIALLY_READY,PARTIALLY_READY,2025-08;2025-09;2025-10;2025-11;2025-12;2026-01;2026-02;2026-03;2026-04;2026-05;2026-06;2026-07;2026-08;2026-09,2025-08,2026-09,2b660030dbf1b6abe7c2e7990788c9c1b52e515c700e92047558042804e51fb1,PWR,True,1,True,,False,XNYS,USD,False,False,False,,,0,,PWR,2022-11-28,2026-10-01,964,1442,479,0,479,0,2025-08-29,691,0,0,0,0,0,479,False,True,False,Industrials,True,https://raw.githubusercontent.com/datasets/s-and-p-500-companies/master/data/constituents.csv,520e3c05e77cc538ae8d0ad6687de27d8397581a7e95d7d7a98e7328df99cc82,XNYS,False,False,0,16,False,0,0,0,False,0,,UNVERIFIED; preserve source share class,listing;ohlcv;adjustment;corporate_actions;calendar_timezone,"verify prior-public listing intervals and security representation; validate source clocks/calendars; reconcile split-only OHLC, total-return vintages, dividends/payment dates and merger/delisting ledger; recover seed/warm-up and missing sessions; disclose current-GICS approximation and assess sensitivity; USD identity FX only","[{""symbol"":""PWR"",""file"":""backtests/staged/wf3_prices.json.gz"",""sha256"":""6ab928b5ab5a1226dfecbccd9b50e444766aba9c00f6ce4f372801cbaaab2793"",""observations"":964,""first"":""2022-11-28"",""last"":""2026-10-01""}]",False,False,False,False,True,False,True,True
isin:US75513E1010,Raytheon Technologies Corp,US75513E1010,75513E101,,US,PARTIALLY_READY,PARTIALLY_READY,2023-10;2023-11;2023-12;2024-01;2024-02;2024-03;2024-04;2024-05;2024-06;2024-07;2024-08;2024-09;2024-10;2024-11;2024-12;2025-01;2025-02;2025-03;2025-04;2025-05;2025-06;2025-07;2025-08;2025-09;2025-10;2025-11;2025-12;2026-01;2026-02;2026-03;2026-04;2026-05;2026-06;2026-07;2026-08;2026-09,2023-10,2026-09,2b660030dbf1b6abe7c2e7990788c9c1b52e515c700e92047558042804e51fb1,RTX,True,1,True,,False,XNYS,USD,False,False,False,,,0,,RTX,2022-11-28,2026-10-01,964,1442,479,0,479,0,2023-09-29,211,0,0,42,0,0,479,False,True,False,Industrials,True,https://raw.githubusercontent.com/datasets/s-and-p-500-companies/master/data/constituents.csv,00fe76e2bb6189ce3af99b6bc600b07de3d5ba274b6dae1f0a9a92e14f72aba3,XNYS,False,False,0,15,False,0,0,0,False,0,,UNVERIFIED; preserve source share class,listing;ohlcv;adjustment;corporate_actions;calendar_timezone,"verify prior-public listing intervals and security representation; validate source clocks/calendars; reconcile split-only OHLC, total-return vintages, dividends/payment dates and merger/delisting ledger; recover seed/warm-up and missing sessions; disclose current-GICS approximation and assess sensitivity; USD identity FX only","[{""symbol"":""RTX"",""file"":""backtests/staged/wf3_prices.json.gz"",""sha256"":""6ab928b5ab5a1226dfecbccd9b50e444766aba9c00f6ce4f372801cbaaab2793"",""observations"":964,""first"":""2022-11-28"",""last"":""2026-10-01""}]",False,False,False,False,True,False,True,True
isin:US75734B1008,Reddit Inc,US75734B1008,75734B100,,US,PARTIALLY_READY,PARTIALLY_READY,2025-02;2025-03;2025-04;2025-05;2025-06;2025-07;2025-08;2025-09;2025-10;2025-11;2025-12;2026-01;2026-02;2026-03;2026-04;2026-05;2026-06;2026-07;2026-08;2026-09,2025-02,2026-09,2b660030dbf1b6abe7c2e7990788c9c1b52e515c700e92047558042804e51fb1,RDDT,True,1,True,,False,XNYS,USD,False,False,False,,,0,,RDDT,2024-03-21,2026-10-01,635,1442,808,0,808,0,2025-02-28,236,0,0,17,0,0,808,False,True,False,Communication Services,True,https://raw.githubusercontent.com/datasets/s-and-p-500-companies/master/data/constituents.csv,42777663957e1088e9e8685f0d76049b93585b0c344d028c68ab3f83b2102aa9,XNYS,False,False,0,0,False,0,0,0,False,0,,UNVERIFIED; preserve source share class,listing;ohlcv;adjustment;corporate_actions;calendar_timezone,"verify prior-public listing intervals and security representation; validate source clocks/calendars; reconcile split-only OHLC, total-return vintages, dividends/payment dates and merger/delisting ledger; recover seed/warm-up and missing sessions; disclose current-GICS approximation and assess sensitivity; USD identity FX only","[{""symbol"":""RDDT"",""file"":""backtests/staged/wf3_prices.json.gz"",""sha256"":""6ab928b5ab5a1226dfecbccd9b50e444766aba9c00f6ce4f372801cbaaab2793"",""observations"":635,""first"":""2024-03-21"",""last"":""2026-10-01""}]",False,False,False,False,True,False,True,True
isin:US7588491032,Regency Centers Corp,US7588491032,758849103,,US,PARTIALLY_READY,PARTIALLY_READY,2023-11;2023-12;2024-01;2024-02;2024-03;2024-04;2024-05;2024-06;2024-07;2024-08;2024-09;2024-10;2024-11;2024-12;2025-01;2025-02;2025-03;2025-04;2025-05;2025-06;2025-07;2025-08;2025-09;2025-10;2025-11;2025-12;2026-01;2026-02;2026-03;2026-04;2026-05;2026-06;2026-07;2026-08;2026-09,2023-11,2026-09,2b660030dbf1b6abe7c2e7990788c9c1b52e515c700e92047558042804e51fb1,REG,True,1,True,,False,XNAS,USD,False,False,False,,,0,,REG,2022-11-28,2026-10-01,964,1442,479,0,479,0,2023-11-30,254,0,0,0,0,0,479,False,True,False,Real Estate,True,https://raw.githubusercontent.com/datasets/s-and-p-500-companies/master/data/constituents.csv,b33f4b153d7a531299a23eea35b5b12fc36b5bcd1aef26c577c7b3b64f091c19,XNYS,False,False,0,16,False,0,0,0,False,0,,UNVERIFIED; preserve source share class,listing;ohlcv;adjustment;corporate_actions;calendar_timezone,"verify prior-public listing intervals and security representation; validate source clocks/calendars; reconcile split-only OHLC, total-return vintages, dividends/payment dates and merger/delisting ledger; recover seed/warm-up and missing sessions; disclose current-GICS approximation and assess sensitivity; USD identity FX only","[{""symbol"":""REG"",""file"":""backtests/staged/wf3_prices.json.gz"",""sha256"":""6ab928b5ab5a1226dfecbccd9b50e444766aba9c00f6ce4f372801cbaaab2793"",""observations"":964,""first"":""2022-11-28"",""last"":""2026-10-01""}]",False,False,False,False,True,False,True,True
isin:US75886F1075,Regeneron Pharmaceuticals Inc,US75886F1075,75886F107,,US,PARTIALLY_READY,PARTIALLY_READY,2023-10;2023-11;2023-12;2024-01;2024-02;2024-03;2024-04;2024-05;2024-06;2024-07;2024-08;2024-09;2024-10;2024-11;2024-12;2025-01;2025-02;2025-03;2025-04;2025-05;2025-06;2025-07;2025-08;2025-09;2025-10;2025-11;2025-12;2026-01;2026-02;2026-03;2026-04;2026-05;2026-06;2026-07;2026-08;2026-09,2023-10,2026-09,2b660030dbf1b6abe7c2e7990788c9c1b52e515c700e92047558042804e51fb1,REGN,True,1,True,,False,XNAS,USD,False,False,False,,,0,,REGN,2022-11-28,2026-10-01,964,1442,479,0,479,0,2023-09-29,211,0,0,42,0,0,479,False,True,False,Health Care,True,https://raw.githubusercontent.com/datasets/s-and-p-500-companies/master/data/constituents.csv,1f4a7fc0ab71212826cc3e749b58c361be511d5ae9d07be1467f144928867e75,XNYS,False,False,0,7,False,0,0,0,False,0,,UNVERIFIED; preserve source share class,listing;ohlcv;adjustment;corporate_actions;calendar_timezone,"verify prior-public listing intervals and security representation; validate source clocks/calendars; reconcile split-only OHLC, total-return vintages, dividends/payment dates and merger/delisting ledger; recover seed/warm-up and missing sessions; disclose current-GICS approximation and assess sensitivity; USD identity FX only","[{""symbol"":""REGN"",""file"":""backtests/staged/wf3_prices.json.gz"",""sha256"":""6ab928b5ab5a1226dfecbccd9b50e444766aba9c00f6ce4f372801cbaaab2793"",""observations"":964,""first"":""2022-11-28"",""last"":""2026-10-01""}]",False,False,False,False,True,False,True,True
isin:US7707001027,Robinhood Markets Inc,US7707001027,770700102,,US,PARTIALLY_READY,PARTIALLY_READY,2025-02;2025-03;2025-04;2025-05;2025-06;2025-07;2025-08;2025-09;2025-10;2025-11;2025-12;2026-01;2026-02;2026-03;2026-04;2026-05;2026-06;2026-07;2026-08;2026-09,2025-02,2026-09,2b660030dbf1b6abe7c2e7990788c9c1b52e515c700e92047558042804e51fb1,HOOD,True,1,True,,False,XNAS,USD,False,False,False,,,0,,HOOD,2022-11-28,2026-10-01,964,1442,479,0,479,0,2025-02-28,565,0,0,0,0,0,479,False,True,False,Financials,True,https://raw.githubusercontent.com/datasets/s-and-p-500-companies/master/data/constituents.csv,2e258bea71d28a4d2f0f9d515d852fcfc34376499563bd3bbdac7a9c8aaef87c,XNYS,False,False,0,0,False,0,0,0,False,0,,UNVERIFIED; preserve source share class,listing;ohlcv;adjustment;corporate_actions;calendar_timezone,"verify prior-public listing intervals and security representation; validate source clocks/calendars; reconcile split-only OHLC, total-return vintages, dividends/payment dates and merger/delisting ledger; recover seed/warm-up and missing sessions; disclose current-GICS approximation and assess sensitivity; USD identity FX only","[{""symbol"":""HOOD"",""file"":""backtests/staged/wf3_prices.json.gz"",""sha256"":""6ab928b5ab5a1226dfecbccd9b50e444766aba9c00f6ce4f372801cbaaab2793"",""observations"":964,""first"":""2022-11-28"",""last"":""2026-10-01""}]",False,False,False,False,True,False,True,True
isin:US7782961038,Ross Stores Inc,US7782961038,778296103,,US,PARTIALLY_READY,PARTIALLY_READY,2023-10;2023-11;2023-12;2024-01;2024-02;2024-03;2024-04;2024-05;2024-06;2024-07;2024-08;2024-09;2024-10;2024-11;2024-12;2025-01;2025-02;2025-03;2025-04;2025-05;2025-06;2025-07;2025-08;2025-09;2025-10;2025-11;2025-12;2026-01;2026-02;2026-03;2026-04;2026-05;2026-06;2026-07;2026-08;2026-09,2023-10,2026-09,2b660030dbf1b6abe7c2e7990788c9c1b52e515c700e92047558042804e51fb1,ROST,True,1,True,,False,XNAS,USD,False,False,False,,,0,,ROST,2022-11-28,2026-10-01,964,1442,479,0,479,0,2023-09-29,211,0,0,42,0,0,479,False,True,False,Consumer Discretionary,True,https://raw.githubusercontent.com/datasets/s-and-p-500-companies/master/data/constituents.csv,41f2391a919fdc14fb98a363d46ccf085116d03bc514abe278ffda5f9cd5b2a3,XNYS,False,False,0,16,False,0,0,0,False,0,,UNVERIFIED; preserve source share class,listing;ohlcv;adjustment;corporate_actions;calendar_timezone,"verify prior-public listing intervals and security representation; validate source clocks/calendars; reconcile split-only OHLC, total-return vintages, dividends/payment dates and merger/delisting ledger; recover seed/warm-up and missing sessions; disclose current-GICS approximation and assess sensitivity; USD identity FX only","[{""symbol"":""ROST"",""file"":""backtests/staged/wf3_prices.json.gz"",""sha256"":""6ab928b5ab5a1226dfecbccd9b50e444766aba9c00f6ce4f372801cbaaab2793"",""observations"":964,""first"":""2022-11-28"",""last"":""2026-10-01""}]",False,False,False,False,True,False,True,True
isin:US78409V1044,S&P Global Inc,US78409V1044,78409V104,,US,PARTIALLY_READY,PARTIALLY_READY,2023-10;2023-11;2023-12;2024-01;2024-02;2024-03;2024-04;2024-05;2024-06;2024-07;2024-08;2024-09;2024-10;2024-11;2024-12;2025-01;2025-02;2025-03;2025-04;2025-05;2025-06;2025-07;2025-08;2025-09;2025-10;2025-11;2025-12;2026-01;2026-02;2026-03;2026-04;2026-05;2026-06;2026-07;2026-08;2026-09,2023-10,2026-09,2b660030dbf1b6abe7c2e7990788c9c1b52e515c700e92047558042804e51fb1,SPGI,True,1,True,,False,XNYS,USD,False,False,False,,,0,,SPGI,2022-11-28,2026-10-01,964,1442,479,0,479,0,2023-09-29,211,0,0,42,0,0,479,False,True,False,Financials,True,https://raw.githubusercontent.com/datasets/s-and-p-500-companies/master/data/constituents.csv,ce37b4d6a2d523b4284888cd4fa3c02c210b6231feecc7f7ba512f36f156bed6,XNYS,False,False,1,15,False,0,0,0,False,0,,UNVERIFIED; preserve source share class,listing;ohlcv;adjustment;corporate_actions;calendar_timezone,"verify prior-public listing intervals and security representation; validate source clocks/calendars; reconcile split-only OHLC, total-return vintages, dividends/payment dates and merger/delisting ledger; recover seed/warm-up and missing sessions; disclose current-GICS approximation and assess sensitivity; USD identity FX only","[{""symbol"":""SPGI"",""file"":""backtests/staged/wf3_prices.json.gz"",""sha256"":""6ab928b5ab5a1226dfecbccd9b50e444766aba9c00f6ce4f372801cbaaab2793"",""observations"":964,""first"":""2022-11-28"",""last"":""2026-10-01""}]",False,False,False,False,True,False,True,True
isin:US79466L3024,Salesforce Inc,US79466L3024,79466L302,,US,PARTIALLY_READY,PARTIALLY_READY,2023-10;2023-11;2023-12;2024-01;2024-02;2024-03;2024-04;2024-05;2024-06;2024-07;2024-08;2024-09;2024-10;2024-11;2024-12;2025-01;2025-02;2025-03;2025-04;2025-05;2025-06;2025-07;2025-08;2025-09;2025-10;2025-11;2025-12;2026-01;2026-02;2026-03;2026-04;2026-05;2026-06;2026-07;2026-08;2026-09,2023-10,2026-09,2b660030dbf1b6abe7c2e7990788c9c1b52e515c700e92047558042804e51fb1,CRM,True,1,True,,False,XNYS,USD,False,False,False,,,0,,CRM,2022-11-28,2026-10-01,964,1442,479,0,479,0,2023-09-29,211,0,0,42,0,0,479,False,True,False,Information Technology,True,https://raw.githubusercontent.com/datasets/s-and-p-500-companies/master/data/constituents.csv,68a17a3f1bb22b779c1374225ccc1d0f8878174e94a58c7cf1b1f1c0425d07b1,XNYS,False,False,0,11,False,0,0,0,False,0,,UNVERIFIED; preserve source share class,listing;ohlcv;adjustment;corporate_actions;calendar_timezone,"verify prior-public listing intervals and security representation; validate source clocks/calendars; reconcile split-only OHLC, total-return vintages, dividends/payment dates and merger/delisting ledger; recover seed/warm-up and missing sessions; disclose current-GICS approximation and assess sensitivity; USD identity FX only","[{""symbol"":""CRM"",""file"":""backtests/staged/wf3_prices.json.gz"",""sha256"":""6ab928b5ab5a1226dfecbccd9b50e444766aba9c00f6ce4f372801cbaaab2793"",""observations"":964,""first"":""2022-11-28"",""last"":""2026-10-01""}]",False,False,False,False,True,False,True,True
isin:US80004C2008,Sandisk Corp/DE,US80004C2008,80004C200,,US,PARTIALLY_READY,PARTIALLY_READY,2025-05;2025-06;2025-07;2025-08;2025-09;2025-10;2025-11;2025-12;2026-01;2026-02;2026-03;2026-04;2026-05;2026-06;2026-07;2026-08;2026-09,2025-05,2026-09,2b660030dbf1b6abe7c2e7990788c9c1b52e515c700e92047558042804e51fb1,SNDK,True,1,True,,False,XNAS,USD,False,False,False,,,0,,SNDK,2025-02-13,2026-10-01,410,1442,1033,0,1033,0,2025-05-30,74,0,53,179,126,0,1033,False,True,False,Information Technology,True,https://raw.githubusercontent.com/datasets/s-and-p-500-companies/master/data/constituents.csv,07ff7de062f06fc66ff29d4930755f6daf29275a7c7dc6753e5d801afccd6d52,XNYS,False,False,0,0,False,0,0,0,False,0,,UNVERIFIED; preserve source share class,listing;ohlcv;adjustment;corporate_actions;calendar_timezone,"verify prior-public listing intervals and security representation; validate source clocks/calendars; reconcile split-only OHLC, total-return vintages, dividends/payment dates and merger/delisting ledger; recover seed/warm-up and missing sessions; disclose current-GICS approximation and assess sensitivity; USD identity FX only","[{""symbol"":""SNDK"",""file"":""backtests/staged/wf3_prices.json.gz"",""sha256"":""6ab928b5ab5a1226dfecbccd9b50e444766aba9c00f6ce4f372801cbaaab2793"",""observations"":410,""first"":""2025-02-13"",""last"":""2026-10-01""}]",False,False,False,False,True,False,True,True
isin:US8085131055,Charles Schwab Corp/The,US8085131055,808513105,,US,PARTIALLY_READY,PARTIALLY_READY,2023-10;2023-11;2023-12;2024-01;2024-02;2024-03;2024-04;2024-05;2024-06;2024-07;2024-08;2024-09;2024-10;2024-11;2024-12;2025-01;2025-02;2025-03;2025-04;2025-05;2025-06;2025-07;2025-08;2025-09;2025-10;2025-11;2025-12;2026-01;2026-02;2026-03;2026-04;2026-05;2026-06;2026-07;2026-08;2026-09,2023-10,2026-09,2b660030dbf1b6abe7c2e7990788c9c1b52e515c700e92047558042804e51fb1,SCHW,True,1,True,,False,XNYS,USD,False,False,False,,,0,,SCHW,2022-11-28,2026-10-01,964,1442,479,0,479,0,2023-09-29,211,0,0,42,0,0,479,False,True,False,Financials,True,https://raw.githubusercontent.com/datasets/s-and-p-500-companies/master/data/constituents.csv,62b5867d3242b35f41175b3174a70cdd00832e191a4a0b33d03ccf69223de0bc,XNYS,False,False,0,15,False,0,0,0,False,0,,UNVERIFIED; preserve source share class,listing;ohlcv;adjustment;corporate_actions;calendar_timezone,"verify prior-public listing intervals and security representation; validate source clocks/calendars; reconcile split-only OHLC, total-return vintages, dividends/payment dates and merger/delisting ledger; recover seed/warm-up and missing sessions; disclose current-GICS approximation and assess sensitivity; USD identity FX only","[{""symbol"":""SCHW"",""file"":""backtests/staged/wf3_prices.json.gz"",""sha256"":""6ab928b5ab5a1226dfecbccd9b50e444766aba9c00f6ce4f372801cbaaab2793"",""observations"":964,""first"":""2022-11-28"",""last"":""2026-10-01""}]",False,False,False,False,True,False,True,True
isin:US81762P1021,ServiceNow Inc,US81762P1021,81762P102,,US,PARTIALLY_READY,PARTIALLY_READY,2023-10;2023-11;2023-12;2024-01;2024-02;2024-03;2024-04;2024-05;2024-06;2024-07;2024-08;2024-09;2024-10;2024-11;2024-12;2025-01;2025-02;2025-03;2025-04;2025-05;2025-06;2025-07;2025-08;2025-09;2025-10;2025-11;2025-12;2026-01;2026-02;2026-03;2026-04;2026-05;2026-06;2026-07;2026-08;2026-09,2023-10,2026-09,2b660030dbf1b6abe7c2e7990788c9c1b52e515c700e92047558042804e51fb1,NOW,True,1,True,,False,XNYS,USD,False,False,False,,,0,,NOW,2022-11-28,2026-10-01,964,1442,479,0,479,0,2023-09-29,211,0,0,42,0,0,479,False,True,False,Information Technology,True,https://raw.githubusercontent.com/datasets/s-and-p-500-companies/master/data/constituents.csv,aacc77d847d7a8a2b0c9e2eb1f5c1e2f462d6e7b236d13d011e78d11434f61c9,XNYS,False,False,1,0,False,0,0,0,False,0,,UNVERIFIED; preserve source share class,listing;ohlcv;adjustment;corporate_actions;calendar_timezone,"verify prior-public listing intervals and security representation; validate source clocks/calendars; reconcile split-only OHLC, total-return vintages, dividends/payment dates and merger/delisting ledger; recover seed/warm-up and missing sessions; disclose current-GICS approximation and assess sensitivity; USD identity FX only","[{""symbol"":""NOW"",""file"":""backtests/staged/wf3_prices.json.gz"",""sha256"":""6ab928b5ab5a1226dfecbccd9b50e444766aba9c00f6ce4f372801cbaaab2793"",""observations"":964,""first"":""2022-11-28"",""last"":""2026-10-01""}]",False,False,False,False,True,False,True,True
isin:US8243481061,Sherwin-Williams Co/The,US8243481061,824348106,,US,PARTIALLY_READY,PARTIALLY_READY,2023-10;2023-11;2023-12;2024-01;2024-02;2024-03;2024-04;2024-05;2024-06;2024-07;2024-08;2024-09;2024-10;2024-11;2024-12;2025-01;2025-02;2025-03;2025-04;2025-05;2025-06;2025-07;2025-08;2025-09;2025-10;2025-11;2025-12;2026-01;2026-02;2026-03;2026-04;2026-05;2026-06;2026-07;2026-08;2026-09,2023-10,2026-09,2b660030dbf1b6abe7c2e7990788c9c1b52e515c700e92047558042804e51fb1,SHW,True,1,True,,False,XNYS,USD,False,False,False,,,0,,SHW,2022-11-28,2026-10-01,964,1442,479,0,479,0,2023-09-29,211,0,0,42,0,0,479,False,True,False,Materials,True,https://raw.githubusercontent.com/datasets/s-and-p-500-companies/master/data/constituents.csv,69ee118e1ad2ed9b45a7399d101240571b279ec0d8194acbc845820f7d3deda5,XNYS,False,False,0,15,False,0,0,0,False,0,,UNVERIFIED; preserve source share class,listing;ohlcv;adjustment;corporate_actions;calendar_timezone,"verify prior-public listing intervals and security representation; validate source clocks/calendars; reconcile split-only OHLC, total-return vintages, dividends/payment dates and merger/delisting ledger; recover seed/warm-up and missing sessions; disclose current-GICS approximation and assess sensitivity; USD identity FX only","[{""symbol"":""SHW"",""file"":""backtests/staged/wf3_prices.json.gz"",""sha256"":""6ab928b5ab5a1226dfecbccd9b50e444766aba9c00f6ce4f372801cbaaab2793"",""observations"":964,""first"":""2022-11-28"",""last"":""2026-10-01""}]",False,False,False,False,True,False,True,True
isin:US8288061091,Simon Property Group Inc,US8288061091,828806109,,US,PARTIALLY_READY,PARTIALLY_READY,2023-10;2023-11;2023-12;2024-01;2024-02;2024-03;2024-04;2024-05;2024-06;2024-07;2024-08;2024-09;2024-10;2024-11;2024-12;2025-01;2025-02;2025-03;2025-04;2025-05;2025-06;2025-07;2025-08;2025-09;2025-10;2025-11;2025-12;2026-01;2026-02;2026-03;2026-04;2026-05;2026-06;2026-07;2026-08;2026-09,2023-10,2026-09,2b660030dbf1b6abe7c2e7990788c9c1b52e515c700e92047558042804e51fb1,SPG,True,1,True,,False,XNYS,USD,False,False,False,,,0,,SPG,2022-11-28,2026-10-01,964,1442,479,0,479,0,2023-09-29,211,0,0,42,0,0,479,False,True,False,Real Estate,True,https://raw.githubusercontent.com/datasets/s-and-p-500-companies/master/data/constituents.csv,f59587213af5563d767ea7a828011dc4149cc10af64fa941f92739b2d9ea2e0f,XNYS,False,False,0,16,False,0,0,0,False,0,,UNVERIFIED; preserve source share class,listing;ohlcv;adjustment;corporate_actions;calendar_timezone,"verify prior-public listing intervals and security representation; validate source clocks/calendars; reconcile split-only OHLC, total-return vintages, dividends/payment dates and merger/delisting ledger; recover seed/warm-up and missing sessions; disclose current-GICS approximation and assess sensitivity; USD identity FX only","[{""symbol"":""SPG"",""file"":""backtests/staged/wf3_prices.json.gz"",""sha256"":""6ab928b5ab5a1226dfecbccd9b50e444766aba9c00f6ce4f372801cbaaab2793"",""observations"":964,""first"":""2022-11-28"",""last"":""2026-10-01""}]",False,False,False,False,True,False,True,True
isin:US8326964058,J M Smucker Co/The,US8326964058,832696405,,US,PARTIALLY_READY,PARTIALLY_READY,2023-10;2023-11;2023-12;2024-01;2024-02;2024-03;2024-04;2024-05;2024-06;2024-07;2024-08;2024-09;2024-10;2024-11;2024-12;2025-01;2025-02;2025-03;2025-04;2025-05;2025-06;2025-07;2025-08;2025-09;2025-10;2025-11;2025-12;2026-01;2026-02;2026-03;2026-04;2026-05;2026-06;2026-07;2026-08;2026-09,2023-10,2026-09,2b660030dbf1b6abe7c2e7990788c9c1b52e515c700e92047558042804e51fb1,SJM,True,1,True,,False,XNYS,USD,False,False,False,,,0,,SJM,2022-11-28,2026-10-01,964,1442,479,0,479,0,2023-09-29,211,0,0,42,0,0,479,False,True,False,Consumer Staples,True,https://raw.githubusercontent.com/datasets/s-and-p-500-companies/master/data/constituents.csv,b742c79581dbbc738b92d5f2f3a7a946f7acf19af9fba472fe768208539a2430,XNYS,False,False,0,15,False,0,0,0,False,0,,UNVERIFIED; preserve source share class,listing;ohlcv;adjustment;corporate_actions;calendar_timezone,"verify prior-public listing intervals and security representation; validate source clocks/calendars; reconcile split-only OHLC, total-return vintages, dividends/payment dates and merger/delisting ledger; recover seed/warm-up and missing sessions; disclose current-GICS approximation and assess sensitivity; USD identity FX only","[{""symbol"":""SJM"",""file"":""backtests/staged/wf3_prices.json.gz"",""sha256"":""6ab928b5ab5a1226dfecbccd9b50e444766aba9c00f6ce4f372801cbaaab2793"",""observations"":964,""first"":""2022-11-28"",""last"":""2026-10-01""}]",False,False,False,False,True,False,True,True
isin:US83443Q1031,Solstice Advanced Materials Inc,US83443Q1031,83443Q103,,US,PARTIALLY_READY,PARTIALLY_READY,2026-02;2026-03;2026-04;2026-05;2026-06;2026-07;2026-08;2026-09,2026-02,2026-09,2b660030dbf1b6abe7c2e7990788c9c1b52e515c700e92047558042804e51fb1,SOLS,True,1,True,,False,XNAS,USD,False,False,False,,,0,,SOLS,2025-10-20,2026-10-01,239,1442,1204,0,1204,0,2026-02-27,90,0,37,163,110,0,1204,False,False,False,UNRESOLVED,False,,,XNYS,False,False,0,3,False,0,0,0,False,0,,UNVERIFIED; preserve source share class,listing;ohlcv;adjustment;corporate_actions;gics;calendar_timezone,"verify prior-public listing intervals and security representation; validate source clocks/calendars; reconcile split-only OHLC, total-return vintages, dividends/payment dates and merger/delisting ledger; recover seed/warm-up and missing sessions; source exact-ID current GICS and corrections; USD identity FX only","[{""symbol"":""SOLS"",""file"":""backtests/staged/wf3_prices.json.gz"",""sha256"":""6ab928b5ab5a1226dfecbccd9b50e444766aba9c00f6ce4f372801cbaaab2793"",""observations"":239,""first"":""2025-10-20"",""last"":""2026-10-01""}]",False,False,False,False,False,False,True,True
isin:US83444M1018,Solventum Corp,US83444M1018,83444M101,,US,PARTIALLY_READY,PARTIALLY_READY,2024-08;2024-09;2024-10;2024-11;2024-12;2025-01;2025-02;2025-03;2025-04;2025-05;2025-06;2025-07;2025-08;2025-09;2025-10;2025-11;2025-12;2026-01;2026-02;2026-03;2026-04;2026-05;2026-06;2026-07;2026-08;2026-09,2024-08,2026-09,2b660030dbf1b6abe7c2e7990788c9c1b52e515c700e92047558042804e51fb1,SOLV,True,1,True,,False,XNYS,USD,False,False,False,,,0,,SOLV,2024-03-26,2026-10-01,632,1442,811,0,811,0,2024-08-30,110,0,17,143,90,0,811,False,True,False,Health Care,True,https://raw.githubusercontent.com/datasets/s-and-p-500-companies/master/data/constituents.csv,11b8e584d0b638bcbc9a9be0aea4e605edc9e673529c48f9bcd756a972aa500d,XNYS,False,False,0,0,False,0,0,0,False,0,,UNVERIFIED; preserve source share class,listing;ohlcv;adjustment;corporate_actions;calendar_timezone,"verify prior-public listing intervals and security representation; validate source clocks/calendars; reconcile split-only OHLC, total-return vintages, dividends/payment dates and merger/delisting ledger; recover seed/warm-up and missing sessions; disclose current-GICS approximation and assess sensitivity; USD identity FX only","[{""symbol"":""SOLV"",""file"":""backtests/staged/wf3_prices.json.gz"",""sha256"":""6ab928b5ab5a1226dfecbccd9b50e444766aba9c00f6ce4f372801cbaaab2793"",""observations"":632,""first"":""2024-03-26"",""last"":""2026-10-01""}]",False,False,False,False,True,False,True,True
isin:US8425871071,Southern Co/The,US8425871071,842587107,,US,PARTIALLY_READY,PARTIALLY_READY,2023-10;2023-11;2023-12;2024-01;2024-02;2024-03;2024-04;2024-05;2024-06;2024-07;2024-08;2024-09;2024-10;2024-11;2024-12;2025-01;2025-02;2025-03;2025-04;2025-05;2025-06;2025-07;2025-08;2025-09;2025-10;2025-11;2025-12;2026-01;2026-02;2026-03;2026-04;2026-05;2026-06;2026-07;2026-08;2026-09,2023-10,2026-09,2b660030dbf1b6abe7c2e7990788c9c1b52e515c700e92047558042804e51fb1,SO,True,1,True,,False,XNYS,USD,False,False,False,,,0,,SO,2022-11-28,2026-10-01,964,1442,479,0,479,0,2023-09-29,211,0,0,42,0,0,479,False,True,False,Utilities,True,https://raw.githubusercontent.com/datasets/s-and-p-500-companies/master/data/constituents.csv,13d47c4032139e6ee32d134489c6d0333df425f0b07085fb70a41449763c6406,XNYS,False,False,0,15,False,0,0,0,False,0,,UNVERIFIED; preserve source share class,listing;ohlcv;adjustment;corporate_actions;calendar_timezone,"verify prior-public listing intervals and security representation; validate source clocks/calendars; reconcile split-only OHLC, total-return vintages, dividends/payment dates and merger/delisting ledger; recover seed/warm-up and missing sessions; disclose current-GICS approximation and assess sensitivity; USD identity FX only","[{""symbol"":""SO"",""file"":""backtests/staged/wf3_prices.json.gz"",""sha256"":""6ab928b5ab5a1226dfecbccd9b50e444766aba9c00f6ce4f372801cbaaab2793"",""observations"":964,""first"":""2022-11-28"",""last"":""2026-10-01""}]",False,False,False,False,True,False,True,True
isin:US8552441094,Starbucks Corp,US8552441094,855244109,,US,PARTIALLY_READY,PARTIALLY_READY,2023-10;2023-11;2023-12;2024-01;2024-02;2024-03;2024-04;2024-05;2024-06;2024-07;2024-08;2024-09;2024-10;2024-11;2024-12;2025-01;2025-02;2025-03;2025-04;2025-05;2025-06;2025-07;2025-08;2025-09;2025-10;2025-11;2025-12;2026-01;2026-02;2026-03;2026-04;2026-05;2026-06;2026-07;2026-08;2026-09,2023-10,2026-09,2b660030dbf1b6abe7c2e7990788c9c1b52e515c700e92047558042804e51fb1,SBUX,True,1,True,,False,XNAS,USD,False,False,False,,,0,,SBUX,2022-11-28,2026-10-01,964,1442,479,0,479,0,2023-09-29,211,0,0,42,0,0,479,False,True,False,Consumer Discretionary,True,https://raw.githubusercontent.com/datasets/s-and-p-500-companies/master/data/constituents.csv,17b81ae0b362f22af24df3b4b5b5e899a1a880f6118cb158c6ad3011c5fa28e2,XNYS,False,False,0,15,False,0,0,0,False,0,,UNVERIFIED; preserve source share class,listing;ohlcv;adjustment;corporate_actions;calendar_timezone,"verify prior-public listing intervals and security representation; validate source clocks/calendars; reconcile split-only OHLC, total-return vintages, dividends/payment dates and merger/delisting ledger; recover seed/warm-up and missing sessions; disclose current-GICS approximation and assess sensitivity; USD identity FX only","[{""symbol"":""SBUX"",""file"":""backtests/staged/wf3_prices.json.gz"",""sha256"":""6ab928b5ab5a1226dfecbccd9b50e444766aba9c00f6ce4f372801cbaaab2793"",""observations"":964,""first"":""2022-11-28"",""last"":""2026-10-01""}]",False,False,False,False,True,False,True,True
isin:US8574771031,State Street Corp,US8574771031,857477103,,US,PARTIALLY_READY,PARTIALLY_READY,2023-10;2023-11;2023-12;2024-01;2024-02;2024-03;2024-04;2024-05;2024-06;2024-07;2024-08;2024-09;2024-10;2024-11;2024-12;2025-01;2025-02;2025-03;2025-04;2025-05;2025-06;2025-07;2025-08;2025-09;2025-10;2025-11;2025-12;2026-01;2026-02;2026-03;2026-04;2026-05;2026-06;2026-07;2026-08;2026-09,2023-10,2026-09,2b660030dbf1b6abe7c2e7990788c9c1b52e515c700e92047558042804e51fb1,STT,True,1,True,,False,XNYS,USD,False,False,False,,,0,,STT,2022-11-28,2026-10-01,964,1442,479,0,479,0,2023-09-29,211,0,0,42,0,0,479,False,True,False,Financials,True,https://raw.githubusercontent.com/datasets/s-and-p-500-companies/master/data/constituents.csv,2be4eb3ee162bbecc6a3ae93304bc41709b66c4044bee11599434d2a325d9282,XNYS,False,False,0,16,False,0,0,0,False,0,,UNVERIFIED; preserve source share class,listing;ohlcv;adjustment;corporate_actions;calendar_timezone,"verify prior-public listing intervals and security representation; validate source clocks/calendars; reconcile split-only OHLC, total-return vintages, dividends/payment dates and merger/delisting ledger; recover seed/warm-up and missing sessions; disclose current-GICS approximation and assess sensitivity; USD identity FX only","[{""symbol"":""STT"",""file"":""backtests/staged/wf3_prices.json.gz"",""sha256"":""6ab928b5ab5a1226dfecbccd9b50e444766aba9c00f6ce4f372801cbaaab2793"",""observations"":964,""first"":""2022-11-28"",""last"":""2026-10-01""}]",False,False,False,False,True,False,True,True
isin:US8636671013,Stryker Corp,US8636671013,863667101,,US,PARTIALLY_READY,PARTIALLY_READY,2023-11;2023-12;2024-01;2024-02;2024-03;2024-04;2024-05;2024-06;2024-07;2024-08;2024-09;2024-10;2024-11;2024-12;2025-01;2025-02;2025-03;2025-04;2025-05;2025-06;2025-07;2025-08;2025-09;2025-10;2025-11;2025-12;2026-01;2026-02;2026-03;2026-04;2026-05;2026-06;2026-07;2026-08;2026-09,2023-11,2026-09,2b660030dbf1b6abe7c2e7990788c9c1b52e515c700e92047558042804e51fb1,SYK,True,1,True,,False,XNYS,USD,False,False,False,,,0,,SYK,2022-11-28,2026-10-01,964,1442,479,0,479,0,2023-11-30,254,0,0,0,0,0,479,False,True,False,Health Care,True,https://raw.githubusercontent.com/datasets/s-and-p-500-companies/master/data/constituents.csv,0a9f5fded4838684a9c7c9103d46fac6f50c1dc0ee62b3c8ab88a102851f0045,XNYS,False,False,0,16,False,0,0,0,False,0,,UNVERIFIED; preserve source share class,listing;ohlcv;adjustment;corporate_actions;calendar_timezone,"verify prior-public listing intervals and security representation; validate source clocks/calendars; reconcile split-only OHLC, total-return vintages, dividends/payment dates and merger/delisting ledger; recover seed/warm-up and missing sessions; disclose current-GICS approximation and assess sensitivity; USD identity FX only","[{""symbol"":""SYK"",""file"":""backtests/staged/wf3_prices.json.gz"",""sha256"":""6ab928b5ab5a1226dfecbccd9b50e444766aba9c00f6ce4f372801cbaaab2793"",""observations"":964,""first"":""2022-11-28"",""last"":""2026-10-01""}]",False,False,False,False,True,False,True,True
isin:US8716071076,Synopsys Inc,US8716071076,871607107,,US,PARTIALLY_READY,PARTIALLY_READY,2023-10;2023-11;2023-12;2024-01;2024-02;2024-03;2024-04;2024-05;2024-06;2024-07;2024-08;2024-09;2024-10;2024-11;2024-12;2025-01;2025-02;2025-03;2025-04;2025-05;2025-06;2025-07;2025-08;2025-09;2025-10;2025-11;2025-12;2026-01;2026-02;2026-03;2026-04;2026-05;2026-06;2026-07;2026-08;2026-09,2023-10,2026-09,2b660030dbf1b6abe7c2e7990788c9c1b52e515c700e92047558042804e51fb1,SNPS,True,1,True,,False,XNAS,USD,False,False,False,,,0,,SNPS,2022-11-28,2026-10-01,964,1442,479,0,479,0,2023-09-29,211,0,0,42,0,0,479,False,True,False,Information Technology,True,https://raw.githubusercontent.com/datasets/s-and-p-500-companies/master/data/constituents.csv,64b7e85f688b86469c00392447f39ba44170ec43a5827eef23b359013ded1374,XNYS,False,False,0,0,False,0,0,0,False,0,,UNVERIFIED; preserve source share class,listing;ohlcv;adjustment;corporate_actions;calendar_timezone,"verify prior-public listing intervals and security representation; validate source clocks/calendars; reconcile split-only OHLC, total-return vintages, dividends/payment dates and merger/delisting ledger; recover seed/warm-up and missing sessions; disclose current-GICS approximation and assess sensitivity; USD identity FX only","[{""symbol"":""SNPS"",""file"":""backtests/staged/wf3_prices.json.gz"",""sha256"":""6ab928b5ab5a1226dfecbccd9b50e444766aba9c00f6ce4f372801cbaaab2793"",""observations"":964,""first"":""2022-11-28"",""last"":""2026-10-01""}]",False,False,False,False,True,False,True,True
isin:US87165B1035,Synchrony Financial,US87165B1035,87165B103,,US,PARTIALLY_READY,PARTIALLY_READY,2023-10;2023-11;2023-12;2024-01;2024-02;2024-03;2024-04;2024-05;2024-06;2024-07;2024-08;2024-09;2024-10;2024-11;2024-12;2025-01;2025-02;2025-03;2025-04;2025-05;2025-06;2025-07;2025-08;2025-09;2025-10;2025-11;2025-12;2026-01;2026-02;2026-03;2026-04;2026-05;2026-06;2026-07;2026-08;2026-09,2023-10,2026-09,2b660030dbf1b6abe7c2e7990788c9c1b52e515c700e92047558042804e51fb1,SYF,True,1,True,,False,XNYS,USD,False,False,False,,,0,,SYF,2022-11-28,2026-10-01,964,1442,479,0,479,0,2023-09-29,211,0,0,42,0,0,479,False,True,False,Financials,True,https://raw.githubusercontent.com/datasets/s-and-p-500-companies/master/data/constituents.csv,e75f0a522eb1d7dbb430987464be6d981b8a9c2acc6d97a998728cbacd227dd0,XNYS,False,False,0,15,False,0,0,0,False,0,,UNVERIFIED; preserve source share class,listing;ohlcv;adjustment;corporate_actions;calendar_timezone,"verify prior-public listing intervals and security representation; validate source clocks/calendars; reconcile split-only OHLC, total-return vintages, dividends/payment dates and merger/delisting ledger; recover seed/warm-up and missing sessions; disclose current-GICS approximation and assess sensitivity; USD identity FX only","[{""symbol"":""SYF"",""file"":""backtests/staged/wf3_prices.json.gz"",""sha256"":""6ab928b5ab5a1226dfecbccd9b50e444766aba9c00f6ce4f372801cbaaab2793"",""observations"":964,""first"":""2022-11-28"",""last"":""2026-10-01""}]",False,False,False,False,True,False,True,True
isin:US8718291078,Sysco Corp,US8718291078,871829107,,US,PARTIALLY_READY,PARTIALLY_READY,2023-10;2023-11;2023-12;2024-01;2024-02;2024-03;2024-04;2024-05;2024-06;2024-07;2024-08;2024-09;2024-10;2024-11;2024-12;2025-01;2025-02;2025-03;2025-04;2025-05;2025-06;2025-07;2025-08;2025-09;2025-10;2025-11;2025-12;2026-01;2026-02;2026-03;2026-04;2026-05;2026-06;2026-07;2026-08;2026-09,2023-10,2026-09,2b660030dbf1b6abe7c2e7990788c9c1b52e515c700e92047558042804e51fb1,SYY,True,1,True,,False,XNYS,USD,False,False,False,,,0,,SYY,2022-11-28,2026-10-01,964,1442,479,0,479,0,2023-09-29,211,0,0,42,0,0,479,False,True,False,Consumer Staples,True,https://raw.githubusercontent.com/datasets/s-and-p-500-companies/master/data/constituents.csv,d64d50b771d9d389c010d9f7f4e51ba882eee712c2a709473e5dbf839915fba0,XNYS,False,False,0,15,False,0,0,0,False,0,,UNVERIFIED; preserve source share class,listing;ohlcv;adjustment;corporate_actions;calendar_timezone,"verify prior-public listing intervals and security representation; validate source clocks/calendars; reconcile split-only OHLC, total-return vintages, dividends/payment dates and merger/delisting ledger; recover seed/warm-up and missing sessions; disclose current-GICS approximation and assess sensitivity; USD identity FX only","[{""symbol"":""SYY"",""file"":""backtests/staged/wf3_prices.json.gz"",""sha256"":""6ab928b5ab5a1226dfecbccd9b50e444766aba9c00f6ce4f372801cbaaab2793"",""observations"":964,""first"":""2022-11-28"",""last"":""2026-10-01""}]",False,False,False,False,True,False,True,True
isin:US8725401090,TJX Cos Inc/The,US8725401090,872540109,,US,PARTIALLY_READY,PARTIALLY_READY,2023-10;2023-11;2023-12;2024-01;2024-02;2024-03;2024-04;2024-05;2024-06;2024-07;2024-08;2024-09;2024-10;2024-11;2024-12;2025-01;2025-02;2025-03;2025-04;2025-05;2025-06;2025-07;2025-08;2025-09;2025-10;2025-11;2025-12;2026-01;2026-02;2026-03;2026-04;2026-05;2026-06;2026-07;2026-08;2026-09,2023-10,2026-09,2b660030dbf1b6abe7c2e7990788c9c1b52e515c700e92047558042804e51fb1,TJX,True,1,True,,False,XNYS,USD,False,False,False,,,0,,TJX,2022-11-28,2026-10-01,964,1442,479,0,479,0,2023-09-29,211,0,0,42,0,0,479,False,True,False,Consumer Discretionary,True,https://raw.githubusercontent.com/datasets/s-and-p-500-companies/master/data/constituents.csv,61eb8ab3219e61c1ceafa6e1cdec0b8bc856fafd2465a647e9beabf1c6041ccd,XNYS,False,False,0,15,False,0,0,0,False,0,,UNVERIFIED; preserve source share class,listing;ohlcv;adjustment;corporate_actions;calendar_timezone,"verify prior-public listing intervals and security representation; validate source clocks/calendars; reconcile split-only OHLC, total-return vintages, dividends/payment dates and merger/delisting ledger; recover seed/warm-up and missing sessions; disclose current-GICS approximation and assess sensitivity; USD identity FX only","[{""symbol"":""TJX"",""file"":""backtests/staged/wf3_prices.json.gz"",""sha256"":""6ab928b5ab5a1226dfecbccd9b50e444766aba9c00f6ce4f372801cbaaab2793"",""observations"":964,""first"":""2022-11-28"",""last"":""2026-10-01""}]",False,False,False,False,True,False,True,True
isin:US8725901040,T-Mobile US Inc,US8725901040,872590104,,US,PARTIALLY_READY,PARTIALLY_READY,2023-10;2023-11;2023-12;2024-01;2024-02;2024-03;2024-04;2024-05;2024-06;2024-07;2024-08;2024-09;2024-10;2024-11;2024-12;2025-01;2025-02;2025-03;2025-04;2025-05;2025-06;2025-07;2025-08;2025-09;2025-10;2025-11;2025-12;2026-01;2026-02;2026-03;2026-04;2026-05;2026-06;2026-07;2026-08;2026-09,2023-10,2026-09,2b660030dbf1b6abe7c2e7990788c9c1b52e515c700e92047558042804e51fb1,TMUS,True,1,True,,False,XNAS,USD,False,False,False,,,0,,TMUS,2022-11-28,2026-10-01,964,1442,479,0,479,0,2023-09-29,211,0,0,42,0,0,479,False,True,False,Communication Services,True,https://raw.githubusercontent.com/datasets/s-and-p-500-companies/master/data/constituents.csv,0e86cbef5c042f77f526c3fc2a783c0c2a0af3e02ee4706fe845d27cd83ffd55,XNYS,False,False,0,12,False,0,0,0,False,0,,UNVERIFIED; preserve source share class,listing;ohlcv;adjustment;corporate_actions;calendar_timezone,"verify prior-public listing intervals and security representation; validate source clocks/calendars; reconcile split-only OHLC, total-return vintages, dividends/payment dates and merger/delisting ledger; recover seed/warm-up and missing sessions; disclose current-GICS approximation and assess sensitivity; USD identity FX only","[{""symbol"":""TMUS"",""file"":""backtests/staged/wf3_prices.json.gz"",""sha256"":""6ab928b5ab5a1226dfecbccd9b50e444766aba9c00f6ce4f372801cbaaab2793"",""observations"":964,""first"":""2022-11-28"",""last"":""2026-10-01""}]",False,False,False,False,True,False,True,True
isin:US8740541094,Take-Two Interactive Software Inc,US8740541094,874054109,,US,PARTIALLY_READY,PARTIALLY_READY,2023-10;2023-11;2023-12;2024-01;2024-02;2024-03;2024-04;2024-05;2024-06;2024-07;2024-08;2024-09;2024-10;2024-11;2024-12;2025-01;2025-02;2025-03;2025-04;2025-05;2025-06;2025-07;2025-08;2025-09;2025-10;2025-11;2025-12;2026-01;2026-02;2026-03;2026-04;2026-05;2026-06;2026-07;2026-08;2026-09,2023-10,2026-09,2b660030dbf1b6abe7c2e7990788c9c1b52e515c700e92047558042804e51fb1,TTWO,True,1,True,,False,XNAS,USD,False,False,False,,,0,,TTWO,2022-11-28,2026-10-01,964,1442,479,0,479,0,2023-09-29,211,0,0,42,0,0,479,False,True,False,Communication Services,True,https://raw.githubusercontent.com/datasets/s-and-p-500-companies/master/data/constituents.csv,4ca71fd1f4c173858e3aba6ce9f72ba0f8779afa5eb9fda1fa4c30dba5fcca3d,XNYS,False,False,0,0,False,0,0,0,False,0,,UNVERIFIED; preserve source share class,listing;ohlcv;adjustment;corporate_actions;calendar_timezone,"verify prior-public listing intervals and security representation; validate source clocks/calendars; reconcile split-only OHLC, total-return vintages, dividends/payment dates and merger/delisting ledger; recover seed/warm-up and missing sessions; disclose current-GICS approximation and assess sensitivity; USD identity FX only","[{""symbol"":""TTWO"",""file"":""backtests/staged/wf3_prices.json.gz"",""sha256"":""6ab928b5ab5a1226dfecbccd9b50e444766aba9c00f6ce4f372801cbaaab2793"",""observations"":964,""first"":""2022-11-28"",""last"":""2026-10-01""}]",False,False,False,False,True,False,True,True
isin:US8760301072,Tapestry Inc,US8760301072,876030107,,US,PARTIALLY_READY,PARTIALLY_READY,2023-10;2023-11;2023-12;2024-01;2024-02;2024-03;2024-04;2024-05;2024-06;2024-07;2024-08;2024-09;2024-10;2024-11;2024-12;2025-01;2025-02;2025-03;2025-04;2025-05;2025-06;2025-07;2025-08;2025-09;2025-10;2025-11;2025-12;2026-01;2026-02;2026-03;2026-04;2026-05;2026-06;2026-07;2026-08;2026-09,2023-10,2026-09,2b660030dbf1b6abe7c2e7990788c9c1b52e515c700e92047558042804e51fb1,TPR,True,1,True,,False,XNYS,USD,False,False,False,,,0,,TPR,2022-11-28,2026-10-01,964,1442,479,0,479,0,2023-09-29,211,0,0,42,0,0,479,False,True,False,Consumer Discretionary,True,https://raw.githubusercontent.com/datasets/s-and-p-500-companies/master/data/constituents.csv,24be9577301ac6794347842c97dcbe3d59b4883a8ac8793e6864c71aa29d0736,XNYS,False,False,0,16,False,0,0,0,False,0,,UNVERIFIED; preserve source share class,listing;ohlcv;adjustment;corporate_actions;calendar_timezone,"verify prior-public listing intervals and security representation; validate source clocks/calendars; reconcile split-only OHLC, total-return vintages, dividends/payment dates and merger/delisting ledger; recover seed/warm-up and missing sessions; disclose current-GICS approximation and assess sensitivity; USD identity FX only","[{""symbol"":""TPR"",""file"":""backtests/staged/wf3_prices.json.gz"",""sha256"":""6ab928b5ab5a1226dfecbccd9b50e444766aba9c00f6ce4f372801cbaaab2793"",""observations"":964,""first"":""2022-11-28"",""last"":""2026-10-01""}]",False,False,False,False,True,False,True,True
isin:US87612E1064,Target Corp,US87612E1064,87612E106,,US,PARTIALLY_READY,PARTIALLY_READY,2023-10;2023-11;2023-12;2024-01;2024-02;2024-03;2024-04;2024-05;2024-06;2024-07;2024-08;2024-09;2024-10;2024-11;2024-12;2025-01;2025-02;2025-03;2025-04;2025-05;2025-06;2025-07;2025-08;2025-09;2025-10;2025-11;2025-12;2026-01;2026-02;2026-03;2026-04;2026-05;2026-06;2026-07;2026-08;2026-09,2023-10,2026-09,2b660030dbf1b6abe7c2e7990788c9c1b52e515c700e92047558042804e51fb1,TGT,True,1,True,,False,XNYS,USD,False,False,False,,,0,,TGT,2022-11-28,2026-10-01,964,1442,479,0,479,0,2023-09-29,211,0,0,42,0,0,479,False,True,False,Consumer Staples,True,https://raw.githubusercontent.com/datasets/s-and-p-500-companies/master/data/constituents.csv,f3cba745d5e3d38a840181d9076af621545e03487edc06a8600e524dcd81a7d5,XNYS,False,False,0,15,False,0,0,0,False,0,,UNVERIFIED; preserve source share class,listing;ohlcv;adjustment;corporate_actions;calendar_timezone,"verify prior-public listing intervals and security representation; validate source clocks/calendars; reconcile split-only OHLC, total-return vintages, dividends/payment dates and merger/delisting ledger; recover seed/warm-up and missing sessions; disclose current-GICS approximation and assess sensitivity; USD identity FX only","[{""symbol"":""TGT"",""file"":""backtests/staged/wf3_prices.json.gz"",""sha256"":""6ab928b5ab5a1226dfecbccd9b50e444766aba9c00f6ce4f372801cbaaab2793"",""observations"":964,""first"":""2022-11-28"",""last"":""2026-10-01""}]",False,False,False,False,True,False,True,True
isin:US8793601050,Teledyne Technologies Inc,US8793601050,879360105,,US,PARTIALLY_READY,PARTIALLY_READY,2025-11;2025-12;2026-01;2026-02;2026-03;2026-04;2026-05;2026-06;2026-07;2026-08;2026-09,2025-11,2026-09,2b660030dbf1b6abe7c2e7990788c9c1b52e515c700e92047558042804e51fb1,TDY,True,1,True,,False,XNYS,USD,False,False,False,,,0,,TDY,2022-11-28,2026-10-01,964,1442,479,0,479,0,2025-11-28,754,0,0,0,0,0,479,False,True,False,Information Technology,True,https://raw.githubusercontent.com/datasets/s-and-p-500-companies/master/data/constituents.csv,6ae8f742179c8b2514613cafdc7020b8fadd4dbbbfbd6d845755a8d454ce075c,XNYS,False,False,0,0,False,0,0,0,False,0,,UNVERIFIED; preserve source share class,listing;ohlcv;adjustment;corporate_actions;calendar_timezone,"verify prior-public listing intervals and security representation; validate source clocks/calendars; reconcile split-only OHLC, total-return vintages, dividends/payment dates and merger/delisting ledger; recover seed/warm-up and missing sessions; disclose current-GICS approximation and assess sensitivity; USD identity FX only","[{""symbol"":""TDY"",""file"":""backtests/staged/wf3_prices.json.gz"",""sha256"":""6ab928b5ab5a1226dfecbccd9b50e444766aba9c00f6ce4f372801cbaaab2793"",""observations"":964,""first"":""2022-11-28"",""last"":""2026-10-01""}]",False,False,False,False,True,False,True,True
isin:US8807701029,Teradyne Inc,US8807701029,880770102,,US,PARTIALLY_READY,PARTIALLY_READY,2026-05;2026-06;2026-07;2026-08;2026-09,2026-05,2026-09,2b660030dbf1b6abe7c2e7990788c9c1b52e515c700e92047558042804e51fb1,TER,True,1,True,,False,XNAS,USD,False,False,False,,,0,,TER,2022-11-28,2026-10-01,964,1442,479,0,479,0,2026-05-29,878,0,0,0,0,0,479,False,True,False,Information Technology,True,https://raw.githubusercontent.com/datasets/s-and-p-500-companies/master/data/constituents.csv,53249bbee0e6727a369c08c95e57773cd32bbda98bfe0aa76507830e751f4847,XNYS,False,False,0,15,False,0,0,0,False,0,,UNVERIFIED; preserve source share class,listing;ohlcv;adjustment;corporate_actions;calendar_timezone,"verify prior-public listing intervals and security representation; validate source clocks/calendars; reconcile split-only OHLC, total-return vintages, dividends/payment dates and merger/delisting ledger; recover seed/warm-up and missing sessions; disclose current-GICS approximation and assess sensitivity; USD identity FX only","[{""symbol"":""TER"",""file"":""backtests/staged/wf3_prices.json.gz"",""sha256"":""6ab928b5ab5a1226dfecbccd9b50e444766aba9c00f6ce4f372801cbaaab2793"",""observations"":964,""first"":""2022-11-28"",""last"":""2026-10-01""}]",False,False,False,False,True,False,True,True
isin:US88160R1014,Tesla Inc,US88160R1014,88160R101,,US,PARTIALLY_READY,PARTIALLY_READY,2023-10;2023-11;2023-12;2024-01;2024-02;2024-03;2024-04;2024-05;2024-06;2024-07;2024-08;2024-09;2024-10;2024-11;2024-12;2025-01;2025-02;2025-03;2025-04;2025-05;2025-06;2025-07;2025-08;2025-09;2025-10;2025-11;2025-12;2026-01;2026-02;2026-03;2026-04;2026-05;2026-06;2026-07;2026-08;2026-09,2023-10,2026-09,2b660030dbf1b6abe7c2e7990788c9c1b52e515c700e92047558042804e51fb1,TSLA,True,1,True,,False,XNAS,USD,False,False,True,https://www.sec.gov/Archives/edgar/data/1318605/000095017023001409/tsla-20221231.htm,2023-01-31,963,0.0012499334979043653,TSLA.US,2021-01-04,2026-09-30,1442,1442,0,0,0,0,2023-09-29,690,0,0,0,0,0,0,True,True,False,Consumer Discretionary,True,https://raw.githubusercontent.com/datasets/s-and-p-500-companies/master/data/constituents.csv,95f2ee54c3850546e724979ea789f76be5f3b43498d009bbd7317b0621af9a35,XNYS,False,True,0,0,False,0,0,0,False,1,2022-08-25,Domestic,listing;ohlcv;adjustment;corporate_actions;calendar_timezone,"verify prior-public listing intervals and security representation; validate source clocks/calendars; reconcile split-only OHLC, total-return vintages, dividends/payment dates and merger/delisting ledger; disclose current-GICS approximation and assess sensitivity; USD identity FX only","[{""symbol"":""TSLA"",""file"":""backtests/staged/wf3_prices.json.gz"",""sha256"":""6ab928b5ab5a1226dfecbccd9b50e444766aba9c00f6ce4f372801cbaaab2793"",""observations"":964,""first"":""2022-11-28"",""last"":""2026-10-01""},{""symbol"":""TSLA.US"",""file"":""research/eodhd_output/spgm_proxy/historical_backtest/recovery_316/demo/TSLA_US_eod.json"",""sha256"":""41d72ca7cfac90280d4cbc150af0a1f0ad316f1d8261e285def7ad1b1af59379"",""observations"":1442,""first"":""2021-01-04"",""last"":""2026-09-30""}]",False,False,False,False,True,False,True,True
isin:US8825081040,Texas Instruments Inc,US8825081040,882508104,,US,PARTIALLY_READY,PARTIALLY_READY,2023-10;2023-11;2023-12;2024-01;2024-02;2024-03;2024-04;2024-05;2024-06;2024-07;2024-08;2024-09;2024-10;2024-11;2024-12;2025-01;2025-02;2025-03;2025-04;2025-05;2025-06;2025-07;2025-08;2025-09;2025-10;2025-11;2025-12;2026-01;2026-02;2026-03;2026-04;2026-05;2026-06;2026-07;2026-08;2026-09,2023-10,2026-09,2b660030dbf1b6abe7c2e7990788c9c1b52e515c700e92047558042804e51fb1,TXN,True,1,True,,False,XNAS,USD,False,False,False,,,0,,TXN,2022-11-28,2026-10-01,964,1442,479,0,479,0,2023-09-29,211,0,0,42,0,0,479,False,True,False,Information Technology,True,https://raw.githubusercontent.com/datasets/s-and-p-500-companies/master/data/constituents.csv,9aff08cc291f3697ef70676913d9995c271cf66f3bb2ef91290d7afd8c56a8e0,XNYS,False,False,0,15,False,0,0,0,False,0,,UNVERIFIED; preserve source share class,listing;ohlcv;adjustment;corporate_actions;calendar_timezone,"verify prior-public listing intervals and security representation; validate source clocks/calendars; reconcile split-only OHLC, total-return vintages, dividends/payment dates and merger/delisting ledger; recover seed/warm-up and missing sessions; disclose current-GICS approximation and assess sensitivity; USD identity FX only","[{""symbol"":""TXN"",""file"":""backtests/staged/wf3_prices.json.gz"",""sha256"":""6ab928b5ab5a1226dfecbccd9b50e444766aba9c00f6ce4f372801cbaaab2793"",""observations"":964,""first"":""2022-11-28"",""last"":""2026-10-01""}]",False,False,False,False,True,False,True,True
isin:US88262P1021,Texas Pacific Land Corp,US88262P1021,88262P102,,US,PARTIALLY_READY,PARTIALLY_READY,2025-05;2025-06;2025-07;2025-08;2025-09;2025-10;2025-11;2025-12;2026-01;2026-02;2026-03;2026-04;2026-05;2026-06;2026-07;2026-08;2026-09,2025-05,2026-09,2b660030dbf1b6abe7c2e7990788c9c1b52e515c700e92047558042804e51fb1,TPL,True,1,True,,False,XNYS,USD,False,False,False,,,0,,TPL,2022-11-28,2026-10-01,964,1442,479,0,479,0,2025-05-30,628,0,0,0,0,0,479,False,True,False,Energy,True,https://raw.githubusercontent.com/datasets/s-and-p-500-companies/master/data/constituents.csv,80d26414dbfd4eff06368d27ad5946938ff6769ea5da4085fb27e33cb47b6095,XNYS,False,False,2,17,False,0,0,0,False,0,,UNVERIFIED; preserve source share class,listing;ohlcv;adjustment;corporate_actions;calendar_timezone,"verify prior-public listing intervals and security representation; validate source clocks/calendars; reconcile split-only OHLC, total-return vintages, dividends/payment dates and merger/delisting ledger; recover seed/warm-up and missing sessions; disclose current-GICS approximation and assess sensitivity; USD identity FX only","[{""symbol"":""TPL"",""file"":""backtests/staged/wf3_prices.json.gz"",""sha256"":""6ab928b5ab5a1226dfecbccd9b50e444766aba9c00f6ce4f372801cbaaab2793"",""observations"":964,""first"":""2022-11-28"",""last"":""2026-10-01""}]",False,False,False,False,True,False,True,True
isin:US88339J1051,Trade Desk Inc/The,US88339J1051,88339J105,,US,PARTIALLY_READY,PARTIALLY_READY,2023-10;2023-11;2023-12;2024-01;2024-02;2024-03;2024-04;2024-05;2024-06;2024-07;2024-08;2024-09;2024-10;2024-11;2024-12;2025-01;2025-02;2025-03;2025-04;2025-05;2025-06;2025-07;2025-08;2025-09;2025-10;2025-11;2025-12;2026-01;2026-02;2026-03;2026-04;2026-05;2026-06;2026-07;2026-08;2026-09,2023-10,2026-09,2b660030dbf1b6abe7c2e7990788c9c1b52e515c700e92047558042804e51fb1,TTD,True,1,True,,False,XNAS,USD,False,False,False,,,0,,TTD,2022-11-28,2026-10-01,964,1442,479,0,479,0,2023-09-29,211,0,0,42,0,0,479,False,False,False,UNRESOLVED,False,,,XNYS,False,False,0,0,False,0,0,0,False,0,,UNVERIFIED; preserve source share class,listing;ohlcv;adjustment;corporate_actions;gics;calendar_timezone,"verify prior-public listing intervals and security representation; validate source clocks/calendars; reconcile split-only OHLC, total-return vintages, dividends/payment dates and merger/delisting ledger; recover seed/warm-up and missing sessions; source exact-ID current GICS and corrections; USD identity FX only","[{""symbol"":""TTD"",""file"":""backtests/staged/wf3_prices.json.gz"",""sha256"":""6ab928b5ab5a1226dfecbccd9b50e444766aba9c00f6ce4f372801cbaaab2793"",""observations"":964,""first"":""2022-11-28"",""last"":""2026-10-01""}]",False,False,False,False,False,False,True,True
isin:US8835561023,Thermo Fisher Scientific Inc,US8835561023,883556102,,US,PARTIALLY_READY,PARTIALLY_READY,2023-10;2023-11;2023-12;2024-01;2024-02;2024-03;2024-04;2024-05;2024-06;2024-07;2024-08;2024-09;2024-10;2024-11;2024-12;2025-01;2025-02;2025-03;2025-04;2025-05;2025-06;2025-07;2025-08;2025-09;2025-10;2025-11;2025-12;2026-01;2026-02;2026-03;2026-04;2026-05;2026-06;2026-07;2026-08;2026-09,2023-10,2026-09,2b660030dbf1b6abe7c2e7990788c9c1b52e515c700e92047558042804e51fb1,TMO,True,1,True,,False,XNYS,USD,False,False,False,,,0,,TMO,2022-11-28,2026-10-01,964,1442,479,0,479,0,2023-09-29,211,0,0,42,0,0,479,False,True,False,Health Care,True,https://raw.githubusercontent.com/datasets/s-and-p-500-companies/master/data/constituents.csv,d1e8386995fad958e075452a49ded6b4132541c9156d52b9ff7547048ff3fcc1,XNYS,False,False,0,16,False,0,0,0,False,0,,UNVERIFIED; preserve source share class,listing;ohlcv;adjustment;corporate_actions;calendar_timezone,"verify prior-public listing intervals and security representation; validate source clocks/calendars; reconcile split-only OHLC, total-return vintages, dividends/payment dates and merger/delisting ledger; recover seed/warm-up and missing sessions; disclose current-GICS approximation and assess sensitivity; USD identity FX only","[{""symbol"":""TMO"",""file"":""backtests/staged/wf3_prices.json.gz"",""sha256"":""6ab928b5ab5a1226dfecbccd9b50e444766aba9c00f6ce4f372801cbaaab2793"",""observations"":964,""first"":""2022-11-28"",""last"":""2026-10-01""}]",False,False,False,False,True,False,True,True
isin:US88579Y1010,3M Co,US88579Y1010,88579Y101,,US,PARTIALLY_READY,PARTIALLY_READY,2023-10;2023-11;2023-12;2024-01;2024-02;2024-03;2024-04;2024-05;2024-06;2024-07;2024-08;2024-09;2024-10;2024-11;2024-12;2025-01;2025-02;2025-03;2025-04;2025-05;2025-06;2025-07;2025-08;2025-09;2025-10;2025-11;2025-12;2026-01;2026-02;2026-03;2026-04;2026-05;2026-06;2026-07;2026-08;2026-09,2023-10,2026-09,2b660030dbf1b6abe7c2e7990788c9c1b52e515c700e92047558042804e51fb1,MMM,True,1,True,,False,XNYS,USD,False,False,False,,,0,,MMM,2022-11-28,2026-10-01,964,1442,479,0,479,0,2023-09-29,211,0,0,42,0,0,479,False,True,False,Industrials,True,https://raw.githubusercontent.com/datasets/s-and-p-500-companies/master/data/constituents.csv,c1a54c4c947e18dee002bc747f141c2ea148396236999015fff9214eafe54db7,XNYS,False,False,1,15,False,0,0,0,False,0,,UNVERIFIED; preserve source share class,listing;ohlcv;adjustment;corporate_actions;calendar_timezone,"verify prior-public listing intervals and security representation; validate source clocks/calendars; reconcile split-only OHLC, total-return vintages, dividends/payment dates and merger/delisting ledger; recover seed/warm-up and missing sessions; disclose current-GICS approximation and assess sensitivity; USD identity FX only","[{""symbol"":""MMM"",""file"":""backtests/staged/wf3_prices.json.gz"",""sha256"":""6ab928b5ab5a1226dfecbccd9b50e444766aba9c00f6ce4f372801cbaaab2793"",""observations"":964,""first"":""2022-11-28"",""last"":""2026-10-01""}]",False,False,False,False,True,False,True,True
isin:US8936411003,TransDigm Group Inc,US8936411003,893641100,,US,PARTIALLY_READY,PARTIALLY_READY,2024-11;2024-12;2025-01;2025-02;2025-03;2025-04;2025-05;2025-06;2025-07;2025-08;2025-09;2025-10;2025-11;2025-12;2026-01;2026-02;2026-03;2026-04;2026-05;2026-06;2026-07;2026-08;2026-09,2024-11,2026-09,2b660030dbf1b6abe7c2e7990788c9c1b52e515c700e92047558042804e51fb1,TDG,True,1,True,,False,XNYS,USD,False,False,False,,,0,,TDG,2022-11-28,2026-10-01,964,1442,479,0,479,0,2024-11-29,505,0,0,0,0,0,479,False,True,False,Industrials,True,https://raw.githubusercontent.com/datasets/s-and-p-500-companies/master/data/constituents.csv,d46a851846bac8cf7a2573b2fe03330402028384519d94d7a45c0a5e46df95ee,XNYS,False,False,0,3,False,0,0,0,False,0,,UNVERIFIED; preserve source share class,listing;ohlcv;adjustment;corporate_actions;calendar_timezone,"verify prior-public listing intervals and security representation; validate source clocks/calendars; reconcile split-only OHLC, total-return vintages, dividends/payment dates and merger/delisting ledger; recover seed/warm-up and missing sessions; disclose current-GICS approximation and assess sensitivity; USD identity FX only","[{""symbol"":""TDG"",""file"":""backtests/staged/wf3_prices.json.gz"",""sha256"":""6ab928b5ab5a1226dfecbccd9b50e444766aba9c00f6ce4f372801cbaaab2793"",""observations"":964,""first"":""2022-11-28"",""last"":""2026-10-01""}]",False,False,False,False,True,False,True,True
isin:US89417E1091,Travelers Cos Inc/The,US89417E1091,89417E109,,US,PARTIALLY_READY,PARTIALLY_READY,2023-10;2023-11;2023-12;2024-01;2024-02;2024-03;2024-04;2024-05;2024-06;2024-07;2024-08;2024-09;2024-10;2024-11;2024-12;2025-01;2025-02;2025-03;2025-04;2025-05;2025-06;2025-07;2025-08;2025-09;2025-10;2025-11;2025-12;2026-01;2026-02;2026-03;2026-04;2026-05;2026-06;2026-07;2026-08;2026-09,2023-10,2026-09,2b660030dbf1b6abe7c2e7990788c9c1b52e515c700e92047558042804e51fb1,TRV,True,1,True,,False,XNYS,USD,False,False,False,,,0,,TRV,2022-11-28,2026-10-01,964,1442,479,0,479,0,2023-09-29,211,0,0,42,0,0,479,False,True,False,Financials,True,https://raw.githubusercontent.com/datasets/s-and-p-500-companies/master/data/constituents.csv,4fd51f4593aee0c1e6528c7cc01ae3d37ac84eb231465b7fcec35f757975da63,XNYS,False,False,0,16,False,0,0,0,False,0,,UNVERIFIED; preserve source share class,listing;ohlcv;adjustment;corporate_actions;calendar_timezone,"verify prior-public listing intervals and security representation; validate source clocks/calendars; reconcile split-only OHLC, total-return vintages, dividends/payment dates and merger/delisting ledger; recover seed/warm-up and missing sessions; disclose current-GICS approximation and assess sensitivity; USD identity FX only","[{""symbol"":""TRV"",""file"":""backtests/staged/wf3_prices.json.gz"",""sha256"":""6ab928b5ab5a1226dfecbccd9b50e444766aba9c00f6ce4f372801cbaaab2793"",""observations"":964,""first"":""2022-11-28"",""last"":""2026-10-01""}]",False,False,False,False,True,False,True,True
isin:US9024941034,Tyson Foods Inc,US9024941034,902494103,,US,PARTIALLY_READY,PARTIALLY_READY,2023-10;2023-11;2023-12;2024-01;2024-02;2024-03;2024-04;2024-05;2024-06;2024-07;2024-08;2024-09;2024-10;2024-11;2024-12;2025-01;2025-02;2025-03;2025-04;2025-05;2025-06;2025-07;2025-08;2025-09;2025-10;2025-11;2025-12;2026-01;2026-02;2026-03;2026-04;2026-05;2026-06;2026-07;2026-08;2026-09,2023-10,2026-09,2b660030dbf1b6abe7c2e7990788c9c1b52e515c700e92047558042804e51fb1,TSN,True,1,True,,False,XNYS,USD,False,False,False,,,0,,TSN,2022-11-28,2026-10-01,964,1442,479,0,479,0,2023-09-29,211,0,0,42,0,0,479,False,True,False,Consumer Staples,True,https://raw.githubusercontent.com/datasets/s-and-p-500-companies/master/data/constituents.csv,0445d4d9906a91e3bbdf24885f50907e3e974d440cda7758451fafcf1b41706f,XNYS,False,False,0,16,False,0,0,0,False,0,,UNVERIFIED; preserve source share class,listing;ohlcv;adjustment;corporate_actions;calendar_timezone,"verify prior-public listing intervals and security representation; validate source clocks/calendars; reconcile split-only OHLC, total-return vintages, dividends/payment dates and merger/delisting ledger; recover seed/warm-up and missing sessions; disclose current-GICS approximation and assess sensitivity; USD identity FX only","[{""symbol"":""TSN"",""file"":""backtests/staged/wf3_prices.json.gz"",""sha256"":""6ab928b5ab5a1226dfecbccd9b50e444766aba9c00f6ce4f372801cbaaab2793"",""observations"":964,""first"":""2022-11-28"",""last"":""2026-10-01""}]",False,False,False,False,True,False,True,True
isin:US9029733048,US Bancorp,US9029733048,902973304,,US,PARTIALLY_READY,PARTIALLY_READY,2023-10;2023-11;2023-12;2024-01;2024-02;2024-03;2024-04;2024-05;2024-06;2024-07;2024-08;2024-09;2024-10;2024-11;2024-12;2025-01;2025-02;2025-03;2025-04;2025-05;2025-06;2025-07;2025-08;2025-09;2025-10;2025-11;2025-12;2026-01;2026-02;2026-03;2026-04;2026-05;2026-06;2026-07;2026-08;2026-09,2023-10,2026-09,2b660030dbf1b6abe7c2e7990788c9c1b52e515c700e92047558042804e51fb1,USB,True,1,True,,False,XNYS,USD,False,False,False,,,0,,USB,2022-11-28,2026-10-01,964,1442,479,0,479,0,2023-09-29,211,0,0,42,0,0,479,False,True,False,Financials,True,https://raw.githubusercontent.com/datasets/s-and-p-500-companies/master/data/constituents.csv,5736894befeb5979e3ee0f91965fde553bde56301fc76a1acb0ff55f773c434e,XNYS,False,False,0,16,False,0,0,0,False,0,,UNVERIFIED; preserve source share class,listing;ohlcv;adjustment;corporate_actions;calendar_timezone,"verify prior-public listing intervals and security representation; validate source clocks/calendars; reconcile split-only OHLC, total-return vintages, dividends/payment dates and merger/delisting ledger; recover seed/warm-up and missing sessions; disclose current-GICS approximation and assess sensitivity; USD identity FX only","[{""symbol"":""USB"",""file"":""backtests/staged/wf3_prices.json.gz"",""sha256"":""6ab928b5ab5a1226dfecbccd9b50e444766aba9c00f6ce4f372801cbaaab2793"",""observations"":964,""first"":""2022-11-28"",""last"":""2026-10-01""}]",False,False,False,False,True,False,True,True
isin:US90353T1007,Uber Technologies Inc,US90353T1007,90353T100,,US,PARTIALLY_READY,PARTIALLY_READY,2023-10;2023-11;2023-12;2024-01;2024-02;2024-03;2024-04;2024-05;2024-06;2024-07;2024-08;2024-09;2024-10;2024-11;2024-12;2025-01;2025-02;2025-03;2025-04;2025-05;2025-06;2025-07;2025-08;2025-09;2025-10;2025-11;2025-12;2026-01;2026-02;2026-03;2026-04;2026-05;2026-06;2026-07;2026-08;2026-09,2023-10,2026-09,2b660030dbf1b6abe7c2e7990788c9c1b52e515c700e92047558042804e51fb1,UBER,True,1,True,,False,XNYS,USD,False,False,False,,,0,,UBER,2022-11-28,2026-10-01,964,1442,479,0,479,0,2023-09-29,211,0,0,42,0,0,479,False,True,False,Industrials,True,https://raw.githubusercontent.com/datasets/s-and-p-500-companies/master/data/constituents.csv,1524feddacaaf77a570ce99f9a175a66dc514655e8ecf0d78c54e2e755496a3b,XNYS,False,False,0,0,False,0,0,0,False,0,,UNVERIFIED; preserve source share class,listing;ohlcv;adjustment;corporate_actions;calendar_timezone,"verify prior-public listing intervals and security representation; validate source clocks/calendars; reconcile split-only OHLC, total-return vintages, dividends/payment dates and merger/delisting ledger; recover seed/warm-up and missing sessions; disclose current-GICS approximation and assess sensitivity; USD identity FX only","[{""symbol"":""UBER"",""file"":""backtests/staged/wf3_prices.json.gz"",""sha256"":""6ab928b5ab5a1226dfecbccd9b50e444766aba9c00f6ce4f372801cbaaab2793"",""observations"":964,""first"":""2022-11-28"",""last"":""2026-10-01""}]",False,False,False,False,True,False,True,True
isin:US9078181081,Union Pacific Corp,US9078181081,907818108,,US,PARTIALLY_READY,PARTIALLY_READY,2023-10;2023-11;2023-12;2024-01;2024-02;2024-03;2024-04;2024-05;2024-06;2024-07;2024-08;2024-09;2024-10;2024-11;2024-12;2025-01;2025-02;2025-03;2025-04;2025-05;2025-06;2025-07;2025-08;2025-09;2025-10;2025-11;2025-12;2026-01;2026-02;2026-03;2026-04;2026-05;2026-06;2026-07;2026-08;2026-09,2023-10,2026-09,2b660030dbf1b6abe7c2e7990788c9c1b52e515c700e92047558042804e51fb1,UNP,True,1,True,,False,XNYS,USD,False,False,False,,,0,,UNP,2022-11-28,2026-10-01,964,1442,479,0,479,0,2023-09-29,211,0,0,42,0,0,479,False,True,False,Industrials,True,https://raw.githubusercontent.com/datasets/s-and-p-500-companies/master/data/constituents.csv,0448613d36a768b20a872c73ba1d4ba7001bcd99873fb99e0431e38ee0c90791,XNYS,False,False,0,16,False,0,0,0,False,0,,UNVERIFIED; preserve source share class,listing;ohlcv;adjustment;corporate_actions;calendar_timezone,"verify prior-public listing intervals and security representation; validate source clocks/calendars; reconcile split-only OHLC, total-return vintages, dividends/payment dates and merger/delisting ledger; recover seed/warm-up and missing sessions; disclose current-GICS approximation and assess sensitivity; USD identity FX only","[{""symbol"":""UNP"",""file"":""backtests/staged/wf3_prices.json.gz"",""sha256"":""6ab928b5ab5a1226dfecbccd9b50e444766aba9c00f6ce4f372801cbaaab2793"",""observations"":964,""first"":""2022-11-28"",""last"":""2026-10-01""}]",False,False,False,False,True,False,True,True
isin:US9113121068,United Parcel Service Inc,US9113121068,911312106,,US,PARTIALLY_READY,PARTIALLY_READY,2023-10;2023-11;2023-12;2024-01;2024-02;2024-03;2024-04;2024-05;2024-06;2024-07;2024-08;2024-09;2024-10;2024-11;2024-12;2025-01;2025-02;2025-03;2025-04;2025-05;2025-06;2025-07;2025-08;2025-09;2025-10;2025-11;2025-12;2026-01;2026-02;2026-03;2026-04;2026-05;2026-06;2026-07;2026-08;2026-09,2023-10,2026-09,2b660030dbf1b6abe7c2e7990788c9c1b52e515c700e92047558042804e51fb1,UPS,True,1,True,,False,XNYS,USD,False,False,False,,,0,,UPS,2022-11-28,2026-10-01,964,1442,479,0,479,0,2023-09-29,211,0,0,42,0,0,479,False,True,False,Industrials,True,https://raw.githubusercontent.com/datasets/s-and-p-500-companies/master/data/constituents.csv,1fca03865d13a2acc34fbd323dfcc6595ebb0c4ac4bbb6eb3195200e4b32b412,XNYS,False,False,0,15,False,0,0,0,False,0,,UNVERIFIED; preserve source share class,listing;ohlcv;adjustment;corporate_actions;calendar_timezone,"verify prior-public listing intervals and security representation; validate source clocks/calendars; reconcile split-only OHLC, total-return vintages, dividends/payment dates and merger/delisting ledger; recover seed/warm-up and missing sessions; disclose current-GICS approximation and assess sensitivity; USD identity FX only","[{""symbol"":""UPS"",""file"":""backtests/staged/wf3_prices.json.gz"",""sha256"":""6ab928b5ab5a1226dfecbccd9b50e444766aba9c00f6ce4f372801cbaaab2793"",""observations"":964,""first"":""2022-11-28"",""last"":""2026-10-01""}]",False,False,False,False,True,False,True,True
isin:US9113631090,United Rentals Inc,US9113631090,911363109,,US,PARTIALLY_READY,PARTIALLY_READY,2024-05;2024-06;2024-07;2024-08;2024-09;2024-10;2024-11;2024-12;2025-01;2025-02;2025-03;2025-04;2025-05;2025-06;2025-07;2025-08;2025-09;2025-10;2025-11;2025-12;2026-01;2026-02;2026-03;2026-04;2026-05;2026-06;2026-07;2026-08;2026-09,2024-05,2026-09,2b660030dbf1b6abe7c2e7990788c9c1b52e515c700e92047558042804e51fb1,URI,True,1,True,,False,XNYS,USD,False,False,False,,,0,,URI,2022-11-28,2026-10-01,964,1442,479,0,479,0,2024-05-31,379,0,0,0,0,0,479,False,True,False,Industrials,True,https://raw.githubusercontent.com/datasets/s-and-p-500-companies/master/data/constituents.csv,0a6091919c96906ac788988b2d5023e421a154223fc2b4033328232ed65ff0bc,XNYS,False,False,0,15,False,0,0,0,False,0,,UNVERIFIED; preserve source share class,listing;ohlcv;adjustment;corporate_actions;calendar_timezone,"verify prior-public listing intervals and security representation; validate source clocks/calendars; reconcile split-only OHLC, total-return vintages, dividends/payment dates and merger/delisting ledger; recover seed/warm-up and missing sessions; disclose current-GICS approximation and assess sensitivity; USD identity FX only","[{""symbol"":""URI"",""file"":""backtests/staged/wf3_prices.json.gz"",""sha256"":""6ab928b5ab5a1226dfecbccd9b50e444766aba9c00f6ce4f372801cbaaab2793"",""observations"":964,""first"":""2022-11-28"",""last"":""2026-10-01""}]",False,False,False,False,True,False,True,True
isin:US91324P1021,UnitedHealth Group Inc,US91324P1021,91324P102,,US,PARTIALLY_READY,PARTIALLY_READY,2023-10;2023-11;2023-12;2024-01;2024-02;2024-03;2024-04;2024-05;2024-06;2024-07;2024-08;2024-09;2024-10;2024-11;2024-12;2025-01;2025-02;2025-03;2025-04;2025-05;2025-06;2025-07;2025-08;2025-09;2025-10;2025-11;2025-12;2026-01;2026-02;2026-03;2026-04;2026-05;2026-06;2026-07;2026-08;2026-09,2023-10,2026-09,2b660030dbf1b6abe7c2e7990788c9c1b52e515c700e92047558042804e51fb1,UNH,True,1,True,,False,XNYS,USD,False,False,False,,,0,,UNH,2022-11-28,2026-10-01,964,1442,479,0,479,0,2023-09-29,211,0,0,42,0,0,479,False,True,False,Health Care,True,https://raw.githubusercontent.com/datasets/s-and-p-500-companies/master/data/constituents.csv,8d6e47964c1e71640e16cf1efae8217fd52284b7f3c472beed899f059f66f1aa,XNYS,False,False,0,16,False,0,0,0,False,0,,UNVERIFIED; preserve source share class,listing;ohlcv;adjustment;corporate_actions;calendar_timezone,"verify prior-public listing intervals and security representation; validate source clocks/calendars; reconcile split-only OHLC, total-return vintages, dividends/payment dates and merger/delisting ledger; recover seed/warm-up and missing sessions; disclose current-GICS approximation and assess sensitivity; USD identity FX only","[{""symbol"":""UNH"",""file"":""backtests/staged/wf3_prices.json.gz"",""sha256"":""6ab928b5ab5a1226dfecbccd9b50e444766aba9c00f6ce4f372801cbaaab2793"",""observations"":964,""first"":""2022-11-28"",""last"":""2026-10-01""}]",False,False,False,False,True,False,True,True
isin:US91912E1055,Vale SA,US91912E1055,91912E105,,BR,PARTIALLY_READY,PARTIALLY_READY,2023-10;2023-11;2023-12;2024-01;2024-02;2024-03;2024-04;2024-05;2024-06;2024-07;2024-08;2024-09;2024-10;2024-11;2024-12;2025-01;2025-02;2025-03;2025-04;2025-05;2025-06;2025-07;2025-08;2025-09;2025-10;2025-11;2025-12;2026-01;2026-02;2026-03;2026-04;2026-05;2026-06;2026-07;2026-08;2026-09,2023-10,2026-09,2b660030dbf1b6abe7c2e7990788c9c1b52e515c700e92047558042804e51fb1,VALE,True,1,True,,False,XNYS,USD,False,False,False,,,0,,VALE.US,2025-10-09,2026-10-09,252,1442,1197,0,1197,507,2023-09-29,0,64,127,253,200,15,690,False,False,False,UNRESOLVED,False,,,XNYS,False,True,0,0,False,0,0,0,False,0,,UNVERIFIED; preserve source share class,listing;ohlcv;adjustment;corporate_actions;gics;calendar_timezone,"verify prior-public listing intervals and security representation; validate source clocks/calendars; reconcile split-only OHLC, total-return vintages, dividends/payment dates and merger/delisting ledger; recover seed/warm-up and missing sessions; source exact-ID current GICS and corrections; USD identity FX only","[{""symbol"":""VALE.US"",""file"":""research/eodhd_output/VALE_US.csv"",""sha256"":""3a21c31c4e77e20471709cefa00a8229e5d4a14bd31bb1c2f4a3ade12e91341a"",""observations"":252,""first"":""2025-10-09"",""last"":""2026-10-09""}]",False,False,False,False,False,False,True,True
isin:US91913Y1001,Valero Energy Corp,US91913Y1001,91913Y100,,US,PARTIALLY_READY,PARTIALLY_READY,2023-10;2023-11;2023-12;2024-01;2024-02;2024-03;2024-04;2024-05;2024-06;2024-07;2024-08;2024-09;2024-10;2024-11;2024-12;2025-01;2025-02;2025-03;2025-04;2025-05;2025-06;2025-07;2025-08;2025-09;2025-10;2025-11;2025-12;2026-01;2026-02;2026-03;2026-04;2026-05;2026-06;2026-07;2026-08;2026-09,2023-10,2026-09,2b660030dbf1b6abe7c2e7990788c9c1b52e515c700e92047558042804e51fb1,VLO,True,1,True,,False,XNYS,USD,False,False,False,,,0,,VLO,2022-11-28,2026-10-01,964,1442,479,0,479,0,2023-09-29,211,0,0,42,0,0,479,False,True,False,Energy,True,https://raw.githubusercontent.com/datasets/s-and-p-500-companies/master/data/constituents.csv,e1a1bbd4162f0270fd3849f23c55f0810b0d1e8b5889e54a0afa8d78bdb72f48,XNYS,False,False,0,15,False,0,0,0,False,0,,UNVERIFIED; preserve source share class,listing;ohlcv;adjustment;corporate_actions;calendar_timezone,"verify prior-public listing intervals and security representation; validate source clocks/calendars; reconcile split-only OHLC, total-return vintages, dividends/payment dates and merger/delisting ledger; recover seed/warm-up and missing sessions; disclose current-GICS approximation and assess sensitivity; USD identity FX only","[{""symbol"":""VLO"",""file"":""backtests/staged/wf3_prices.json.gz"",""sha256"":""6ab928b5ab5a1226dfecbccd9b50e444766aba9c00f6ce4f372801cbaaab2793"",""observations"":964,""first"":""2022-11-28"",""last"":""2026-10-01""}]",False,False,False,False,True,False,True,True
isin:US9224751084,Veeva Systems Inc,US9224751084,922475108,,US,PARTIALLY_READY,PARTIALLY_READY,2024-02;2024-03;2024-04;2024-05;2024-06;2024-07;2024-08;2024-09;2024-10;2024-11;2024-12;2025-01;2025-02;2025-03;2025-04;2025-05;2025-06;2025-07;2025-08;2025-09;2025-10;2025-11;2025-12;2026-01;2026-02;2026-03;2026-04;2026-05;2026-06;2026-07;2026-08;2026-09,2024-02,2026-09,2b660030dbf1b6abe7c2e7990788c9c1b52e515c700e92047558042804e51fb1,VEEV,True,1,True,,False,XNYS,USD,False,False,False,,,0,,VEEV,2022-11-28,2026-10-01,964,1442,479,0,479,0,2024-02-29,315,0,0,0,0,0,479,False,True,False,Health Care,True,https://raw.githubusercontent.com/datasets/s-and-p-500-companies/master/data/constituents.csv,b20bef17a833fea59f9ab00ff4c9ceb5c494ea38f6d15930bd55a912e32367e2,XNYS,False,False,0,0,False,0,0,0,False,0,,UNVERIFIED; preserve source share class,listing;ohlcv;adjustment;corporate_actions;calendar_timezone,"verify prior-public listing intervals and security representation; validate source clocks/calendars; reconcile split-only OHLC, total-return vintages, dividends/payment dates and merger/delisting ledger; recover seed/warm-up and missing sessions; disclose current-GICS approximation and assess sensitivity; USD identity FX only","[{""symbol"":""VEEV"",""file"":""backtests/staged/wf3_prices.json.gz"",""sha256"":""6ab928b5ab5a1226dfecbccd9b50e444766aba9c00f6ce4f372801cbaaab2793"",""observations"":964,""first"":""2022-11-28"",""last"":""2026-10-01""}]",False,False,False,False,True,False,True,True
isin:US92338C1036,Veralto Corp,US92338C1036,92338C103,,US,PARTIALLY_READY,PARTIALLY_READY,2024-02;2024-03;2024-04;2024-05;2024-06;2024-07;2024-08;2024-09;2024-10;2024-11;2024-12;2025-01;2025-02;2025-03;2025-04;2025-05;2025-06;2025-07;2025-08;2025-09;2025-10;2025-11;2025-12;2026-01;2026-02;2026-03;2026-04;2026-05;2026-06;2026-07;2026-08;2026-09,2024-02,2026-09,2b660030dbf1b6abe7c2e7990788c9c1b52e515c700e92047558042804e51fb1,VLTO,True,2,True,,False,XNYS,USD,False,False,False,,,0,,VLTO,2023-10-04,2026-10-01,751,1442,692,0,692,0,2024-02-29,102,0,25,151,98,0,692,False,True,False,Industrials,True,https://raw.githubusercontent.com/datasets/s-and-p-500-companies/master/data/constituents.csv,7d8cf9fc4d9b74e2f2cee8d77dd07bca83334f84d109326c8b10841d3f8c105d,XNYS,False,False,0,12,False,0,0,0,False,0,,UNVERIFIED; preserve source share class,listing;ohlcv;adjustment;corporate_actions;calendar_timezone,"verify prior-public listing intervals and security representation; validate source clocks/calendars; reconcile split-only OHLC, total-return vintages, dividends/payment dates and merger/delisting ledger; recover seed/warm-up and missing sessions; disclose current-GICS approximation and assess sensitivity; USD identity FX only","[{""symbol"":""VLTO"",""file"":""backtests/staged/wf3_prices.json.gz"",""sha256"":""6ab928b5ab5a1226dfecbccd9b50e444766aba9c00f6ce4f372801cbaaab2793"",""observations"":751,""first"":""2023-10-04"",""last"":""2026-10-01""}]",False,False,False,False,True,False,True,True
isin:US92343V1044,Verizon Communications Inc,US92343V1044,92343V104,,US,PARTIALLY_READY,PARTIALLY_READY,2023-10;2023-11;2023-12;2024-01;2024-02;2024-03;2024-04;2024-05;2024-06;2024-07;2024-08;2024-09;2024-10;2024-11;2024-12;2025-01;2025-02;2025-03;2025-04;2025-05;2025-06;2025-07;2025-08;2025-09;2025-10;2025-11;2025-12;2026-01;2026-02;2026-03;2026-04;2026-05;2026-06;2026-07;2026-08;2026-09,2023-10,2026-09,2b660030dbf1b6abe7c2e7990788c9c1b52e515c700e92047558042804e51fb1,VZ,True,1,True,,False,XNYS,USD,False,False,False,,,0,,VZ,2022-11-28,2026-10-01,964,1442,479,0,479,0,2023-09-29,211,0,0,42,0,0,479,False,True,False,Communication Services,True,https://raw.githubusercontent.com/datasets/s-and-p-500-companies/master/data/constituents.csv,f2e1397cf6e85b42417014d9ea4a42873401aa1c9f1a0d0468334ce4b370a0be,XNYS,False,False,0,15,False,0,0,0,False,0,,UNVERIFIED; preserve source share class,listing;ohlcv;adjustment;corporate_actions;calendar_timezone,"verify prior-public listing intervals and security representation; validate source clocks/calendars; reconcile split-only OHLC, total-return vintages, dividends/payment dates and merger/delisting ledger; recover seed/warm-up and missing sessions; disclose current-GICS approximation and assess sensitivity; USD identity FX only","[{""symbol"":""VZ"",""file"":""backtests/staged/wf3_prices.json.gz"",""sha256"":""6ab928b5ab5a1226dfecbccd9b50e444766aba9c00f6ce4f372801cbaaab2793"",""observations"":964,""first"":""2022-11-28"",""last"":""2026-10-01""}]",False,False,False,False,True,False,True,True
isin:US92532F1003,Vertex Pharmaceuticals Inc,US92532F1003,92532F100,,US,PARTIALLY_READY,PARTIALLY_READY,2023-10;2023-11;2023-12;2024-01;2024-02;2024-03;2024-04;2024-05;2024-06;2024-07;2024-08;2024-09;2024-10;2024-11;2024-12;2025-01;2025-02;2025-03;2025-04;2025-05;2025-06;2025-07;2025-08;2025-09;2025-10;2025-11;2025-12;2026-01;2026-02;2026-03;2026-04;2026-05;2026-06;2026-07;2026-08;2026-09,2023-10,2026-09,2b660030dbf1b6abe7c2e7990788c9c1b52e515c700e92047558042804e51fb1,VRTX,True,1,True,,False,XNAS,USD,False,False,False,,,0,,VRTX,2022-11-28,2026-10-01,964,1442,479,0,479,0,2023-09-29,211,0,0,42,0,0,479,False,True,False,Health Care,True,https://raw.githubusercontent.com/datasets/s-and-p-500-companies/master/data/constituents.csv,0095a7bcac950f461d7a606c50b9bbaed75b5cc5d89da78a75edf449efd5c29b,XNYS,False,False,0,0,False,0,0,0,False,0,,UNVERIFIED; preserve source share class,listing;ohlcv;adjustment;corporate_actions;calendar_timezone,"verify prior-public listing intervals and security representation; validate source clocks/calendars; reconcile split-only OHLC, total-return vintages, dividends/payment dates and merger/delisting ledger; recover seed/warm-up and missing sessions; disclose current-GICS approximation and assess sensitivity; USD identity FX only","[{""symbol"":""VRTX"",""file"":""backtests/staged/wf3_prices.json.gz"",""sha256"":""6ab928b5ab5a1226dfecbccd9b50e444766aba9c00f6ce4f372801cbaaab2793"",""observations"":964,""first"":""2022-11-28"",""last"":""2026-10-01""}]",False,False,False,False,True,False,True,True
isin:US92537N1081,Vertiv Holdings Co,US92537N1081,92537N108,,US,PARTIALLY_READY,PARTIALLY_READY,2023-10;2023-11;2023-12;2024-01;2024-02;2024-03;2024-04;2024-05;2024-06;2024-07;2024-08;2024-09;2024-10;2024-11;2024-12;2025-01;2025-02;2025-03;2025-04;2025-05;2025-06;2025-07;2025-08;2025-09;2025-10;2025-11;2025-12;2026-01;2026-02;2026-03;2026-04;2026-05;2026-06;2026-07;2026-08;2026-09,2023-10,2026-09,2b660030dbf1b6abe7c2e7990788c9c1b52e515c700e92047558042804e51fb1,VRT,True,1,True,,False,XNYS,USD,False,False,False,,,0,,VRT,2022-11-28,2026-10-01,964,1442,479,0,479,0,2023-09-29,211,0,0,42,0,0,479,False,True,False,Industrials,True,https://raw.githubusercontent.com/datasets/s-and-p-500-companies/master/data/constituents.csv,ab31ba9d4015f1f7c97c3a5811a68581d1f86b99cb9e731760f2297f294b3632,XNYS,False,False,0,13,False,0,0,0,False,0,,UNVERIFIED; preserve source share class,listing;ohlcv;adjustment;corporate_actions;calendar_timezone,"verify prior-public listing intervals and security representation; validate source clocks/calendars; reconcile split-only OHLC, total-return vintages, dividends/payment dates and merger/delisting ledger; recover seed/warm-up and missing sessions; disclose current-GICS approximation and assess sensitivity; USD identity FX only","[{""symbol"":""VRT"",""file"":""backtests/staged/wf3_prices.json.gz"",""sha256"":""6ab928b5ab5a1226dfecbccd9b50e444766aba9c00f6ce4f372801cbaaab2793"",""observations"":964,""first"":""2022-11-28"",""last"":""2026-10-01""}]",False,False,False,False,True,False,True,True
isin:US92556V1061,Viatris Inc,US92556V1061,92556V106,,US,PARTIALLY_READY,PARTIALLY_READY,2023-10;2023-11;2023-12;2024-01;2024-02;2024-03;2024-04;2024-05;2024-06;2024-07;2024-08;2024-09;2024-10;2024-11;2024-12;2025-01;2025-02;2025-03;2025-04;2025-05;2025-06;2025-07;2025-08;2025-09;2025-10;2025-11;2025-12;2026-01;2026-02;2026-03;2026-04;2026-05;2026-06;2026-07;2026-08;2026-09,2023-10,2026-09,2b660030dbf1b6abe7c2e7990788c9c1b52e515c700e92047558042804e51fb1,VTRS,True,1,True,,False,XNAS,USD,False,False,False,,,0,,VTRS,2022-11-28,2026-10-01,964,1442,479,0,479,0,2023-09-29,211,0,0,42,0,0,479,False,True,False,Health Care,True,https://raw.githubusercontent.com/datasets/s-and-p-500-companies/master/data/constituents.csv,1f052c9e3419c215ee411993ac09cbf6e543996a358322c627ef32b3d01643ac,XNYS,False,False,0,15,False,0,0,0,False,0,,UNVERIFIED; preserve source share class,listing;ohlcv;adjustment;corporate_actions;calendar_timezone,"verify prior-public listing intervals and security representation; validate source clocks/calendars; reconcile split-only OHLC, total-return vintages, dividends/payment dates and merger/delisting ledger; recover seed/warm-up and missing sessions; disclose current-GICS approximation and assess sensitivity; USD identity FX only","[{""symbol"":""VTRS"",""file"":""backtests/staged/wf3_prices.json.gz"",""sha256"":""6ab928b5ab5a1226dfecbccd9b50e444766aba9c00f6ce4f372801cbaaab2793"",""observations"":964,""first"":""2022-11-28"",""last"":""2026-10-01""}]",False,False,False,False,True,False,True,True
isin:US92826C8394,Visa Inc,US92826C8394,92826C839,,US,PARTIALLY_READY,PARTIALLY_READY,2023-10;2023-11;2023-12;2024-01;2024-02;2024-03;2024-04;2024-05;2024-06;2024-07;2024-08;2024-09;2024-10;2024-11;2024-12;2025-01;2025-02;2025-03;2025-04;2025-05;2025-06;2025-07;2025-08;2025-09;2025-10;2025-11;2025-12;2026-01;2026-02;2026-03;2026-04;2026-05;2026-06;2026-07;2026-08;2026-09,2023-10,2026-09,2b660030dbf1b6abe7c2e7990788c9c1b52e515c700e92047558042804e51fb1,V,True,1,True,,False,XNYS,USD,False,False,False,,,0,,V,2022-11-28,2026-10-01,964,1442,479,0,479,0,2023-09-29,211,0,0,42,0,0,479,False,True,False,Financials,True,https://raw.githubusercontent.com/datasets/s-and-p-500-companies/master/data/constituents.csv,61856bbfb9edc1d9a2faa25e5911d86d967f2574fe47b5fe64e2573ca776dd1e,XNYS,False,False,0,15,False,0,0,0,False,0,,UNVERIFIED; preserve source share class,listing;ohlcv;adjustment;corporate_actions;calendar_timezone,"verify prior-public listing intervals and security representation; validate source clocks/calendars; reconcile split-only OHLC, total-return vintages, dividends/payment dates and merger/delisting ledger; recover seed/warm-up and missing sessions; disclose current-GICS approximation and assess sensitivity; USD identity FX only","[{""symbol"":""V"",""file"":""backtests/staged/wf3_prices.json.gz"",""sha256"":""6ab928b5ab5a1226dfecbccd9b50e444766aba9c00f6ce4f372801cbaaab2793"",""observations"":964,""first"":""2022-11-28"",""last"":""2026-10-01""}]",False,False,False,False,True,False,True,True
isin:US92840M1027,Vistra Corp,US92840M1027,92840M102,,US,PARTIALLY_READY,PARTIALLY_READY,2025-02;2025-03;2025-04;2025-05;2025-06;2025-07;2025-08;2025-09;2025-10;2025-11;2025-12;2026-01;2026-02;2026-03;2026-04;2026-05;2026-06;2026-07;2026-08;2026-09,2025-02,2026-09,2b660030dbf1b6abe7c2e7990788c9c1b52e515c700e92047558042804e51fb1,VST,True,1,True,,False,XNYS,USD,False,False,False,,,0,,VST,2022-11-28,2026-10-01,964,1442,479,0,479,0,2025-02-28,565,0,0,0,0,0,479,False,True,False,Utilities,True,https://raw.githubusercontent.com/datasets/s-and-p-500-companies/master/data/constituents.csv,bc923ce2fe81c38026a3da26d2ed989d2a12eed743773a3dcd8e90e25f4a6d49,XNYS,False,False,0,16,False,0,0,0,False,0,,UNVERIFIED; preserve source share class,listing;ohlcv;adjustment;corporate_actions;calendar_timezone,"verify prior-public listing intervals and security representation; validate source clocks/calendars; reconcile split-only OHLC, total-return vintages, dividends/payment dates and merger/delisting ledger; recover seed/warm-up and missing sessions; disclose current-GICS approximation and assess sensitivity; USD identity FX only","[{""symbol"":""VST"",""file"":""backtests/staged/wf3_prices.json.gz"",""sha256"":""6ab928b5ab5a1226dfecbccd9b50e444766aba9c00f6ce4f372801cbaaab2793"",""observations"":964,""first"":""2022-11-28"",""last"":""2026-10-01""}]",False,False,False,False,True,False,True,True
isin:US9311421039,Walmart Inc,US9311421039,931142103,,US,PARTIALLY_READY,PARTIALLY_READY,2023-10;2023-11;2023-12;2024-01;2024-02;2024-03;2024-04;2024-05;2024-06;2024-07;2024-08;2024-09;2024-10;2024-11;2024-12;2025-01;2025-02;2025-03;2025-04;2025-05;2025-06;2025-07;2025-08;2025-09;2025-10;2025-11;2025-12;2026-01;2026-02;2026-03;2026-04;2026-05;2026-06;2026-07;2026-08;2026-09,2023-10,2026-09,2b660030dbf1b6abe7c2e7990788c9c1b52e515c700e92047558042804e51fb1,WMT,True,1,True,,False,XNAS,USD,False,False,False,,,0,,WMT,2022-11-28,2026-10-01,964,1442,479,0,479,0,2023-09-29,211,0,0,42,0,0,479,False,True,False,Consumer Staples,True,https://raw.githubusercontent.com/datasets/s-and-p-500-companies/master/data/constituents.csv,99a7d08eec115934dab307eeeacabd74da3831a212ac3b067239860317e40e3b,XNYS,False,False,1,16,False,0,0,0,False,0,,UNVERIFIED; preserve source share class,listing;ohlcv;adjustment;corporate_actions;calendar_timezone,"verify prior-public listing intervals and security representation; validate source clocks/calendars; reconcile split-only OHLC, total-return vintages, dividends/payment dates and merger/delisting ledger; recover seed/warm-up and missing sessions; disclose current-GICS approximation and assess sensitivity; USD identity FX only","[{""symbol"":""WMT"",""file"":""backtests/staged/wf3_prices.json.gz"",""sha256"":""6ab928b5ab5a1226dfecbccd9b50e444766aba9c00f6ce4f372801cbaaab2793"",""observations"":964,""first"":""2022-11-28"",""last"":""2026-10-01""}]",False,False,False,False,True,False,True,True
isin:US9344231041,Warner Bros Discovery Inc,US9344231041,934423104,,US,PARTIALLY_READY,PARTIALLY_READY,2023-10;2023-11;2023-12;2024-01;2024-02;2024-03;2024-04;2024-05;2024-06;2024-07;2024-08;2024-09;2024-10;2024-11;2024-12;2025-01;2025-02;2025-03;2025-04;2025-05;2025-06;2025-07;2025-08;2025-09;2025-10;2025-11;2025-12;2026-01;2026-02;2026-03;2026-04;2026-05;2026-06;2026-07;2026-08;2026-09,2023-10,2026-09,2b660030dbf1b6abe7c2e7990788c9c1b52e515c700e92047558042804e51fb1,WBD,True,1,True,,False,XNAS,USD,False,False,False,,,0,,WBD,2022-11-28,2026-10-01,964,1442,479,0,479,0,2023-09-29,211,0,0,42,0,0,479,False,False,False,UNRESOLVED,False,,,XNYS,False,False,0,0,False,0,0,0,False,0,,UNVERIFIED; preserve source share class,listing;ohlcv;adjustment;corporate_actions;gics;calendar_timezone,"verify prior-public listing intervals and security representation; validate source clocks/calendars; reconcile split-only OHLC, total-return vintages, dividends/payment dates and merger/delisting ledger; recover seed/warm-up and missing sessions; source exact-ID current GICS and corrections; USD identity FX only","[{""symbol"":""WBD"",""file"":""backtests/staged/wf3_prices.json.gz"",""sha256"":""6ab928b5ab5a1226dfecbccd9b50e444766aba9c00f6ce4f372801cbaaab2793"",""observations"":964,""first"":""2022-11-28"",""last"":""2026-10-01""}]",False,False,False,False,False,False,True,True
isin:US94106L1098,Waste Management Inc,US94106L1098,94106L109,,US,PARTIALLY_READY,PARTIALLY_READY,2023-10;2023-11;2023-12;2024-01;2024-02;2024-03;2024-04;2024-05;2024-06;2024-07;2024-08;2024-09;2024-10;2024-11;2024-12;2025-01;2025-02;2025-03;2025-04;2025-05;2025-06;2025-07;2025-08;2025-09;2025-10;2025-11;2025-12;2026-01;2026-02;2026-03;2026-04;2026-05;2026-06;2026-07;2026-08;2026-09,2023-10,2026-09,2b660030dbf1b6abe7c2e7990788c9c1b52e515c700e92047558042804e51fb1,WM,True,1,True,,False,XNYS,USD,False,False,False,,,0,,WM,2022-11-28,2026-10-01,964,1442,479,0,479,0,2023-09-29,211,0,0,42,0,0,479,False,True,False,Industrials,True,https://raw.githubusercontent.com/datasets/s-and-p-500-companies/master/data/constituents.csv,240921903806773a6883997a45c9bf293076b2775a886747fdc405b6620dcf99,XNYS,False,False,0,16,False,0,0,0,False,0,,UNVERIFIED; preserve source share class,listing;ohlcv;adjustment;corporate_actions;calendar_timezone,"verify prior-public listing intervals and security representation; validate source clocks/calendars; reconcile split-only OHLC, total-return vintages, dividends/payment dates and merger/delisting ledger; recover seed/warm-up and missing sessions; disclose current-GICS approximation and assess sensitivity; USD identity FX only","[{""symbol"":""WM"",""file"":""backtests/staged/wf3_prices.json.gz"",""sha256"":""6ab928b5ab5a1226dfecbccd9b50e444766aba9c00f6ce4f372801cbaaab2793"",""observations"":964,""first"":""2022-11-28"",""last"":""2026-10-01""}]",False,False,False,False,True,False,True,True
isin:US9418481035,Waters Corp,US9418481035,941848103,,US,PARTIALLY_READY,PARTIALLY_READY,2026-05;2026-06;2026-07;2026-08;2026-09,2026-05,2026-09,2b660030dbf1b6abe7c2e7990788c9c1b52e515c700e92047558042804e51fb1,WAT,True,1,True,,False,XNYS,USD,False,False,False,,,0,,WAT,2022-11-28,2026-10-01,964,1442,479,0,479,0,2026-05-29,878,0,0,0,0,0,479,False,True,False,Health Care,True,https://raw.githubusercontent.com/datasets/s-and-p-500-companies/master/data/constituents.csv,3a4fe633a69b062ee7b000026b15799d25dbf451f25228ca20832db6f50a32ef,XNYS,False,False,0,0,False,0,0,0,False,0,,UNVERIFIED; preserve source share class,listing;ohlcv;adjustment;corporate_actions;calendar_timezone,"verify prior-public listing intervals and security representation; validate source clocks/calendars; reconcile split-only OHLC, total-return vintages, dividends/payment dates and merger/delisting ledger; recover seed/warm-up and missing sessions; disclose current-GICS approximation and assess sensitivity; USD identity FX only","[{""symbol"":""WAT"",""file"":""backtests/staged/wf3_prices.json.gz"",""sha256"":""6ab928b5ab5a1226dfecbccd9b50e444766aba9c00f6ce4f372801cbaaab2793"",""observations"":964,""first"":""2022-11-28"",""last"":""2026-10-01""}]",False,False,False,False,True,False,True,True
isin:US9497461015,Wells Fargo & Co,US9497461015,949746101,,US,PARTIALLY_READY,PARTIALLY_READY,2023-10;2023-11;2023-12;2024-01;2024-02;2024-03;2024-04;2024-05;2024-06;2024-07;2024-08;2024-09;2024-10;2024-11;2024-12;2025-01;2025-02;2025-03;2025-04;2025-05;2025-06;2025-07;2025-08;2025-09;2025-10;2025-11;2025-12;2026-01;2026-02;2026-03;2026-04;2026-05;2026-06;2026-07;2026-08;2026-09,2023-10,2026-09,2b660030dbf1b6abe7c2e7990788c9c1b52e515c700e92047558042804e51fb1,WFC,True,1,True,,False,XNYS,USD,False,False,False,,,0,,WFC,2022-11-28,2026-10-01,964,1442,479,0,479,0,2023-09-29,211,0,0,42,0,0,479,False,True,False,Financials,True,https://raw.githubusercontent.com/datasets/s-and-p-500-companies/master/data/constituents.csv,8a11ac887ed5854216fb74c28a024725cb99f59d94c549483e444046b5ccdb83,XNYS,False,False,0,15,False,0,0,0,False,0,,UNVERIFIED; preserve source share class,listing;ohlcv;adjustment;corporate_actions;calendar_timezone,"verify prior-public listing intervals and security representation; validate source clocks/calendars; reconcile split-only OHLC, total-return vintages, dividends/payment dates and merger/delisting ledger; recover seed/warm-up and missing sessions; disclose current-GICS approximation and assess sensitivity; USD identity FX only","[{""symbol"":""WFC"",""file"":""backtests/staged/wf3_prices.json.gz"",""sha256"":""6ab928b5ab5a1226dfecbccd9b50e444766aba9c00f6ce4f372801cbaaab2793"",""observations"":964,""first"":""2022-11-28"",""last"":""2026-10-01""}]",False,False,False,False,True,False,True,True
isin:US95040Q1040,Welltower Inc,US95040Q1040,95040Q104,,US,PARTIALLY_READY,PARTIALLY_READY,2025-05;2025-06;2025-07;2025-08;2025-09;2025-10;2025-11;2025-12;2026-01;2026-02;2026-03;2026-04;2026-05;2026-06;2026-07;2026-08;2026-09,2025-05,2026-09,2b660030dbf1b6abe7c2e7990788c9c1b52e515c700e92047558042804e51fb1,WELL,True,2,True,,False,XNYS,USD,False,False,False,,,0,,WELL,2022-11-28,2026-10-01,964,1442,479,0,479,0,2025-05-30,628,0,0,0,0,0,479,False,True,False,Real Estate,True,https://raw.githubusercontent.com/datasets/s-and-p-500-companies/master/data/constituents.csv,26e4c632fd186d2b5907e19c5404f87b010f0b621887a8b1a23b8038de97c491,XNYS,False,False,0,15,False,0,0,0,False,0,,UNVERIFIED; preserve source share class,listing;ohlcv;adjustment;corporate_actions;calendar_timezone,"verify prior-public listing intervals and security representation; validate source clocks/calendars; reconcile split-only OHLC, total-return vintages, dividends/payment dates and merger/delisting ledger; recover seed/warm-up and missing sessions; disclose current-GICS approximation and assess sensitivity; USD identity FX only","[{""symbol"":""WELL"",""file"":""backtests/staged/wf3_prices.json.gz"",""sha256"":""6ab928b5ab5a1226dfecbccd9b50e444766aba9c00f6ce4f372801cbaaab2793"",""observations"":964,""first"":""2022-11-28"",""last"":""2026-10-01""}]",False,False,False,False,True,False,True,True
isin:US9581021055,Western Digital Corp,US9581021055,958102105,,US,PARTIALLY_READY,PARTIALLY_READY,2023-10;2023-11;2023-12;2024-01;2024-02;2024-03;2024-04;2024-05;2024-06;2024-07;2024-08;2024-09;2024-10;2024-11;2024-12;2025-01;2025-02;2025-03;2025-04;2025-05;2025-06;2025-07;2025-08;2025-09;2025-10;2025-11;2025-12;2026-01;2026-02;2026-03;2026-04;2026-05;2026-06;2026-07;2026-08;2026-09,2023-10,2026-09,2b660030dbf1b6abe7c2e7990788c9c1b52e515c700e92047558042804e51fb1,WDC,True,1,True,,False,XNAS,USD,False,False,False,,,0,,WDC,2022-11-28,2026-10-01,964,1442,479,0,479,0,2023-09-29,211,0,0,42,0,0,479,False,True,False,Information Technology,True,https://raw.githubusercontent.com/datasets/s-and-p-500-companies/master/data/constituents.csv,70b1c7c54489e54a2466be1ba47488cfa6b1c9954746c521dd23b4867c2d6f38,XNYS,False,False,1,6,False,0,0,0,False,0,,UNVERIFIED; preserve source share class,listing;ohlcv;adjustment;corporate_actions;calendar_timezone,"verify prior-public listing intervals and security representation; validate source clocks/calendars; reconcile split-only OHLC, total-return vintages, dividends/payment dates and merger/delisting ledger; recover seed/warm-up and missing sessions; disclose current-GICS approximation and assess sensitivity; USD identity FX only","[{""symbol"":""WDC"",""file"":""backtests/staged/wf3_prices.json.gz"",""sha256"":""6ab928b5ab5a1226dfecbccd9b50e444766aba9c00f6ce4f372801cbaaab2793"",""observations"":964,""first"":""2022-11-28"",""last"":""2026-10-01""}]",False,False,False,False,True,False,True,True
isin:US9694571004,Williams Cos Inc/The,US9694571004,969457100,,US,PARTIALLY_READY,PARTIALLY_READY,2023-10;2023-11;2023-12;2024-01;2024-02;2024-03;2024-04;2024-05;2024-06;2024-07;2024-08;2024-09;2024-10;2024-11;2024-12;2025-01;2025-02;2025-03;2025-04;2025-05;2025-06;2025-07;2025-08;2025-09;2025-10;2025-11;2025-12;2026-01;2026-02;2026-03;2026-04;2026-05;2026-06;2026-07;2026-08;2026-09,2023-10,2026-09,2b660030dbf1b6abe7c2e7990788c9c1b52e515c700e92047558042804e51fb1,WMB,True,1,True,,False,XNYS,USD,False,False,False,,,0,,WMB,2022-11-28,2026-10-01,964,1442,479,0,479,0,2023-09-29,211,0,0,42,0,0,479,False,True,False,Energy,True,https://raw.githubusercontent.com/datasets/s-and-p-500-companies/master/data/constituents.csv,56cb9ce20cf194b73b634cb66f822923f51e28896c2c63c6b75ce2abddcbc2ed,XNYS,False,False,0,16,False,0,0,0,False,0,,UNVERIFIED; preserve source share class,listing;ohlcv;adjustment;corporate_actions;calendar_timezone,"verify prior-public listing intervals and security representation; validate source clocks/calendars; reconcile split-only OHLC, total-return vintages, dividends/payment dates and merger/delisting ledger; recover seed/warm-up and missing sessions; disclose current-GICS approximation and assess sensitivity; USD identity FX only","[{""symbol"":""WMB"",""file"":""backtests/staged/wf3_prices.json.gz"",""sha256"":""6ab928b5ab5a1226dfecbccd9b50e444766aba9c00f6ce4f372801cbaaab2793"",""observations"":964,""first"":""2022-11-28"",""last"":""2026-10-01""}]",False,False,False,False,True,False,True,True
isin:US98138H1014,Workday Inc,US98138H1014,98138H101,,US,PARTIALLY_READY,PARTIALLY_READY,2023-10;2023-11;2023-12;2024-01;2024-02;2024-03;2024-04;2024-05;2024-06;2024-07;2024-08;2024-09;2024-10;2024-11;2024-12;2025-01;2025-02;2025-03;2025-04;2025-05;2025-06;2025-07;2025-08;2025-09;2025-10;2025-11;2025-12;2026-01;2026-02;2026-03;2026-04;2026-05;2026-06;2026-07;2026-08;2026-09,2023-10,2026-09,2b660030dbf1b6abe7c2e7990788c9c1b52e515c700e92047558042804e51fb1,WDAY,True,1,True,,False,XNAS,USD,False,False,False,,,0,,WDAY,2022-11-28,2026-10-01,964,1442,479,0,479,0,2023-09-29,211,0,0,42,0,0,479,False,True,False,Information Technology,True,https://raw.githubusercontent.com/datasets/s-and-p-500-companies/master/data/constituents.csv,cdf17efff3cb2d4861bccce0b8eeb93c7479117c0f51be832b834a2da70ecf58,XNYS,False,False,0,0,False,0,0,0,False,0,,UNVERIFIED; preserve source share class,listing;ohlcv;adjustment;corporate_actions;calendar_timezone,"verify prior-public listing intervals and security representation; validate source clocks/calendars; reconcile split-only OHLC, total-return vintages, dividends/payment dates and merger/delisting ledger; recover seed/warm-up and missing sessions; disclose current-GICS approximation and assess sensitivity; USD identity FX only","[{""symbol"":""WDAY"",""file"":""backtests/staged/wf3_prices.json.gz"",""sha256"":""6ab928b5ab5a1226dfecbccd9b50e444766aba9c00f6ce4f372801cbaaab2793"",""observations"":964,""first"":""2022-11-28"",""last"":""2026-10-01""}]",False,False,False,False,True,False,True,True
isin:US9884981013,Yum! Brands Inc,US9884981013,988498101,,US,PARTIALLY_READY,PARTIALLY_READY,2023-10;2023-11;2023-12;2024-01;2024-02;2024-03;2024-04;2024-05;2024-06;2024-07;2024-08;2024-09;2024-10;2024-11;2024-12;2025-01;2025-02;2025-03;2025-04;2025-05;2025-06;2025-07;2025-08;2025-09;2025-10;2025-11;2025-12;2026-01;2026-02;2026-03;2026-04;2026-05;2026-06;2026-07;2026-08;2026-09,2023-10,2026-09,2b660030dbf1b6abe7c2e7990788c9c1b52e515c700e92047558042804e51fb1,YUM,True,1,True,,False,XNYS,USD,False,False,False,,,0,,YUM,2022-11-28,2026-10-01,964,1442,479,0,479,0,2023-09-29,211,0,0,42,0,0,479,False,True,False,Consumer Discretionary,True,https://raw.githubusercontent.com/datasets/s-and-p-500-companies/master/data/constituents.csv,71a48b9c6d0d80496a003dccf791e6033eb690c23bbb855120703dbce32920d6,XNYS,False,False,0,15,False,0,0,0,False,0,,UNVERIFIED; preserve source share class,listing;ohlcv;adjustment;corporate_actions;calendar_timezone,"verify prior-public listing intervals and security representation; validate source clocks/calendars; reconcile split-only OHLC, total-return vintages, dividends/payment dates and merger/delisting ledger; recover seed/warm-up and missing sessions; disclose current-GICS approximation and assess sensitivity; USD identity FX only","[{""symbol"":""YUM"",""file"":""backtests/staged/wf3_prices.json.gz"",""sha256"":""6ab928b5ab5a1226dfecbccd9b50e444766aba9c00f6ce4f372801cbaaab2793"",""observations"":964,""first"":""2022-11-28"",""last"":""2026-10-01""}]",False,False,False,False,True,False,True,True
isin:US98978V1035,Zoetis Inc,US98978V1035,98978V103,,US,PARTIALLY_READY,PARTIALLY_READY,2023-10;2023-11;2023-12;2024-01;2024-02;2024-03;2024-04;2024-05;2024-06;2024-07;2024-08;2024-09;2024-10;2024-11;2024-12;2025-01;2025-02;2025-03;2025-04;2025-05;2025-06;2025-07;2025-08;2025-09;2025-10;2025-11;2025-12;2026-01;2026-02;2026-03;2026-04;2026-05;2026-06;2026-07;2026-08;2026-09,2023-10,2026-09,2b660030dbf1b6abe7c2e7990788c9c1b52e515c700e92047558042804e51fb1,ZTS,True,1,True,,False,XNYS,USD,False,False,False,,,0,,ZTS,2022-11-28,2026-10-01,964,1442,479,0,479,0,2023-09-29,211,0,0,42,0,0,479,False,True,False,Health Care,True,https://raw.githubusercontent.com/datasets/s-and-p-500-companies/master/data/constituents.csv,16979a52e1768c7896ed063e7ce50ea7198ed8cdc3f907013d16c1a84ffc3597,XNYS,False,False,0,15,False,0,0,0,False,0,,UNVERIFIED; preserve source share class,listing;ohlcv;adjustment;corporate_actions;calendar_timezone,"verify prior-public listing intervals and security representation; validate source clocks/calendars; reconcile split-only OHLC, total-return vintages, dividends/payment dates and merger/delisting ledger; recover seed/warm-up and missing sessions; disclose current-GICS approximation and assess sensitivity; USD identity FX only","[{""symbol"":""ZTS"",""file"":""backtests/staged/wf3_prices.json.gz"",""sha256"":""6ab928b5ab5a1226dfecbccd9b50e444766aba9c00f6ce4f372801cbaaab2793"",""observations"":964,""first"":""2022-11-28"",""last"":""2026-10-01""}]",False,False,False,False,True,False,True,True
